{"type":"FeatureCollection","features":[{"type":"Feature","id":0,"geometry":{"type":"Polygon","coordinates":[[[-4.4134914747402894,40.371947617400302],[-4.4135504723363361,40.374770592196988],[-4.4136108280221604,40.377658135681166],[-4.4136680054855333,40.380393239686427],[-4.4136797309444713,40.380954084656338],[-4.4137058301431296,40.38220238876773],[-4.4138087287994034,40.387123187241123],[-4.4138478695035657,40.388994646407966],[-4.4138587010936545,40.389512512947519],[-4.4138680721025283,40.389960537112181],[-4.4138795368020354,40.390508646057683],[-4.4138960164235348,40.391296483942043],[-4.4140564982576018,40.398966974766623],[-4.4142450094528733,40.407973397618562],[-4.4142683633695476,40.409088884314066],[-4.4142865803065341,40.409958962626575],[-4.4143345699719063,40.409950565642085],[-4.415353346526298,40.40971025389954],[-4.4157376787803218,40.409497523865575],[-4.4160808564072704,40.409176321815991],[-4.4163561401539058,40.408707351760818],[-4.4165923343088318,40.408228958551916],[-4.416891452570245,40.407660631619756],[-4.4170639040453485,40.407232546785153],[-4.4172634461241618,40.4068985283511],[-4.4173142948563484,40.406813413956314],[-4.4176190019323407,40.406512499028615],[-4.4182363059013783,40.406286993123523],[-4.4190148792894268,40.406336877653523],[-4.4203680870514521,40.406597643447142],[-4.4207954153184961,40.40658248363615],[-4.4211053126875086,40.406529149111584],[-4.4214121161939248,40.406393766144404],[-4.4215311010741871,40.40634126150772],[-4.4219126587788411,40.406098201045012],[-4.4220957282291291,40.40583153154585],[-4.4221389853029098,40.405768519439214],[-4.4221770746775739,40.405617614246431],[-4.4222167399786336,40.405460462822816],[-4.422295946200772,40.405305014937156],[-4.4223411843745524,40.405216228751023],[-4.4223626267774945,40.405129661386361],[-4.422467195143617,40.404707476498999],[-4.4225231271592698,40.404239958098046],[-4.4226876536537514,40.404022469181797],[-4.4228142283404965,40.403942040079315],[-4.423114112119694,40.403751481869719],[-4.4235311825407662,40.403480620299959],[-4.4236857126995393,40.403234521529207],[-4.4236779977051039,40.402868332654926],[-4.4235612098318953,40.402675857132301],[-4.4233518563264909,40.402501539564277],[-4.4232552186040452,40.402421073342595],[-4.423031490296002,40.402057532710849],[-4.4230059008248057,40.401734658763409],[-4.4231166479781994,40.401639928199515],[-4.4234071976202625,40.401607621482867],[-4.4237766593546173,40.401753900527616],[-4.4239595844355328,40.401967613719087],[-4.4240078230798767,40.402023970901404],[-4.4242258037505566,40.402114653920862],[-4.4243274261945222,40.402125328590017],[-4.4245930120336965,40.4021532245537],[-4.4251188178740426,40.402139568578676],[-4.4254360384665929,40.402035112231992],[-4.4256767525034197,40.401866951921484],[-4.4256784631329715,40.401729660394302],[-4.4256802439597474,40.401586815921554],[-4.4256796317396034,40.4011128051011],[-4.4257793217788572,40.4009392054381],[-4.4258751097962161,40.400793138533103],[-4.4258885342456322,40.400772665490976],[-4.4259026237032391,40.40054984826984],[-4.4259951844487091,40.400484068992078],[-4.4266620090265967,40.400475845599424],[-4.4270847935129858,40.400637897873146],[-4.4270976819772923,40.400642837713825],[-4.4279164459765177,40.400711743315753],[-4.4283004606799601,40.40065672730298],[-4.4287673305260453,40.400521683161074],[-4.4291969314345607,40.400401454180027],[-4.4295603351308399,40.400260508636457],[-4.4296523420934877,40.400144683525525],[-4.4297158997120754,40.400064672114148],[-4.4298273998364417,40.399276311704725],[-4.4298793430375367,40.398909030368323],[-4.4299835487340484,40.398728193980325],[-4.4301529018195644,40.398669245046555],[-4.4301653955732361,40.398664896028691],[-4.4301786633170739,40.398648902665336],[-4.430270737498792,40.398537906694386],[-4.4303664656508506,40.398400258169161],[-4.4305011310342293,40.398326778000765],[-4.4309049776354952,40.398321780286608],[-4.4313466848080258,40.398330678636064],[-4.4315200992041346,40.398287167025082],[-4.4316176716759932,40.398262685666637],[-4.4319077457885934,40.398208820969707],[-4.4321894993632309,40.398205331813216],[-4.432451108336493,40.398222748577496],[-4.4324623111848585,40.398223494426006],[-4.4325504901077881,40.398161184823486],[-4.4326212734343002,40.398111166914831],[-4.4326381684942744,40.398099228192407],[-4.4326489884141669,40.398077188495662],[-4.4327552365995926,40.397860768677631],[-4.4329634858924765,40.39749190549292],[-4.4331159887188099,40.397152450088647],[-4.4332509231867459,40.396870684343085],[-4.433176507991428,40.396462226895338],[-4.4331687285802932,40.396228520736372],[-4.433262205665109,40.396073328888988],[-4.4335416633516127,40.395962141279448],[-4.4338380653497369,40.395764553650928],[-4.4339081726571266,40.395526674424531],[-4.4340664563897816,40.39546007262777],[-4.4343662200260656,40.395420437919043],[-4.4345947471799558,40.395123144929613],[-4.4348925285168415,40.394990174209418],[-4.4350032325797404,40.394895432815865],[-4.4353173536365817,40.39464734735764],[-4.4355992467183496,40.394651025478531],[-4.4359277834327004,40.394639769088897],[-4.4363739821627695,40.394418760986561],[-4.4369151489897334,40.394246853987433],[-4.4370339518990063,40.394184143229182],[-4.4370823522408864,40.39415859464426],[-4.4371112416450327,40.394127164437137],[-4.4372292611074018,40.393998763464772],[-4.4372599556049543,40.39367518294587],[-4.4373376023679327,40.393351028595426],[-4.4374404126547633,40.39308368927464],[-4.4375218378557122,40.39273826863657],[-4.4377038625583198,40.392463078539826],[-4.4377114143248457,40.392376804415441],[-4.4377458966769758,40.392010091437783],[-4.4378184175170645,40.391887092432434],[-4.4380008069071426,40.391730660312618],[-4.4381413016787095,40.391610159666229],[-4.4384964962621849,40.391307684223399],[-4.43841725286127,40.391114756317265],[-4.4381691216003789,40.390931106588141],[-4.4378389235981723,40.390863398662859],[-4.4378381800629096,40.390863172781927],[-4.4372716749269356,40.390690892508168],[-4.437044024059059,40.390585987808691],[-4.4370035577268085,40.390450038201799],[-4.437102121947305,40.390226169438087],[-4.4372556571608524,40.389936968754981],[-4.4375568394312355,40.389523855655135],[-4.4378697034341599,40.389218319325579],[-4.4381679571838042,40.389029711686604],[-4.4381940919081861,40.389013184378285],[-4.4386251308301503,40.388964736509685],[-4.4387190675904229,40.388971290787026],[-4.4392365785090675,40.389007400676896],[-4.4399016047379547,40.388920118107734],[-4.4404935044207532,40.388927111165643],[-4.4407585659228976,40.389024364748053],[-4.4410118079568361,40.389006843331323],[-4.4416574370378061,40.388891063580893],[-4.4419644076777649,40.388750781956396],[-4.4421963186009732,40.388598778573844],[-4.4423442028826159,40.388501848388934],[-4.4423791635088392,40.388379324988911],[-4.4422835702644692,40.388301514549347],[-4.4421925850444932,40.388242979289942],[-4.441845506692979,40.388019686353367],[-4.441483477090471,40.387780013505051],[-4.4412989381369306,40.387495032814456],[-4.4413983864556013,40.387178719722051],[-4.4415051196703281,40.387032811432221],[-4.441737580643025,40.386922179215759],[-4.4419161374933847,40.386927130638504],[-4.4421162800567533,40.386954173124927],[-4.4422081444285153,40.386966584486203],[-4.4423765508245472,40.386935762905168],[-4.4425277339513123,40.386735770129704],[-4.4425683840276484,40.386681996089457],[-4.4427121644943286,40.386660508934455],[-4.4428305407020643,40.386642817807477],[-4.4430352811457157,40.386554073313214],[-4.4430772751930041,40.386520897009447],[-4.4431553613522432,40.386459207075276],[-4.4432414131246505,40.386458132926748],[-4.4433337732273142,40.386456979962674],[-4.4434542975663129,40.386383659468365],[-4.4436085386311728,40.385986503358176],[-4.4437570035156266,40.385604216904667],[-4.4437357832789504,40.385489570951961],[-4.4436211038459907,40.385397635470468],[-4.4431536506965221,40.385058728476046],[-4.4431286011024032,40.384764573440236],[-4.443274386242261,40.384554474361259],[-4.4434660575191698,40.384293530765554],[-4.4435288705505691,40.38418152195753],[-4.4435836791094872,40.384083784703051],[-4.4435851262394843,40.383960600962205],[-4.4435903482538333,40.383516315741581],[-4.4434562928454948,40.383395889498225],[-4.4428054969322899,40.383267559911395],[-4.4424924403750197,40.383120636369974],[-4.4421133405727025,40.382960172206865],[-4.4417065256170005,40.382821603994948],[-4.4414954600397119,40.382797400428515],[-4.4414805647892832,40.382795692497993],[-4.4413386516091578,40.382747187523812],[-4.4413359082792354,40.382617946275005],[-4.441409298280238,40.38247071497041],[-4.4414439833924844,40.382401132346899],[-4.4415705449587204,40.382169733291583],[-4.4415570146163876,40.381975988802026],[-4.4413929674389765,40.381769756400203],[-4.4412384570802459,40.381570579438474],[-4.4411689081265449,40.381391888586755],[-4.4410819571483415,40.38127806313539],[-4.4409191254711011,40.381129271744598],[-4.4402991132774794,40.380239234040964],[-4.4399733025015404,40.379934457978237],[-4.4398663515241825,40.379763418355211],[-4.4397852877920787,40.379484333265538],[-4.4398513825959061,40.379315302461769],[-4.4404621151227559,40.379073702105266],[-4.4407240909097085,40.379027353674239],[-4.4409380540729746,40.378931320692999],[-4.4411875750678016,40.378741475642322],[-4.4412648817315477,40.378402954225756],[-4.4412683088499927,40.378122808794075],[-4.4411358494781794,40.377636076654184],[-4.4410055460306701,40.377249874016691],[-4.4408510475589935,40.377050697988878],[-4.4406331131687464,40.376960044203699],[-4.440335008656719,40.376934582379697],[-4.4402662028294566,40.376928706343023],[-4.4401056735598434,40.376887611610357],[-4.4400376617682991,40.37678072483186],[-4.4401187948139693,40.376621709833238],[-4.4402819760952399,40.376346759821523],[-4.4403163126146561,40.376304145013869],[-4.4404924151734289,40.376085586180515],[-4.4407231582025419,40.375895976032098],[-4.4407834526429459,40.375857574442811],[-4.441056703069763,40.375683540687618],[-4.441259883105201,40.375523002804513],[-4.4413393308738955,40.375285002984612],[-4.4413145967645544,40.375005217466679],[-4.4411517775905418,40.374856418818709],[-4.4409189609340833,40.374507399759267],[-4.4408520863426855,40.374012672350581],[-4.4409006183369666,40.373645773376246],[-4.4408977120865689,40.373509356674646],[-4.4410299517484715,40.373312473604912],[-4.4410410496468229,40.373184370417576],[-4.4409230300937645,40.372934478013832],[-4.4408999835585341,40.3727336627406],[-4.4410160642456669,40.372452110436932],[-4.4410305585532699,40.372250839919808],[-4.4409237729110966,40.372086978034623],[-4.440834847475835,40.371879805497819],[-4.4408781126342989,40.3717068945788],[-4.4410604774523446,40.371607311092887],[-4.4407636963254502,40.371611009511554],[-4.4405229920403162,40.37161400855377],[-4.437042699891113,40.371657315050498],[-4.4331801171395062,40.371705255837085],[-4.4321865135531429,40.37171756716387],[-4.4317357170881424,40.371723149977896],[-4.42870077746365,40.371760689923271],[-4.4286728626158354,40.371761034839324],[-4.4263767210710263,40.371789382897816],[-4.4252671301242215,40.37180306551047],[-4.4201749485229875,40.371865721728511],[-4.4134914747402894,40.371947617400302]]]},"properties":{"FID":0,"Malla10km_":"30TUK77","Sheet1__Ur":" ","Sheet1__CU":" ","Sheet1__Ob":0}},{"type":"Feature","id":1,"geometry":{"type":"Polygon","coordinates":[[[-4.2957303673625571,40.373327209470588],[-4.2959029507103139,40.382334113364472],[-4.2960756119610437,40.391341003473642],[-4.296102060056187,40.39272031063787],[-4.2961347366958966,40.39442431350048],[-4.2961418601467685,40.394795763792629],[-4.2961760601196834,40.39657901492258],[-4.296248351102486,40.400347877094966],[-4.2962656175866689,40.401247952854007],[-4.2962689048163565,40.401419306560399],[-4.2962692025700404,40.401434827519587],[-4.2962702800232497,40.401490991651151],[-4.2963835739737206,40.407395751825369],[-4.2964211682260505,40.409354736929487],[-4.2964407652615613,40.410375835156088],[-4.2965940633540765,40.41836158207547],[-4.2966290311038504,40.420182705556627],[-4.2967371205063696,40.425810956816655],[-4.2967670365089194,40.427368411631178],[-4.2967732177448692,40.427690197296869],[-4.2967816173998941,40.42812746211213],[-4.2968120860946559,40.429713504675519],[-4.2968211107648457,40.430183258016207],[-4.2969400877821631,40.436375228297621],[-4.2969671208401783,40.437781852162622],[-4.2970791653468519,40.443610856132615],[-4.2971117024195227,40.445303244834726],[-4.2971132171616064,40.445382029371721],[-4.2971233693574469,40.445910055795196],[-4.2972864247042892,40.454388815753127],[-4.2974272079659244,40.461706535739005],[-4.2974417639021434,40.462462979630658],[-4.2974539763649933,40.463097615533457],[-4.2974597104499868,40.463395587440786],[-4.3087508898672588,40.463268276987236],[-4.3092518897038365,40.463262602541292],[-4.3172179083636468,40.463172085596838],[-4.3178118400914762,40.463165314818653],[-4.3186079797011088,40.463156234096225],[-4.3190386232303082,40.463151319914751],[-4.3195100270507591,40.462904251614226],[-4.3198789296606845,40.462654079215241],[-4.3199724355266103,40.462572590656464],[-4.320037243937783,40.462516112732786],[-4.320121065209241,40.462392171269506],[-4.320107422124587,40.462282518275508],[-4.3200541404475414,40.462194514598174],[-4.3200361158003169,40.462164742223869],[-4.3198153206186598,40.462048676052348],[-4.3193554603696951,40.461764034783528],[-4.3189629642784801,40.461395162682997],[-4.3185279091812836,40.460908197717224],[-4.3180770737007084,40.460201782444166],[-4.3178559633629439,40.459418308019011],[-4.3178299549404597,40.459326147346488],[-4.3178513413596207,40.459181690342838],[-4.3178741268718897,40.459027779859362],[-4.3178807604473404,40.458982975097101],[-4.3179256329398941,40.458923231179476],[-4.3180937251823979,40.458699436164025],[-4.318444849434627,40.458423111530763],[-4.3188330225320843,40.458278138812446],[-4.3191383337726927,40.458230399227986],[-4.3192572458933958,40.458211805587105],[-4.3195723990817454,40.458231779956321],[-4.3198345889539898,40.458248396273738],[-4.31984449037658,40.458249023717606],[-4.3198500789305436,40.458251466119108],[-4.320412865136821,40.458497283349516],[-4.3207772159532993,40.458897215484456],[-4.3208771396882355,40.459069383856843],[-4.3210152615758135,40.459307370943023],[-4.3212745718486882,40.459629430809017],[-4.3216011697286483,40.459862886706247],[-4.3219533306831153,40.460080665111143],[-4.3222345769761761,40.460203975933815],[-4.3222462390872058,40.460209089179017],[-4.3225859968529861,40.460233751987865],[-4.3228125722249002,40.460204807570079],[-4.3231012268666094,40.46026299767265],[-4.3235410909274599,40.460407296641321],[-4.3240731086144963,40.460559330689883],[-4.3246032307154572,40.460614749491597],[-4.3248431413725408,40.460532937456769],[-4.3250804614344815,40.460319388895037],[-4.3252972529522564,40.459998162745634],[-4.3258056303700627,40.459170432327788],[-4.3260275014119625,40.45830677316993],[-4.3260301646288672,40.457956459074914],[-4.3260573398578615,40.457505740104622],[-4.3258773816628162,40.456987640409537],[-4.3256647963689421,40.456646424858143],[-4.3256110387195985,40.456560137184162],[-4.3253773573930134,40.456336586088291],[-4.32500954223537,40.456092686592513],[-4.324605094693494,40.456042249696232],[-4.3242934766692853,40.456115487706548],[-4.3240863191513723,40.456241965091934],[-4.3239158622727381,40.456346034162863],[-4.3237542133323137,40.456384367376593],[-4.322835472092553,40.456318707114498],[-4.3224339843440616,40.456290011793406],[-4.3220813303005654,40.456235450118271],[-4.3213799026922795,40.456126924187764],[-4.3205044635129513,40.455815835943589],[-4.3202343075057641,40.455680262015285],[-4.3198455510582106,40.455341715350237],[-4.3196978646668205,40.455117178668097],[-4.3196073366374383,40.454884693037641],[-4.3194468150196057,40.454492449557073],[-4.3193703962902852,40.454004387653036],[-4.3194028928716222,40.453712109203508],[-4.3195248607710015,40.453360055377196],[-4.31954757332268,40.453294495519671],[-4.3196707334252507,40.452753077374879],[-4.3195980277179151,40.452454702003003],[-4.3196006035968466,40.452439589304127],[-4.3196665864471928,40.452052554897918],[-4.3198413465636349,40.451707574201279],[-4.3202511560156109,40.451170167873507],[-4.3208330054101607,40.450638093914208],[-4.3213948981672221,40.450062463718275],[-4.3221208482876916,40.449572527083475],[-4.3225195251011508,40.449443903317913],[-4.3228708865448819,40.449337725329194],[-4.3232527631159607,40.449326055999016],[-4.3242370172318401,40.449343979698043],[-4.3249399971109002,40.449395509691008],[-4.3251840705673779,40.449413400051711],[-4.3260634166570036,40.449439808011093],[-4.3263913361215076,40.449403300432024],[-4.3267210966515712,40.449366586111765],[-4.3267582495495862,40.449351303366726],[-4.3272138422473612,40.449163893070399],[-4.3276960277904291,40.448910238928995],[-4.3282443367892212,40.448619342127678],[-4.3286066286305811,40.448478174519494],[-4.3287846851681264,40.448408794688582],[-4.3291839169311928,40.448309335245334],[-4.3296230803015465,40.4482969869754],[-4.3299012969888002,40.448349252743007],[-4.3300257780269451,40.448372637575623],[-4.3305067321919983,40.448542244995295],[-4.3309234880418694,40.448773620988717],[-4.3310862139836459,40.448863963854663],[-4.3314424553893698,40.44900580989453],[-4.3317668738311603,40.448987485366388],[-4.3319724784730038,40.448910159140567],[-4.3321271940752686,40.448851973425477],[-4.3322863808540433,40.448689592554771],[-4.3322833548790456,40.448536380235922],[-4.332126235167185,40.448319257892315],[-4.3318629021017783,40.448044991834763],[-4.3308163906111679,40.447290787514355],[-4.3304075247130012,40.446901427166232],[-4.3302185964691002,40.446524123023174],[-4.3301455630219525,40.446211171015754],[-4.3301146739047951,40.445613124250634],[-4.3301558091635517,40.445276962612937],[-4.3304323777142608,40.444770247069215],[-4.3307812551121421,40.444540001115797],[-4.3313034683670688,40.444380740076738],[-4.3320179525030404,40.444284939125531],[-4.3324860297604273,40.444286853602399],[-4.3328234365489955,40.444443508638457],[-4.332855028904997,40.444454649368154],[-4.3329257608636906,40.444479592325607],[-4.3330639096509289,40.44452830827511],[-4.333254465436946,40.4445042146858],[-4.3334725188757135,40.444421426159458],[-4.3335492037420709,40.444383393984481],[-4.3338792657430414,40.444219696895011],[-4.3342207427555381,40.444099000838115],[-4.3344687305655558,40.44408154024282],[-4.3347639098947184,40.444034353119747],[-4.335018285368923,40.443856272330194],[-4.335070678882488,40.443607550865799],[-4.334980114507375,40.443375066615246],[-4.3347725054578188,40.443091502334589],[-4.3347255590786329,40.443027379880519],[-4.3347055730579411,40.443000081826952],[-4.3346463409813794,40.442919178328381],[-4.3342182376537588,40.442522744524517],[-4.3340753160132266,40.442433795314614],[-4.3339764875588047,40.442372287504888],[-4.3334376906623344,40.44217416605381],[-4.3332007899696583,40.442132807415014],[-4.3330063894726862,40.442098868713366],[-4.3326413524552496,40.441993610317681],[-4.3320067870600329,40.441782000252644],[-4.3313991443947799,40.441482494660946],[-4.3312316207330817,40.441221709109278],[-4.3313039927442247,40.441016538788908],[-4.3316736775388476,40.440873630548445],[-4.3322840946901344,40.440830114547694],[-4.3329914533843921,40.440858443542048],[-4.3336216895343656,40.440851184448313],[-4.3339446267204522,40.440759886880286],[-4.3341790300042353,40.440538248779717],[-4.334373222372748,40.440214915500881],[-4.3346423450902218,40.439817742448263],[-4.3348412959653899,40.439735171918898],[-4.3351276142204433,40.439724567975254],[-4.3354542969798393,40.439822961964325],[-4.3359923582198761,40.439984590113809],[-4.3366160695617024,40.440130628500391],[-4.3370842608001734,40.440139810312175],[-4.337445970565752,40.440077249024263],[-4.3378640962596959,40.439970242233599],[-4.3381758257970757,40.439858488474741],[-4.3384125826592692,40.439693892037241],[-4.3384769713910725,40.43956908193114],[-4.3385287737724729,40.439291171074139],[-4.3386746151783298,40.438939196848672],[-4.3387135241791155,40.438734420278998],[-4.3386974023128948,40.438402566188586],[-4.3388086585444858,40.438233434271844],[-4.3391124752251988,40.438142342869554],[-4.3394374203433514,40.438153175566704],[-4.3399912445441311,40.438146758273447],[-4.3404294701979369,40.438090586873344],[-4.3406421453347619,40.437737846794491],[-4.3406435785830944,40.437329156640693],[-4.3402128689955868,40.436801422302871],[-4.3400139351766631,40.436402363882891],[-4.3396895828993252,40.435939070741071],[-4.3394236662665566,40.435533489572443],[-4.3393098165287327,40.435089653327758],[-4.3392817425109236,40.434637524249389],[-4.3393626197376172,40.434381170760055],[-4.3398489741944388,40.432901426807923],[-4.3398148372380598,40.432624512135924],[-4.3396665622759896,40.432370813342274],[-4.339159224393403,40.43189323851108],[-4.3390099242386038,40.431524600169105],[-4.3390104999682659,40.43107213886428],[-4.3390596882127488,40.430662904949521],[-4.3392260518035854,40.430383666242761],[-4.3394712535161615,40.430227578445027],[-4.3399256291604553,40.430025275054199],[-4.3400534704139284,40.42997272525735],[-4.3404371356455371,40.42981501752601],[-4.3406542763519846,40.429688434617802],[-4.3409934961126142,40.429458279673959],[-4.3411511590088478,40.429222931488809],[-4.341248509348743,40.428835021800232],[-4.3412142114244059,40.428550820272456],[-4.3410277447469996,40.428297556256389],[-4.3407485618924238,40.428184039749716],[-4.340509442277054,40.428164917268667],[-4.3402711931904356,40.428189574770563],[-4.3398143702016903,40.428267844060017],[-4.3394903435948908,40.428300783116079],[-4.3391935127254868,40.428260440823557],[-4.3386574191607847,40.428193665219773],[-4.3377501348734375,40.428189569093121],[-4.3373666612778479,40.428113733071186],[-4.3368392395730595,40.42800306711279],[-4.336202771395393,40.427689332965009],[-4.3357776408758859,40.427438828825203],[-4.335544481785135,40.427237183939106],[-4.3354550976118746,40.427063074070254],[-4.3353880065360402,40.426567613387064],[-4.3353075820661822,40.426364204339258],[-4.3351791536125406,40.426146764549898],[-4.3349441112302642,40.425850271754648],[-4.3348052707506799,40.425589159356008],[-4.3347432240818504,40.425349056743904],[-4.3347462934569938,40.425020629119714],[-4.3346362309741737,40.424766483064445],[-4.3344325799962924,40.424608288412323],[-4.3341639652440866,40.424545701693347],[-4.334083951832902,40.424524505071716],[-4.3339636782154551,40.424492642691909],[-4.333847194324103,40.424461784174483],[-4.3335388186045547,40.424319392253196],[-4.3325286337794031,40.423936962827227],[-4.3321990223785543,40.423685344076112],[-4.3320072409542476,40.423374233414663],[-4.3316786663881715,40.422961581490902],[-4.3313289465038078,40.422659102302838],[-4.3309042984643638,40.422430470920197],[-4.3303849121282099,40.422239408353605],[-4.3299829598328436,40.422192944084678],[-4.3296492639649236,40.422218677733156],[-4.3292892215739984,40.422361468623158],[-4.3288940054739591,40.422657921450075],[-4.3285656172837612,40.422953594078798],[-4.32815302029808,40.423337816404668],[-4.3275674480902193,40.423665634586726],[-4.327120605135363,40.423765634832229],[-4.3265016485915213,40.423853011646024],[-4.3255670672605504,40.423914809335344],[-4.3247741289738331,40.423894703795348],[-4.3243153116989843,40.423870765497298],[-4.3240656612693682,40.423800649895917],[-4.3238975435134437,40.423733930519774],[-4.3238154414205958,40.423701346505688],[-4.3234858618354117,40.423449703277718],[-4.3232877824597553,40.42308708574631],[-4.3232064108348336,40.422832600981756],[-4.3232102398006926,40.422540658156052],[-4.3234347818963919,40.422304556401961],[-4.3239421480467231,40.4218827844606],[-4.3241473068673209,40.421632316332534],[-4.3241873171202885,40.421237790668954],[-4.3242156362540722,40.420733930774404],[-4.3241968033841554,40.420259796647379],[-4.3240525692240812,40.419721419605359],[-4.3240323064183084,40.419174334389773],[-4.3240029313449977,40.418302301158775],[-4.3240949145858325,40.417984105865195],[-4.3242958839124359,40.417567734941173],[-4.3245655619514816,40.417222554616117],[-4.3247560838509553,40.416868219799497],[-4.3249079123250596,40.416554570275665],[-4.3253215663199391,40.41616748500801],[-4.3258387285632214,40.415688655968403],[-4.3259766540903222,40.415542650913608],[-4.326328775935246,40.415169903463131],[-4.326652667467445,40.414904580513522],[-4.3268174451648846,40.414580718842906],[-4.3268380337947576,40.414288692219984],[-4.3268328958099929,40.414027155541909],[-4.3268022309716265,40.413806143182107],[-4.3266772764869472,40.413475546523976],[-4.3264847354352032,40.413055169108794],[-4.3263356283905434,40.412835525484624],[-4.3261629660280878,40.412757010279819],[-4.3259123250675335,40.412729703184603],[-4.3257549936821942,40.412761687856204],[-4.3255056602457183,40.412860575934026],[-4.3254415043989445,40.412886019872637],[-4.3251123029500924,40.412879732827498],[-4.3248865985143716,40.412781703508557],[-4.3245004206599038,40.412554701493896],[-4.3241122606429618,40.412227116328488],[-4.3231483775716271,40.411403037518276],[-4.3226687106707224,40.411106675873455],[-4.3223636687486264,40.410989416443101],[-4.3219124907906838,40.410803403928284],[-4.321683214359842,40.410688769005645],[-4.3214206454366293,40.410557487590893],[-4.3210885194089359,40.410308750377624],[-4.323867581882423,40.410164644030452],[-4.3253233385169843,40.409722002323576],[-4.3271874876781888,40.408957645776781],[-4.332088447616572,40.408415887824219],[-4.3323716342991716,40.408518691899999],[-4.3337114121764158,40.409005051421595],[-4.3340985867859043,40.409145597320162],[-4.3351727570856218,40.409727581365082],[-4.3388135626673838,40.410993133206091],[-4.3418904324145577,40.411264567817156],[-4.3436753677469095,40.411739168366417],[-4.3463449032196237,40.411727933976216],[-4.3474501260418226,40.411704430334112],[-4.3484046634337297,40.411684122425896],[-4.3500613765627865,40.411575635091729],[-4.3520912522254269,40.411333980905603],[-4.3534951588495225,40.411545400963853],[-4.3538551890711554,40.411508744629884],[-4.3548143831141441,40.411411078295913],[-4.3560066165176607,40.411407013055076],[-4.359556989346161,40.411375241109745],[-4.3609355985713476,40.410972676810758],[-4.3616486488090382,40.410403034245441],[-4.362836006149549,40.409454446177776],[-4.3640345246127792,40.408479395153059],[-4.3647719928290236,40.407777257075971],[-4.3653625343870983,40.406858901765915],[-4.3655835753514012,40.406895918670749],[-4.3664989117831388,40.40730116842002],[-4.3669493274017315,40.407314968176422],[-4.3669657268451507,40.407315470641571],[-4.3673940218738592,40.407425196861958],[-4.3675936284687031,40.407476334204596],[-4.3683292049251872,40.407459668221144],[-4.3684977358069972,40.407455849070232],[-4.3686173413609062,40.407477209990503],[-4.3691740581834173,40.407576634658788],[-4.3697899884198277,40.407477315688375],[-4.3701686691785868,40.407416252308749],[-4.3710652486544861,40.407534416105285],[-4.371702688338325,40.407604885504959],[-4.3721172984030394,40.407650718757395],[-4.3723048194559038,40.407686680113585],[-4.3726767257520454,40.407758002225201],[-4.3729294321732937,40.407714619654129],[-4.3729866559748487,40.407704795271741],[-4.3731955611957645,40.407781557676238],[-4.3732900699203423,40.407855713033243],[-4.3734194410923592,40.407957219102151],[-4.3735749104031241,40.407955372887983],[-4.373686484589224,40.40789420745466],[-4.3742029236956981,40.407611091259014],[-4.3742711168137021,40.407602027715008],[-4.374555370765095,40.407564247473864],[-4.3749395966673639,40.40751317972984],[-4.3762216398494846,40.40746821848834],[-4.3779931763164086,40.407278712575966],[-4.3800200534280833,40.407655078992171],[-4.3800485148180517,40.407660363394577],[-4.3818854281603707,40.408133742787669],[-4.3831293281221004,40.408445393459502],[-4.3859235545400512,40.409145405844093],[-4.387212724372854,40.409446944669014],[-4.3879012414199954,40.409527847300652],[-4.3900127148303394,40.409482672701884],[-4.3907394920672846,40.409533370436904],[-4.3913379329125295,40.409645043367419],[-4.391936358184215,40.409756723284417],[-4.3925493945674869,40.409947467604134],[-4.3931883439904524,40.410137898164585],[-4.3935800909548481,40.410281778117174],[-4.3941522254800391,40.410373945123574],[-4.3948800371631362,40.41047412976981],[-4.3954630745053294,40.410467105021802],[-4.3963307557231053,40.410436809551676],[-4.3971737426956157,40.410466254628929],[-4.3976154843773587,40.410520362616467],[-4.3982040576555566,40.410780719042009],[-4.3988833328230266,40.411039964999247],[-4.3992868382992487,40.411124246337337],[-4.4012319683056065,40.411179945234679],[-4.4021404864062754,40.411153662321901],[-4.4035892345812213,40.411111735328312],[-4.4050889036977132,40.410935022370914],[-4.4074913837147305,40.41054917542256],[-4.4109943116812893,40.410110238263748],[-4.4121472227528766,40.41008626364443],[-4.4139084644246971,40.410025122629506],[-4.4142865803065341,40.409958962626575],[-4.4142683633695476,40.409088884314066],[-4.4142450094528733,40.407973397618562],[-4.4140564982576018,40.398966974766623],[-4.4138960164235348,40.391296483942043],[-4.4138795368020354,40.390508646057683],[-4.4138680721025283,40.389960537112181],[-4.4138587010936545,40.389512512947519],[-4.4138478695035657,40.388994646407966],[-4.4138087287994034,40.387123187241123],[-4.4137058301431296,40.38220238876773],[-4.4136797309444713,40.380954084656338],[-4.4136680054855333,40.380393239686427],[-4.4136108280221604,40.377658135681166],[-4.4135504723363361,40.374770592196988],[-4.4134914747402894,40.371947617400302],[-4.4060665637612821,40.372038145121785],[-4.4043980314583404,40.372058422957615],[-4.4018548276383136,40.372089284429308],[-4.4017157344456042,40.372090970694614],[-4.3899399099464871,40.372233125368311],[-4.3781640019492825,40.372374081396465],[-4.3663880111603772,40.372513838754422],[-4.354611938286185,40.372652397417646],[-4.346051223715695,40.372752370749879],[-4.3442510181333027,40.372773313149061],[-4.3434344301954431,40.372782803549477],[-4.3428357840331495,40.3727897573619],[-4.3310595491077475,40.372925918563062],[-4.3205244935085583,40.373046712108888],[-4.3192832342164849,40.373060880997308],[-4.311438883500001,40.373150115445853],[-4.3075068400658996,40.373194644640961],[-4.2957303673625571,40.373327209470588]]]},"properties":{"FID":1,"Malla10km_":"30TUK87","Sheet1__Ur":" ","Sheet1__CU":" ","Sheet1__Ob":0}},{"type":"Feature","id":2,"geometry":{"type":"Polygon","coordinates":[[[-4.1779614753930341,40.374586917988893],[-4.1781114318469355,40.3831953336542],[-4.1781183819469767,40.383594221493901],[-4.1781330980959792,40.384438800617986],[-4.1781498988614736,40.385402974782011],[-4.1782438292963953,40.390792659813542],[-4.1782753592841031,40.392601508616949],[-4.1782798044388256,40.392856510164194],[-4.1782969760480082,40.393841549085558],[-4.178299229210003,40.39397079673298],[-4.1783755181094842,40.398346444915326],[-4.1783934097871152,40.399372505810454],[-4.1783971370427002,40.399586251669454],[-4.1784131190218137,40.400502739609223],[-4.1784265449225355,40.401272616378634],[-4.1784324074874686,40.401608782059192],[-4.1785384384147761,40.407687727194507],[-4.1785809981167068,40.410127229509158],[-4.1785895265773769,40.410616040918974],[-4.1786497069483124,40.414064956369934],[-4.1787467165898509,40.419623285195257],[-4.1787706780736968,40.420995959056803],[-4.1787712997871242,40.421031573694016],[-4.1787984101805984,40.422584521114935],[-4.1788228378324952,40.423983690897913],[-4.1788384799279665,40.424879588894939],[-4.1788625108485515,40.426255876598525],[-4.1788814169728576,40.427338592408567],[-4.1789039775609504,40.428630514887118],[-4.1789070988505985,40.428809247601258],[-4.1789262436586458,40.429905491204643],[-4.1789324190875679,40.430259087210523],[-4.1790023311013833,40.43426170815701],[-4.179032407617516,40.435983408909109],[-4.1790613095267544,40.437637729993533],[-4.1791746510285623,40.444123974730559],[-4.1791976360840595,40.445439092748259],[-4.1792187125233662,40.44664493051355],[-4.1792872179269915,40.450563797282356],[-4.1793067803682451,40.451682729297183],[-4.179335603002591,40.453331210868491],[-4.1793466299584212,40.453961850365467],[-4.1793761865869214,40.455652116446188],[-4.1794286614374716,40.458652661556123],[-4.1795337317535832,40.464659287790447],[-4.1903591504609485,40.464548299125028],[-4.1913266614719822,40.464538330251798],[-4.19933861886485,40.464455466716338],[-4.203119519340615,40.464416169878],[-4.2083568362154296,40.464361531378323],[-4.2110484574292775,40.464333358591936],[-4.214429947814728,40.464297876186492],[-4.2149123046490331,40.464292806690509],[-4.2222507371042148,40.464215432546922],[-4.2252941936382005,40.46418320656349],[-4.226316336354472,40.464172365507466],[-4.2267050166868154,40.464168240710983],[-4.2384976547435613,40.464042471961278],[-4.246215296854766,40.463959511563182],[-4.2472555775528438,40.463948289694549],[-4.2502902181089084,40.463915500463536],[-4.2558054855314795,40.463855704054147],[-4.2610812043752304,40.463798258470135],[-4.2620827060725173,40.463787326239988],[-4.2627298291392348,40.46378025773285],[-4.2703421089103966,40.463696836941509],[-4.2708612113561006,40.463691129980809],[-4.2738751179241037,40.463657949313166],[-4.2747051442999604,40.463648797589016],[-4.2787913636556487,40.463603656724551],[-4.2808932530053943,40.463580380662563],[-4.2812640526737029,40.463576270505371],[-4.2832138764310574,40.46355463795468],[-4.2856674529533354,40.463527369705787],[-4.2896918880982184,40.463482530630039],[-4.2922674021078464,40.46345376145014],[-4.2971644780465814,40.463398901446247],[-4.2974597104499868,40.463395587440786],[-4.2974539763649933,40.463097615533457],[-4.2974417639021434,40.462462979630658],[-4.2974272079659244,40.461706535739005],[-4.2972864247042892,40.454388815753127],[-4.2971233693574469,40.445910055795196],[-4.2971132171616064,40.445382029371721],[-4.2971117024195227,40.445303244834726],[-4.2970791653468519,40.443610856132615],[-4.2969671208401783,40.437781852162622],[-4.2969400877821631,40.436375228297621],[-4.2968211107648457,40.430183258016207],[-4.2968120860946559,40.429713504675519],[-4.2967816173998941,40.42812746211213],[-4.2967732177448692,40.427690197296869],[-4.2967670365089194,40.427368411631178],[-4.2967371205063696,40.425810956816655],[-4.2966290311038504,40.420182705556627],[-4.2965940633540765,40.41836158207547],[-4.2964407652615613,40.410375835156088],[-4.2964211682260505,40.409354736929487],[-4.2963835739737206,40.407395751825369],[-4.2962702800232497,40.401490991651151],[-4.2962692025700404,40.401434827519587],[-4.2962689048163565,40.401419306560399],[-4.2962656175866689,40.401247952854007],[-4.296248351102486,40.400347877094966],[-4.2961760601196834,40.39657901492258],[-4.2961418601467685,40.394795763792629],[-4.2961347366958966,40.39442431350048],[-4.296102060056187,40.39272031063787],[-4.2960756119610437,40.391341003473642],[-4.2959029507103139,40.382334113364472],[-4.2957303673625571,40.373327209470588],[-4.2874095741120506,40.373420151280605],[-4.2839538168130513,40.373458575462983],[-4.2734194446161906,40.373575068539587],[-4.2721771891240152,40.373588742595103],[-4.270736076401719,40.373604588834368],[-4.2604004850020694,40.373717710844147],[-4.2502437207251687,40.373827975384408],[-4.2486237051539568,40.373845480187498],[-4.2485775364153664,40.373845978723232],[-4.2368468502863585,40.37397205060276],[-4.235842802176375,40.373982785993469],[-4.2250699211060194,40.374097422067763],[-4.2204186350173245,40.37414660690888],[-4.2197121201441625,40.374154061550506],[-4.2187226863151057,40.374164494093826],[-4.2158030099204362,40.374195229659648],[-4.2132929183197056,40.374221594560545],[-4.2123592590660399,40.374231387401416],[-4.211501484306952,40.374240377669011],[-4.2065282111215803,40.374292376717619],[-4.2061529826007389,40.374296291314216],[-4.2053555287472593,40.374304606760148],[-4.2015158426342172,40.374344568059328],[-4.2002969714762726,40.374357226719646],[-4.1914857999538864,40.374448353446141],[-4.1897386947563753,40.374466342542561],[-4.1876869907350933,40.374487434236421],[-4.1779614753930341,40.374586917988893]]]},"properties":{"FID":2,"Malla10km_":"30TUK97","Sheet1__Ur":" ","Sheet1__CU":" ","Sheet1__Ob":0}},{"type":"Feature","id":3,"geometry":{"type":"Polygon","coordinates":[[[-4.0601855055835605,40.375726720878035],[-4.0601965909187818,40.376433911546734],[-4.0602253749821458,40.3782700779173],[-4.0603267317177423,40.384734384254095],[-4.0603721728361011,40.387631835442086],[-4.0604148761928887,40.390354334759678],[-4.0604273457108278,40.391149243055551],[-4.0604289693104807,40.391252742139713],[-4.060436755064722,40.391749050624618],[-4.0604680215926869,40.393742033144555],[-4.0604931934582407,40.395346386262794],[-4.0605001889671,40.395792228785588],[-4.0605693020669449,40.400196454790397],[-4.0606010827942933,40.402221351460668],[-4.0606093752266386,40.402749666647743],[-4.0606187132538079,40.403344580426847],[-4.060622002257122,40.403554114387973],[-4.0606384934097282,40.404604690119712],[-4.0606442016653785,40.404968323990268],[-4.06075079269442,40.411757287464965],[-4.0608922739860471,40.420764892893068],[-4.0609506368500572,40.424479458400235],[-4.0609538307228865,40.424682715753391],[-4.0609620247651943,40.425204173273094],[-4.0609671230440378,40.425528613787094],[-4.0610260117946462,40.429275749091055],[-4.061033339353135,40.429741957733825],[-4.0610338191481077,40.429772483831862],[-4.061066961001397,40.431880961641866],[-4.0611351023092102,40.436215395208748],[-4.0611754282130859,40.438780060280408],[-4.0612370337256314,40.442697436961176],[-4.0612734486799313,40.445012631363376],[-4.0613171012134837,40.447787622237811],[-4.0613172124735,40.447794694540534],[-4.0613183611295582,40.447867709332861],[-4.0613616208165633,40.450617333857231],[-4.0613887775063295,40.452343243169629],[-4.0613896302037036,40.45239743285449],[-4.0614014394696083,40.453147907135289],[-4.061458838181828,40.456795169703163],[-4.0614999105253888,40.459404601983991],[-4.0616006391506732,40.465802702675511],[-4.0676876035471601,40.465746632594517],[-4.073394248286097,40.465693774621712],[-4.0776182449158949,40.465654468222986],[-4.0805473388698372,40.465627120883127],[-4.0851877926777149,40.465583643529904],[-4.0956716467391274,40.465484732093962],[-4.096587335257948,40.465476047732018],[-4.0969812716148164,40.46547230941934],[-4.0985583009068209,40.465457330535877],[-4.1027534163481736,40.465417379863744],[-4.1063619679313987,40.465382893274779],[-4.1064893652642951,40.465381673691006],[-4.1066589775267035,40.465380049762722],[-4.108774684386713,40.465359772309604],[-4.1105221789832402,40.465342994682096],[-4.1205680302827439,40.465246032220492],[-4.1210288935084707,40.465241563021074],[-4.1226425717429667,40.46522589996718],[-4.1254839492537823,40.465198265563643],[-4.1264321536381594,40.465189028057964],[-4.1323613085922739,40.465131089171948],[-4.1358874695815668,40.465096487745321],[-4.1441545186046937,40.465014943184187],[-4.1559476596094198,40.464897594277581],[-4.1582548816854326,40.4648744952474],[-4.162846263185104,40.464828391025144],[-4.1676123857679732,40.464780339161521],[-4.1677407308958916,40.464779042472721],[-4.1684798164606187,40.464771572613543],[-4.1689393821679888,40.464766925448195],[-4.171955424990113,40.464736381621698],[-4.1742707463984408,40.464712880671719],[-4.1795337317535832,40.464659287790447],[-4.1794286614374716,40.458652661556123],[-4.1793761865869214,40.455652116446188],[-4.1793466299584212,40.453961850365467],[-4.179335603002591,40.453331210868491],[-4.1793067803682451,40.451682729297183],[-4.1792872179269915,40.450563797282356],[-4.1792187125233662,40.44664493051355],[-4.1791976360840595,40.445439092748259],[-4.1791746510285623,40.444123974730559],[-4.1790613095267544,40.437637729993533],[-4.179032407617516,40.435983408909109],[-4.1790023311013833,40.43426170815701],[-4.1789324190875679,40.430259087210523],[-4.1789262436586458,40.429905491204643],[-4.1789070988505985,40.428809247601258],[-4.1789039775609504,40.428630514887118],[-4.1788814169728576,40.427338592408567],[-4.1788625108485515,40.426255876598525],[-4.1788384799279665,40.424879588894939],[-4.1788228378324952,40.423983690897913],[-4.1787984101805984,40.422584521114935],[-4.1787712997871242,40.421031573694016],[-4.1787706780736968,40.420995959056803],[-4.1787467165898509,40.419623285195257],[-4.1786497069483124,40.414064956369934],[-4.1785895265773769,40.410616040918974],[-4.1785809981167068,40.410127229509158],[-4.1785384384147761,40.407687727194507],[-4.1784324074874686,40.401608782059192],[-4.1784265449225355,40.401272616378634],[-4.1784131190218137,40.400502739609223],[-4.1783971370427002,40.399586251669454],[-4.1783934097871152,40.399372505810454],[-4.1783755181094842,40.398346444915326],[-4.178299229210003,40.39397079673298],[-4.1782969760480082,40.393841549085558],[-4.1782798044388256,40.392856510164194],[-4.1782753592841031,40.392601508616949],[-4.1782438292963953,40.390792659813542],[-4.1781498988614736,40.385402974782011],[-4.1781330980959792,40.384438800617986],[-4.1781183819469767,40.383594221493901],[-4.1781114318469355,40.3831953336542],[-4.1779614753930341,40.374586917988893],[-4.173175297263759,40.374635576128071],[-4.1687485439102101,40.37468040382943],[-4.1682729532797973,40.374685209834006],[-4.1661841852510717,40.374706294377219],[-4.1578026793606533,40.374790519837106],[-4.1544068250373947,40.374824471686601],[-4.1537522830788101,40.374831004349964],[-4.1499907350464662,40.374868474679758],[-4.1475108999711408,40.374893110399547],[-4.1426293954589353,40.374941449896312],[-4.1308518972226507,40.375057228985867],[-4.1296790549927387,40.375068692961385],[-4.1288635891784002,40.375076656739971],[-4.1190743310355273,40.375171808934944],[-4.1072966976045731,40.375285189723506],[-4.1068808278908513,40.375289171282624],[-4.0967215193708295,40.375385972410449],[-4.0955189976368285,40.375397371331644],[-4.0952599906377367,40.375399824868765],[-4.0928251200855224,40.375422861689906],[-4.0871106212358876,40.375476726359736],[-4.0837412318393476,40.375508353739711],[-4.0785856056523135,40.37555655787218],[-4.0781605273682375,40.375560522014638],[-4.0780627603978505,40.375561433536674],[-4.0763204538305002,40.375577663919017],[-4.0721029664512836,40.3756168430386],[-4.0719634009192225,40.375618136928253],[-4.0651481209661577,40.375681115307174],[-4.062453527203032,40.37570590458445],[-4.0601855055835605,40.375726720878035]]]},"properties":{"FID":3,"Malla10km_":"30TVK07","Sheet1__Ur":" ","Sheet1__CU":" ","Sheet1__Ob":0}},{"type":"Feature","id":4,"geometry":{"type":"Polygon","coordinates":[[[-3.942403164953828,40.376746598159997],[-3.9424261908127196,40.378399066302201],[-3.9424265709334159,40.378426344799124],[-3.9424427839154239,40.379589797744195],[-3.9424672988480136,40.381348874229133],[-3.9424756565443153,40.381948547728619],[-3.9424958527577822,40.383397572665054],[-3.9425058510444364,40.384114884245676],[-3.9425287074481559,40.385754584359105],[-3.9425325792643302,40.386032331966277],[-3.9425385343942798,40.386459520063802],[-3.9425474036834292,40.387095736824115],[-3.9425700937187589,40.388723258388858],[-3.9425900587189822,40.390155207220786],[-3.9425913113284081,40.390245044634767],[-3.9425990429213682,40.390799547142947],[-3.942654306607027,40.394762556157545],[-3.9427799624466582,40.403770512653651],[-3.9429056750209943,40.412778455648152],[-3.9429253676825851,40.414189165102201],[-3.9429389041183835,40.415158807276853],[-3.9429721123216459,40.417537377564408],[-3.9429809996932828,40.418173896065078],[-3.9429930339249912,40.419035761966271],[-3.9430290223374951,40.421612952147328],[-3.943031444358883,40.42178638514013],[-3.9431572704640292,40.430794299327182],[-3.9432831533778789,40.439802199109188],[-3.94340909312933,40.448810084485295],[-3.9435003293273811,40.455333237807174],[-3.9435115169945396,40.456132979928732],[-3.9435290099882212,40.457383389189459],[-3.9435339047557116,40.457733255907847],[-3.9435350897473009,40.457817955454644],[-3.9435398165259694,40.458155807436157],[-3.9435468102903468,40.458655684316447],[-3.9435645199024703,40.459921416490857],[-3.9435882292861608,40.461615835071093],[-3.9435963032234964,40.462192815399597],[-3.9436483775755593,40.465913754519789],[-3.9436515999605968,40.466143985078297],[-3.9436571814402313,40.466542760156635],[-3.9436606215424339,40.466788538136278],[-3.9436611432607327,40.466825812016324],[-3.9437564242720313,40.466825034047808],[-3.9442430748887616,40.466821059325042],[-3.9443628617150841,40.466820080650898],[-3.9554553607398311,40.466728915360392],[-3.9600056950313567,40.466691209816418],[-3.9602927296903032,40.466688825346736],[-3.9613317323655868,40.466680188127029],[-3.9672495205835423,40.466630815484606],[-3.9710272706385563,40.466599138900136],[-3.9744057260495693,40.466570705811556],[-3.9746834521879117,40.466568364074348],[-3.9750726325663361,40.466565081451911],[-3.9760899125155493,40.466556494803235],[-3.9762309027253546,40.466555304027608],[-3.9790436220809227,40.466531512406199],[-3.9801275846296309,40.46652232534322],[-3.9826082188427008,40.466501262610329],[-3.9840061744492239,40.466489369296731],[-3.9870280078953351,40.466463602816049],[-3.9905662581765617,40.466433332539388],[-3.9908376645210493,40.466431006142614],[-4.002631647193021,40.466329296711478],[-4.0144255693859598,40.4662263841307],[-4.0220284364459191,40.466159404204213],[-4.0237341407028762,40.466144308549602],[-4.025862583919305,40.466125436302733],[-4.0262194303890109,40.466122268418296],[-4.0272526380786138,40.466113089961098],[-4.0324857529877045,40.466066459918423],[-4.0380132294913436,40.4660169495926],[-4.0400469214520811,40.465998667015612],[-4.0409802384757487,40.465990264657904],[-4.0415296322932939,40.4659853151147],[-4.049806965982178,40.465910427672128],[-4.0526930769035978,40.465884176782289],[-4.0547111564382057,40.465865778329594],[-4.0555247456216659,40.465858351021339],[-4.0572447214966854,40.465842630395379],[-4.0616006391506732,40.465802702675511],[-4.0614999105253888,40.459404601983991],[-4.061458838181828,40.456795169703163],[-4.0614014394696083,40.453147907135289],[-4.0613896302037036,40.45239743285449],[-4.0613887775063295,40.452343243169629],[-4.0613616208165633,40.450617333857231],[-4.0613183611295582,40.447867709332861],[-4.0613172124735,40.447794694540534],[-4.0613171012134837,40.447787622237811],[-4.0612734486799313,40.445012631363376],[-4.0612370337256314,40.442697436961176],[-4.0611754282130859,40.438780060280408],[-4.0611351023092102,40.436215395208748],[-4.061066961001397,40.431880961641866],[-4.0610338191481077,40.429772483831862],[-4.061033339353135,40.429741957733825],[-4.0610260117946462,40.429275749091055],[-4.0609671230440378,40.425528613787094],[-4.0609620247651943,40.425204173273094],[-4.0609538307228865,40.424682715753391],[-4.0609506368500572,40.424479458400235],[-4.0608922739860471,40.420764892893068],[-4.06075079269442,40.411757287464965],[-4.0606442016653785,40.404968323990268],[-4.0606384934097282,40.404604690119712],[-4.060622002257122,40.403554114387973],[-4.0606187132538079,40.403344580426847],[-4.0606093752266386,40.402749666647743],[-4.0606010827942933,40.402221351460668],[-4.0605693020669449,40.400196454790397],[-4.0605001889671,40.395792228785588],[-4.0604931934582407,40.395346386262794],[-4.0604680215926869,40.393742033144555],[-4.060436755064722,40.391749050624618],[-4.0604289693104807,40.391252742139713],[-4.0604273457108278,40.391149243055551],[-4.0604148761928887,40.390354334759678],[-4.0603721728361011,40.387631835442086],[-4.0603267317177423,40.384734384254095],[-4.0602253749821458,40.3782700779173],[-4.0601965909187818,40.376433911546734],[-4.0601855055835605,40.375726720878035],[-4.0593760083974946,40.37573413980892],[-4.0484075465394955,40.375834105569993],[-4.0431524423404603,40.375881631498856],[-4.0421482192551901,40.375890686272882],[-4.0394843611607349,40.375914663213479],[-4.0374551367699745,40.375932886737296],[-4.0366295244941641,40.375940290985334],[-4.0363301274782639,40.375942974578123],[-4.0354152189246779,40.37595117039632],[-4.0348848380988702,40.375955918271728],[-4.0319670586694851,40.375981994207372],[-4.0248514401547988,40.376045277105433],[-4.0241237597681572,40.376051724063288],[-4.0130732942285805,40.376149063911896],[-4.0012950874227391,40.376251651386511],[-3.989516820444527,40.376353039511308],[-3.9888977499569398,40.376358335321967],[-3.9870241743277957,40.37637434254416],[-3.9777384940012208,40.37645322826851],[-3.9706305479782427,40.376513109315951],[-3.9669223681140684,40.376544175510197],[-3.9663371296616341,40.37654906762404],[-3.9659782030947297,40.376552066490476],[-3.9659601088001182,40.376552217640565],[-3.9650480035858808,40.376559833212276],[-3.9541816655485418,40.376650007610102],[-3.9489581261927706,40.376692991738921],[-3.9460426757200597,40.376716880155939],[-3.9448547821697426,40.376726592357272],[-3.9432781714251095,40.376739463856602],[-3.942403164953828,40.376746598159997]]]},"properties":{"FID":4,"Malla10km_":"30TVK17","Sheet1__Ur":" ","Sheet1__CU":" ","Sheet1__Ob":0}},{"type":"Feature","id":5,"geometry":{"type":"Polygon","coordinates":[[[-3.8246151607648655,40.377646531957012],[-3.8246995423863095,40.384566250327609],[-3.824709259618464,40.385362957817826],[-3.8247250167425419,40.386654803021322],[-3.82483492230639,40.395663059759926],[-3.8249448774816068,40.404671302172012],[-3.8249638318928048,40.406223758509924],[-3.8249836079070656,40.4078433788833],[-3.8249951635659776,40.408789705737199],[-3.8250254571925453,40.411270326084995],[-3.8250464950995142,40.412992851641746],[-3.825054882293403,40.413679530256744],[-3.8250958340010848,40.417031999133791],[-3.8251046341321358,40.417752338931408],[-3.8251649367670142,40.422687744013274],[-3.8252163810513102,40.426897178871521],[-3.8252433958954164,40.429107315046913],[-3.8252441958793573,40.429172759521919],[-3.8252699337088352,40.431278185290317],[-3.8252712366142974,40.431384760640022],[-3.825275040927691,40.431695943440801],[-3.8252792092535364,40.432036895909526],[-3.8252863003148794,40.432616903081836],[-3.8252906370232616,40.432971612021674],[-3.825329872729069,40.436180499364781],[-3.8253441357743565,40.437346872438141],[-3.8253851947896842,40.440704127637659],[-3.8253997511049409,40.441894211649164],[-3.8254061231402892,40.442415149194503],[-3.8254227331230806,40.443773012799838],[-3.8254378452150344,40.445008343499183],[-3.8254499175460159,40.445995135257888],[-3.8254568203227701,40.446559345895494],[-3.8254583379269547,40.446683387804399],[-3.8254816018912234,40.448584779219821],[-3.8254953984113405,40.449712299305453],[-3.8256056517849117,40.458720455740945],[-3.8256061210630192,40.458758788981228],[-3.8256728001699702,40.464204757319806],[-3.8256788036840765,40.464695016844772],[-3.8256867064385336,40.465340353880727],[-3.8257159549467432,40.467728597844129],[-3.833528796753888,40.4676725188463],[-3.8375107096730372,40.467643734287925],[-3.8412601281981229,40.467616504976817],[-3.8459371482386997,40.467582368660416],[-3.8493054138745566,40.467557667351166],[-3.8513839356581085,40.46754237544863],[-3.8524812656157255,40.467534287199676],[-3.8550384535909674,40.467515398131702],[-3.857258955907815,40.467498950146094],[-3.8575380969781783,40.467496879438265],[-3.8579083739747784,40.467494131630886],[-3.8588063963614037,40.467487462523309],[-3.8611000668401494,40.467470397048977],[-3.8614911786448185,40.46746748253765],[-3.8728946678586822,40.467381923396722],[-3.877309386258835,40.467348498113161],[-3.8820020529910115,40.467312783486079],[-3.8830473353538175,40.46730480217316],[-3.8846892162190438,40.467292246409926],[-3.8876919506993333,40.467269223610337],[-3.8886417413309,40.467261925059653],[-3.8964837112101409,40.467201366104312],[-3.8989737401544917,40.467182025755996],[-3.9003274159127916,40.467171489085302],[-3.9082781521208987,40.467109282495869],[-3.9086479167410935,40.467106376144933],[-3.9125872994229458,40.467075339141466],[-3.9192549618486745,40.467022500993885],[-3.9200725382402677,40.467015995600754],[-3.9204610255870382,40.467012902409344],[-3.9210089588481187,40.467008537466967],[-3.9231733526604611,40.466991270087682],[-3.9235269092083116,40.46698844558712],[-3.9268349302447052,40.466961965987544],[-3.9274767028145088,40.466956817845926],[-3.9318668688572158,40.46692150543538],[-3.9345035226695555,40.466900217284341],[-3.9386418043228986,40.466866683796212],[-3.9422026035869218,40.466837711172865],[-3.9436611432607327,40.466825812016324],[-3.9436606215424339,40.466788538136278],[-3.9436571814402313,40.466542760156635],[-3.9436515999605968,40.466143985078297],[-3.9436483775755593,40.465913754519789],[-3.9435963032234964,40.462192815399597],[-3.9435882292861608,40.461615835071093],[-3.9435645199024703,40.459921416490857],[-3.9435468102903468,40.458655684316447],[-3.9435398165259694,40.458155807436157],[-3.9435350897473009,40.457817955454644],[-3.9435339047557116,40.457733255907847],[-3.9435290099882212,40.457383389189459],[-3.9435115169945396,40.456132979928732],[-3.9435003293273811,40.455333237807174],[-3.94340909312933,40.448810084485295],[-3.9432831533778789,40.439802199109188],[-3.9431572704640292,40.430794299327182],[-3.943031444358883,40.42178638514013],[-3.9430290223374951,40.421612952147328],[-3.9429930339249912,40.419035761966271],[-3.9429809996932828,40.418173896065078],[-3.9429721123216459,40.417537377564408],[-3.9429389041183835,40.415158807276853],[-3.9429253676825851,40.414189165102201],[-3.9429056750209943,40.412778455648152],[-3.9427799624466582,40.403770512653651],[-3.942654306607027,40.394762556157545],[-3.9425990429213682,40.390799547142947],[-3.9425913113284081,40.390245044634767],[-3.9425900587189822,40.390155207220786],[-3.9425700937187589,40.388723258388858],[-3.9425474036834292,40.387095736824115],[-3.9425385343942798,40.386459520063802],[-3.9425325792643302,40.386032331966277],[-3.9425287074481559,40.385754584359105],[-3.9425058510444364,40.384114884245676],[-3.9424958527577822,40.383397572665054],[-3.9424756565443153,40.381948547728619],[-3.9424672988480136,40.381348874229133],[-3.9424427839154239,40.379589797744195],[-3.9424265709334159,40.378426344799124],[-3.9424261908127196,40.378399066302201],[-3.942403164953828,40.376746598159997],[-3.9371601026064997,40.376789208380565],[-3.9306246077233458,40.376841989273309],[-3.9203410168405868,40.376924291967136],[-3.9188459945644794,40.376936180933313],[-3.9105801294645612,40.377001565224937],[-3.908734988313328,40.377016079904173],[-3.908520307594042,40.377017766763394],[-3.9076157132003955,40.377024870258509],[-3.9070673261846367,40.377029173123496],[-3.9041679235895721,40.377051879772971],[-3.9023815171613321,40.377065833802938],[-3.8952886032912435,40.377120965827572],[-3.8949592805592563,40.377123515027549],[-3.8941876834843363,40.377129484082623],[-3.8835098265917503,40.377211559029426],[-3.871730996793624,40.377300952713185],[-3.8599521146043538,40.37738914686318],[-3.8481731807314494,40.377476141463951],[-3.8363941958824377,40.377561936500257],[-3.8246151607648655,40.377646531957012]]]},"properties":{"FID":5,"Malla10km_":"30TVK27","Sheet1__Ur":" ","Sheet1__CU":" ","Sheet1__Ob":0}},{"type":"Feature","id":6,"geometry":{"type":"Polygon","coordinates":[[[-4.4116135756923356,40.281882131071036],[-4.4116458016585671,40.283431156010877],[-4.4116910159720462,40.28560429644633],[-4.4117575506264251,40.288801727292096],[-4.4117809753887842,40.289927320027914],[-4.411800984723758,40.29088874626823],[-4.4119375335534512,40.297448525630706],[-4.4119884782793539,40.299895346676351],[-4.4120092724366993,40.300893981504075],[-4.4120465509872986,40.302684150247359],[-4.4120985245361677,40.305179724857524],[-4.4121583772808162,40.308053241183835],[-4.4121760564019485,40.30890193229429],[-4.4122381261066446,40.311881319080378],[-4.4122519484794669,40.312544741370793],[-4.4122654808273882,40.313194222122888],[-4.4122838955600887,40.314077997336355],[-4.4123299196029953,40.316286649968021],[-4.412333738757912,40.316469916779631],[-4.4123352750709177,40.316543638158933],[-4.4123637191344134,40.317908503120925],[-4.4123775784026131,40.318573494772686],[-4.412497715062254,40.324336928336365],[-4.412523368067772,40.325567388815003],[-4.4125320948419402,40.325985955979114],[-4.412537202772099,40.326230946413091],[-4.4125401179171879,40.326370763468475],[-4.412551466519619,40.326915059155105],[-4.4125623012950514,40.327434697048773],[-4.4125716254950573,40.32788187659304],[-4.4125800288004093,40.328284882316993],[-4.4126049053456136,40.329477863841539],[-4.4126222744463792,40.330310775375885],[-4.4126863311438393,40.333382225547247],[-4.4127301783717794,40.335484379931636],[-4.4127392986004992,40.335921600395729],[-4.4127768509757459,40.337721746454392],[-4.4127990285643515,40.338784795753433],[-4.4129272154200061,40.344928126841694],[-4.4129520662761328,40.346118879980139],[-4.4130069851705871,40.348750119897751],[-4.4131152170211259,40.353934638491843],[-4.4133033034468676,40.362941135345082],[-4.4134132183852675,40.368202512371589],[-4.4134304314396031,40.369026335947709],[-4.4134334451355164,40.369170569114431],[-4.4134914747402894,40.371947617400302],[-4.4201749485229875,40.371865721728511],[-4.4252671301242215,40.37180306551047],[-4.4263767210710263,40.371789382897816],[-4.4286728626158354,40.371761034839324],[-4.42870077746365,40.371760689923271],[-4.4317357170881424,40.371723149977896],[-4.4321865135531429,40.37171756716387],[-4.4331801171395062,40.371705255837085],[-4.437042699891113,40.371657315050498],[-4.4405229920403162,40.37161400855377],[-4.4407636963254502,40.371611009511554],[-4.4410604774523446,40.371607311092887],[-4.441147300527728,40.371559899637766],[-4.4412369002965608,40.371357682134835],[-4.4412098772126072,40.370970191889832],[-4.441128190922659,40.370662374432754],[-4.4408027441240518,40.370371969870916],[-4.4406588318438702,40.370181225100552],[-4.440657795539062,40.370179851564089],[-4.4406592385104755,40.370173829246411],[-4.440709539420876,40.369963750623405],[-4.4408640852442369,40.369724816100479],[-4.4410731255551514,40.36939902169825],[-4.4411144001166205,40.369132767731102],[-4.4412358908257827,40.368664412219125],[-4.4417342519386258,40.368256007687293],[-4.4417644579758626,40.367910897221485],[-4.4416598210887068,40.367847554993247],[-4.441310498029253,40.367758540287561],[-4.4412885094960233,40.367607996851653],[-4.4413614709870091,40.36750654146622],[-4.4412168355334227,40.367328785221744],[-4.440819971054351,40.36721163170921],[-4.4406854950670995,40.367069667035409],[-4.4406887737129672,40.366782342959681],[-4.4407315765328219,40.366587895064768],[-4.4408939870115534,40.366373783365688],[-4.4408655076922319,40.366263036739262],[-4.4407879591517343,40.3661490827158],[-4.4408896880661848,40.366075999011166],[-4.4412999794327774,40.365941610665317],[-4.4414189555202004,40.365796485518523],[-4.441528443343322,40.365206191391863],[-4.4414683565806623,40.3645892822096],[-4.4414528566843527,40.364302181295784],[-4.4414207238722545,40.364115856201224],[-4.4415492288232041,40.363977791198486],[-4.4415831072359948,40.363804996848536],[-4.4416131608478455,40.363452702683908],[-4.4417395351611484,40.363214117141951],[-4.441827733971377,40.362947277606914],[-4.44186886241107,40.362673847658783],[-4.4417714721906734,40.362509877190568],[-4.4414792632108329,40.362456060504343],[-4.441260625105107,40.362329509974749],[-4.4409851286800688,40.362178524109815],[-4.4404053306476374,40.362067238448724],[-4.4399039178321065,40.362109390490005],[-4.4397297236197257,40.362086427718296],[-4.439624485655159,40.361994370148004],[-4.4393380865025254,40.361771691810993],[-4.4391669237865674,40.361578589478718],[-4.4391649328231955,40.361576343146169],[-4.4391890391018229,40.361385716542287],[-4.4391909979564055,40.361380916610671],[-4.4393407485241676,40.36101395588009],[-4.4393404242321068,40.361010281633845],[-4.4393160317372313,40.360734157293237],[-4.439378066329513,40.360561013910818],[-4.4395412673711574,40.360473638577915],[-4.4396671491082698,40.360437694803423],[-4.4396758276297268,40.360435217445549],[-4.4397401678143913,40.360369770299883],[-4.4398231153215741,40.360296922245809],[-4.4399642182728707,40.360309529700068],[-4.440113631622979,40.360271761813436],[-4.4402912127039116,40.360233631179987],[-4.4405680557041718,40.360007549631369],[-4.440658561362465,40.35984841535771],[-4.4408079718802522,40.359810635802155],[-4.4408058339355287,40.359710116394034],[-4.4409169462225888,40.359636917520298],[-4.4410832963677267,40.359512747672547],[-4.4411930350074211,40.359374915071648],[-4.4411972143715515,40.359130674693176],[-4.4411552464736932,40.358922919332834],[-4.4410375608949373,40.358687376771947],[-4.4408506835045563,40.358529449235995],[-4.4407780243653798,40.358403327199291],[-4.4407752736429442,40.358274074697491],[-4.4409039315823255,40.358143194724803],[-4.4409261246423615,40.357862823548196],[-4.4409881668011302,40.357689679159201],[-4.4409380321485115,40.35753947531849],[-4.4408235591240333,40.357454721928505],[-4.4403487699632205,40.35720207404691],[-4.440308780841316,40.357087659745439],[-4.4401934065974986,40.356959820739164],[-4.4401331143849676,40.356773834928482],[-4.4401863776501642,40.356629529268481],[-4.4402658066785659,40.356391531580059],[-4.4401561460094561,40.356091248226925],[-4.4399034198123948,40.355685013858],[-4.439631148640661,40.355243115014481],[-4.4394457687223126,40.355056430195503],[-4.4394057081030871,40.355016088440344],[-4.4393760470691728,40.355007436248712],[-4.4391931613749875,40.354954095012786],[-4.439045549914022,40.354855385913623],[-4.4389684761637556,40.354762977087191],[-4.4389890095879139,40.354680129035948],[-4.4390041774751223,40.354620685006012],[-4.4389793870114778,40.354539309045613],[-4.4389127189835582,40.354458435261911],[-4.4389210496338602,40.354408945442053],[-4.4389849260916847,40.354321969847547],[-4.4390478733395655,40.354191908653405],[-4.439044973785073,40.354055481458772],[-4.4389388468855344,40.354016397692419],[-4.4388634415178281,40.35390692069226],[-4.4388214844549809,40.353699163221968],[-4.4387896686559376,40.353527187671041],[-4.4387846328767466,40.353290240865164],[-4.4387612828733261,40.353075063726017],[-4.4386940601256333,40.352955712052427],[-4.4386929906060679,40.352953813693951],[-4.4386422545702633,40.352774897068279],[-4.4386396600188451,40.352652829644448],[-4.4387675369693982,40.352486055352557],[-4.4388769277150999,40.352418340046484],[-4.4389806605061368,40.352354127391571],[-4.4392145209943079,40.35231530893271],[-4.4394203854628369,40.352284017589135],[-4.4395024073449454,40.352168084097478],[-4.4395087462609037,40.352024364569353],[-4.4393073767123292,40.351825768814706],[-4.4391412328936433,40.351641644762566],[-4.4391151088404639,40.351612693112898],[-4.4391289954850386,40.351382698878417],[-4.4391816322020494,40.351209672332992],[-4.4392984623577671,40.35096403233392],[-4.439453722187733,40.350760994790939],[-4.4395145215144218,40.350763335184908],[-4.4395946523708698,40.350766419552492],[-4.4399305363031063,40.350668879583345],[-4.4401425647251953,40.350486680555129],[-4.4402410641399408,40.350262807897479],[-4.4403121772304806,40.350075196102203],[-4.4405708321901312,40.349878050121248],[-4.4407453285116825,40.349696327436199],[-4.4409465990319053,40.349449630993064],[-4.4411044633934305,40.349368662121435],[-4.4415335648068313,40.349241214166945],[-4.4417098801211488,40.349145649050143],[-4.4418431919024588,40.348896536193287],[-4.4418453016089003,40.348892596470058],[-4.4420373402783238,40.348653191435965],[-4.4422505947759179,40.348528434024686],[-4.4426075153309013,40.348538348371164],[-4.4427282931367653,40.348479388960563],[-4.4428183057046651,40.348298707217253],[-4.4428804892950211,40.348132747959745],[-4.4430163632860644,40.347901219363663],[-4.4429616396031202,40.347535616433618],[-4.4430251854789988,40.347434276369299],[-4.4432396472352211,40.347366962852732],[-4.4435573495147729,40.347298359337124],[-4.4440153475533792,40.34720646134992],[-4.4442661333787195,40.347081230673169],[-4.4444882996853901,40.34693481421904],[-4.44477523101546,40.346744493758663],[-4.4450186164653784,40.346712731845415],[-4.4453205951913404,40.346787961559258],[-4.4458877983535565,40.346974788098962],[-4.4466139286640143,40.347130902935497],[-4.4471405403978119,40.347174585894741],[-4.4474048292015613,40.347243105377729],[-4.4478299982203202,40.34726407342761],[-4.4478311403546735,40.347264129396727],[-4.448031907953867,40.347156251524943],[-4.4481537536090876,40.347147548447893],[-4.4486315894237869,40.34710564561496],[-4.4490714111932625,40.346943607486061],[-4.4491158981654868,40.346927217980948],[-4.4493406638842101,40.34690284678878],[-4.4496306574554385,40.346856128312453],[-4.4499103354521585,40.34676643229173],[-4.4500843395296252,40.346563158129975],[-4.4502641803806231,40.346194616333214],[-4.4504072637486356,40.345862443402964],[-4.4504437383521482,40.345747395920277],[-4.4505215684691271,40.345501901327566],[-4.4505628071332035,40.345235653564444],[-4.4506357194203829,40.345134181947365],[-4.4508983249911305,40.345123711109906],[-4.4511130908022256,40.345070743734887],[-4.4512706116938032,40.344975398119999],[-4.4514636821846993,40.34478623809769],[-4.4516409071268805,40.344733740922564],[-4.4520230298879762,40.344606855580672],[-4.4521641018906006,40.344619449610661],[-4.4523157837440035,40.344689361083326],[-4.452545315225672,40.344887579694806],[-4.4526887000978528,40.345007879246658],[-4.4528490037621911,40.345041773567971],[-4.453108977925722,40.344909229239761],[-4.4533505003402993,40.344791284341547],[-4.4535015800626701,40.344832470984088],[-4.4536515692953556,40.344823408396948],[-4.453799244581127,40.34470664219581],[-4.4539219328616619,40.344737418801188],[-4.4542255466322871,40.344888019085865],[-4.454476138465167,40.34497464648657],[-4.45469344625735,40.345040140304626],[-4.4548814356452242,40.345052140820165],[-4.4551433464489252,40.345009339245166],[-4.4553825578592869,40.345002740792296],[-4.4557965393846048,40.345047812600029],[-4.455984066736935,40.345038264514159],[-4.4561116574246373,40.344995378872305],[-4.4561841312279071,40.3449567438062],[-4.4562401070171287,40.344891055856195],[-4.4563041849544973,40.344646406275999],[-4.4563568499524822,40.344476958902845],[-4.4564537643528439,40.344400334814523],[-4.4565941424439934,40.344380604139133],[-4.4568243587189986,40.34439206872414],[-4.4570818070587563,40.344360104307277],[-4.4573389340421175,40.344313768946066],[-4.457352037817417,40.344308548080157],[-4.4575902261142488,40.344213645719414],[-4.4577300483443194,40.344168787957607],[-4.4579550335774334,40.344155185318726],[-4.458217323018383,40.344130326538213],[-4.4583143928450291,40.344060875338513],[-4.4584285246508282,40.343912205420175],[-4.4586264148667683,40.343730160841972],[-4.4588623709975996,40.34357276754109],[-4.4590742639372216,40.343386955548219],[-4.4595226488919817,40.343068873575504],[-4.4596552358709607,40.342905603208578],[-4.4596970456784319,40.342668066869649],[-4.4597254826800912,40.342463016535213],[-4.4598047489100212,40.342221417341428],[-4.4600457650967442,40.341862855446493],[-4.4601655745898006,40.3417607956628],[-4.460299010551191,40.341637022771927],[-4.4604235201140172,40.34153489616422],[-4.460557572160095,40.341439836117601],[-4.4606030177608851,40.341371032276257],[-4.460624008158617,40.341255857346617],[-4.4606551394600098,40.34117645976189],[-4.4606437498634266,40.341083235614121],[-4.4606079590617691,40.340947223401997],[-4.4606195591623523,40.340832165263386],[-4.4606060188252989,40.34074795183642],[-4.4606026920384458,40.340703102147934],[-4.4606303485629102,40.340679416471993],[-4.4607350594673765,40.34063858765488],[-4.4608956120785104,40.340575509714817],[-4.4609502554925333,40.340493024102926],[-4.4609557924174323,40.340428416077188],[-4.4609296913160739,40.340251888823872],[-4.4609170621554011,40.340101218673396],[-4.4609977934574534,40.339927837189386],[-4.4611368417042581,40.339847076964823],[-4.461323115359078,40.339780085256493],[-4.4608807695413217,40.339418608902207],[-4.4605874312872267,40.339178894671349],[-4.4599864844828181,40.338295892425371],[-4.4599747121316549,40.338288487169841],[-4.4594633744254715,40.337966853630945],[-4.4577030074544703,40.336859537359643],[-4.455660650063229,40.335283649870384],[-4.4554635686533954,40.335058764375567],[-4.4550678723680708,40.334607239595748],[-4.4548139875748607,40.33431753036735],[-4.4544919455109788,40.33409309161916],[-4.4544900512824883,40.334091771328495],[-4.4544794599946922,40.334076150833951],[-4.4541825754756381,40.333638297824763],[-4.4538134349508063,40.333093869165658],[-4.4536011373455713,40.332103203178974],[-4.4534621247420692,40.331454491810327],[-4.4530734123902604,40.329520191959737],[-4.4531767228900128,40.327778621797741],[-4.4532388398293818,40.326731452072849],[-4.4532363305986298,40.326649924987137],[-4.4531769738133322,40.324721228891974],[-4.4542259421670281,40.323314709627375],[-4.4550240678427979,40.32246437114523],[-4.455107482373597,40.322392195281189],[-4.4552168568504111,40.32229755625449],[-4.4553188691626335,40.322209287108997],[-4.4555869327647208,40.321815693063471],[-4.4556099662486304,40.321781874146538],[-4.4560245012154764,40.321072497942765],[-4.4561892064396531,40.320790640955067],[-4.4562048845189945,40.320646800581422],[-4.4561548982353472,40.320503787839684],[-4.4558157997977634,40.319918216470846],[-4.4557999892265663,40.319890913339357],[-4.4556676735887617,40.319662420357467],[-4.455636143388241,40.31950481050233],[-4.4557547000103677,40.319345310761747],[-4.4565892549993968,40.319320438146889],[-4.4567229573436107,40.31933990607881],[-4.4573133913606249,40.319425873416648],[-4.4573610813641329,40.319432817403275],[-4.4584567702433224,40.319393156168296],[-4.4613176653602427,40.319289550233322],[-4.4615328367318723,40.319214686979286],[-4.4621744800594891,40.318991438325057],[-4.4628449492030535,40.318849303629683],[-4.4629310486701019,40.318831051022514],[-4.463816454379697,40.318554118952768],[-4.4649587009014917,40.318439111187537],[-4.4651345518255692,40.318571461078115],[-4.4663731164800611,40.319503611469763],[-4.467295589470246,40.320197844137269],[-4.4693729087125567,40.320224921987709],[-4.472313266203976,40.320263186140878],[-4.4724747409840635,40.320265285350899],[-4.4725091900025147,40.32036144016012],[-4.4727397531039426,40.320427388598773],[-4.4731874810342962,40.320555451231257],[-4.4733565948432332,40.320603821159601],[-4.4751802199063899,40.320166172391566],[-4.47536351939869,40.320122181196751],[-4.4755143857602535,40.320156163038796],[-4.4776547178687744,40.320357348232761],[-4.4779026245951465,40.32038064768831],[-4.4794727974003186,40.320525768524561],[-4.4803885819918614,40.320567923077974],[-4.4804479116780973,40.320578794032095],[-4.4807183171416298,40.320628341195821],[-4.4812240252908841,40.320797828455113],[-4.4816309177762514,40.320954221165245],[-4.4824539309900819,40.321044222342415],[-4.4853098297612224,40.321197929279144],[-4.4862685919158318,40.320906140630782],[-4.4872439663787427,40.320609284607094],[-4.4874611802816444,40.320589785331521],[-4.4882732060118666,40.32051688741825],[-4.4905122813046221,40.320315846774172],[-4.4908609262145776,40.320454639954903],[-4.4910802452119372,40.320541949318155],[-4.4912228780069059,40.320414422310662],[-4.4913770579075907,40.320171834479339],[-4.4914975047800283,40.320102054042287],[-4.4917964900276184,40.320044337107852],[-4.4919581198629652,40.319927330581095],[-4.4919979600542623,40.319819092115196],[-4.4920362064964579,40.319670281439542],[-4.4920368536713653,40.319667762337978],[-4.4921167854998867,40.319462039495924],[-4.4922443897510957,40.319291620518946],[-4.492424067674242,40.319142060504397],[-4.4926191674761986,40.319053361039956],[-4.4929926333172565,40.319007602932729],[-4.4931391237926031,40.318989653667366],[-4.493566524706031,40.318825673993381],[-4.4938184469583442,40.31876137147249],[-4.4939483536522706,40.318695056317665],[-4.4941726778610267,40.318656250363688],[-4.4944614233802174,40.318559150755874],[-4.4947229517763292,40.318505497572822],[-4.494884813107122,40.318399272015895],[-4.4948361740782836,40.318320896181476],[-4.4947017961670861,40.318227486417861],[-4.494678951267602,40.318211606345258],[-4.4946675835743672,40.31812197244016],[-4.4947585413866493,40.317991521559769],[-4.494943689928232,40.317877805032701],[-4.4950791547659206,40.317850911355372],[-4.4953981539307266,40.317850389075112],[-4.4959178012029479,40.317800572925812],[-4.4960671825665424,40.317766321688012],[-4.4963486587205397,40.317766279441578],[-4.4965540708137182,40.317720526336345],[-4.4968550451996245,40.317540671658158],[-4.4968613418772732,40.317425694627119],[-4.4968617369422574,40.317418484275443],[-4.4969059381960843,40.317295824048664],[-4.4969257382874179,40.317130373405412],[-4.4968808325303087,40.317008853801504],[-4.4970341927989956,40.316730362660735],[-4.4971217139889914,40.316657413443394],[-4.4972851715416509,40.316411100429164],[-4.4974788126742604,40.316257774426234],[-4.4975685657268754,40.316285342311474],[-4.49774598450034,40.316247137680421],[-4.4977858143389469,40.316138886536784],[-4.4977802844282682,40.31602520760881],[-4.4978480707452402,40.315983663137487],[-4.4980446465824517,40.315963162699148],[-4.4983768395963315,40.31592295235447],[-4.498892276687207,40.315682852998151],[-4.4990812235207462,40.31552958425614],[-4.4992444991372391,40.315487970635893],[-4.4994878193158856,40.315459674600518],[-4.4996476804088053,40.315475556510791],[-4.4999153252959863,40.315486451380352],[-4.5001281147747134,40.315562696169792],[-4.5002918676954549,40.31554261672774],[-4.5004611799908556,40.315561974831269],[-4.5005824834408488,40.315531671138615],[-4.5006980659703464,40.315454756140106],[-4.500792016690716,40.315460725215509],[-4.5008468119154692,40.315408257729288],[-4.5009022754477597,40.315355149126738],[-4.5010226255042989,40.315281770953852],[-4.5014075958388764,40.315082859816748],[-4.5021365082028755,40.314951297366463],[-4.5025104240908798,40.314888989649987],[-4.5028574784851019,40.314884481580208],[-4.5030467436649984,40.314957436653778],[-4.5032177239267588,40.315168442976045],[-4.5032396720237751,40.315195528254932],[-4.5035282263575942,40.315303101104973],[-4.503609866127384,40.315388230588802],[-4.5036678090067825,40.31546288275657],[-4.5038506391093946,40.315456916593156],[-4.5039093124228833,40.315563887213912],[-4.5039982574486483,40.315555553338726],[-4.5040955517040446,40.315500415513604],[-4.5042726598046103,40.315447839499569],[-4.5046763844624529,40.315460542527646],[-4.5061341670023722,40.316673306065418],[-4.5076040653356211,40.317204131641226],[-4.5080921199557631,40.317380377133972],[-4.5089608107469985,40.318047760325626],[-4.5100345432899429,40.318863287850512],[-4.5109973788574047,40.319723364667681],[-4.5128009167182848,40.321334336196031],[-4.5128636209144153,40.321390342510661],[-4.5138330397916784,40.323622063360069],[-4.5140229413182169,40.323985331299056],[-4.5146515665612297,40.325187823368069],[-4.5147836866931446,40.325441092734245],[-4.5152826266976644,40.326397530030647],[-4.5154162791221237,40.326653727996828],[-4.5162673055051998,40.327780938565773],[-4.5160748398419024,40.328196431064903],[-4.515936303827794,40.32836009142973],[-4.5158965561922386,40.328407047237953],[-4.5157610525788181,40.328642245037194],[-4.5158050863562877,40.328932539513957],[-4.5158657045333817,40.32912565878965],[-4.5160452063140823,40.329389046596077],[-4.5160599518039817,40.329405915910776],[-4.516184862197159,40.329548811508964],[-4.5164498852110109,40.329649480838171],[-4.5165132509702124,40.329639802438578],[-4.5166556399476558,40.32961805287448],[-4.5170314695291172,40.329638265285489],[-4.517358911832825,40.329802753447694],[-4.5177009278506697,40.329988590283669],[-4.5179444983487054,40.330179307349368],[-4.5183929225745842,40.330507386611387],[-4.5186898761190539,40.330776404461744],[-4.5188368848957214,40.331054579847475],[-4.5188569864071839,40.331323644613221],[-4.5187620737063368,40.331694763960336],[-4.5187715206929333,40.331815679861613],[-4.5187752470070643,40.331863374676388],[-4.519142267966159,40.332121187575808],[-4.5198240960521323,40.332600127644156],[-4.5200506223460248,40.332866478253209],[-4.5201907248228972,40.333464342780147],[-4.5201773132544547,40.33412167665697],[-4.5202844538958313,40.334504507194794],[-4.5205001012612538,40.334941986061096],[-4.5205007796574721,40.334943363589758],[-4.5205804450702045,40.335056389554452],[-4.521004866254934,40.335658539135338],[-4.5214278703475097,40.335897160925732],[-4.5218992501457462,40.335991512523627],[-4.5222505226230671,40.336170035495087],[-4.5225923229758731,40.336553364621686],[-4.5226704857308615,40.336698535894961],[-4.5229302254814856,40.33718093892341],[-4.5231858170253343,40.33727812849321],[-4.5232222250475651,40.33727928674459],[-4.5238244937718353,40.337298444458341],[-4.5241235657467573,40.337426712163648],[-4.5241824414226901,40.33745196340012],[-4.5244499786567376,40.337566704822052],[-4.524695794321917,40.337646065450585],[-4.524730689191979,40.337650596232862],[-4.5249970080854585,40.337685178150203],[-4.5255984782625296,40.337720340273918],[-4.5264254600999996,40.337766885566978],[-4.5271563882306518,40.337985160589866],[-4.5271624970277653,40.337986985270533],[-4.5277093355973452,40.339760924657888],[-4.5276583000395627,40.339997180285742],[-4.5269910873907442,40.343085736246778],[-4.5266242796976215,40.344783589316407],[-4.5296100243143718,40.344094866755526],[-4.5306387718784666,40.343691224228273],[-4.5306328684676584,40.343430098305433],[-4.5305515417974194,40.339832421954931],[-4.530520670008972,40.338466565479628],[-4.530507302757341,40.337875130831847],[-4.530483915245699,40.336840307037264],[-4.5304293113271585,40.334424045913984],[-4.5304175009332548,40.333901389221452],[-4.530410872127085,40.333608032286705],[-4.5302397698056902,40.326034424692601],[-4.5302258459927129,40.325417979503989],[-4.530147019386213,40.32192775040523],[-4.5301441168443342,40.321799222007655],[-4.5301263928502484,40.321014362067224],[-4.5301158918212723,40.320549337321268],[-4.530111143835124,40.320339075210065],[-4.5301078100914074,40.320191440766017],[-4.5301013797299428,40.319906669878911],[-4.5300649769060097,40.318294480784587],[-4.5300620109868044,40.31816312196176],[-4.5300508440404847,40.317668536676521],[-4.5300457919374262,40.317444774435003],[-4.530026058815884,40.316570752416744],[-4.5300224723567775,40.316411896374895],[-4.5300115743857372,40.315929181695722],[-4.5299983905950301,40.315345203278135],[-4.5299958837677989,40.315234160968721],[-4.5299614796803462,40.313710136401014],[-4.5299603720696666,40.313661069771378],[-4.5299572811621553,40.313524143389749],[-4.5299366485652177,40.312610100688048],[-4.5299215661109349,40.311941907758964],[-4.529819190433896,40.307405799229677],[-4.5298149552404645,40.307218122058032],[-4.5297725590417457,40.305339291266598],[-4.5297601679366544,40.304790133303406],[-4.5297095648864509,40.302547313369821],[-4.529616000157259,40.298399687168924],[-4.5295182527239479,40.294065722601033],[-4.5295067617575393,40.293556169556609],[-4.5291816967872034,40.292977365578253],[-4.5292328295228739,40.292925247478451],[-4.5294866992358003,40.292666489954115],[-4.529478428086172,40.292299691327493],[-4.5294714917312815,40.291992081300599],[-4.5294129014804705,40.289393560193844],[-4.52938828221217,40.288301576127829],[-4.529314268037167,40.285018327277939],[-4.5292098943571437,40.280387418305629],[-4.528779697245966,40.280393104273024],[-4.5282463610178914,40.280400151220739],[-4.5257157051841315,40.280433555137265],[-4.5246285751205866,40.280447887930812],[-4.5187318032019999,40.280525453294452],[-4.5174506626815605,40.280542265488243],[-4.5090001209103532,40.280652804969954],[-4.5056913402013032,40.280695918095773],[-4.4962188308384778,40.280818820603137],[-4.4939319276188074,40.280848376101297],[-4.4895086725268669,40.280905413072603],[-4.4890233202046348,40.2809116612911],[-4.4881911451898233,40.280922369616363],[-4.4821724256365778,40.280999639478161],[-4.4814514479359344,40.281008874565295],[-4.476955404102223,40.28106636349937],[-4.4752680452745608,40.28108789390366],[-4.4746592211036402,40.281095656349628],[-4.4733220663926119,40.28111269368538],[-4.4710983367136263,40.281140993066259],[-4.4704128349571128,40.281149708199933],[-4.4699364527975565,40.281155762296379],[-4.4616677277547376,40.281260532640815],[-4.4586531562830087,40.28129858224036],[-4.4547614921756251,40.281347586207495],[-4.4484449037160427,40.281426846119388],[-4.4468933903168404,40.2814462615734],[-4.445624713654813,40.28146212217311],[-4.4419179272268767,40.281508383522457],[-4.4351335377612298,40.281592746173239],[-4.4233735993188308,40.281738036014268],[-4.4116135756923356,40.281882131071036]]]},"properties":{"FID":6,"Malla10km_":"30TUK76","Sheet1__Ur":" ","Sheet1__CU":" ","Sheet1__Ob":0}},{"type":"Feature","id":7,"geometry":{"type":"Polygon","coordinates":[[[-4.2940088089159856,40.283257363065026],[-4.2941806155761375,40.292264413755255],[-4.2942374692229093,40.295244097411128],[-4.2943171897153816,40.29942147481821],[-4.2943524997280003,40.301271449770596],[-4.2945070844887612,40.309368486580311],[-4.2945244614108367,40.310278471109982],[-4.2946889885852872,40.318892272739312],[-4.2946965006639415,40.319285477772411],[-4.2947288246385735,40.320977324225758],[-4.2947409262102365,40.32161068708217],[-4.2947545530303639,40.322323853102596],[-4.2948349103342798,40.326528870566776],[-4.2948369468292249,40.326635426768391],[-4.2948686175266468,40.328292469756725],[-4.2949222844855814,40.331100064434793],[-4.2949397207032609,40.332012157412386],[-4.2950408120383017,40.337299447061916],[-4.2951057233073842,40.340693702498527],[-4.2951213513302333,40.341510816207503],[-4.2951708627020118,40.344099304760171],[-4.2951959195969796,40.345409168120774],[-4.2952130842382932,40.346306409686967],[-4.2952895141263516,40.350301112555826],[-4.2953290886407736,40.352369208482017],[-4.2953693764089547,40.354474357011185],[-4.2953854341660307,40.355313357630791],[-4.2954757477836782,40.360031488450204],[-4.2954928263427483,40.360923574460443],[-4.2954999176470592,40.361293971787902],[-4.2955163616306491,40.362152857421066],[-4.29555786186096,40.364320290892358],[-4.2955823084972433,40.365596955400918],[-4.2955916003099173,40.366082175617414],[-4.2956102941517971,40.367058335721815],[-4.2957303673625571,40.373327209470588],[-4.3075068400658996,40.373194644640961],[-4.311438883500001,40.373150115445853],[-4.3192832342164849,40.373060880997308],[-4.3205244935085583,40.373046712108888],[-4.3310595491077475,40.372925918563062],[-4.3428357840331495,40.3727897573619],[-4.3434344301954431,40.372782803549477],[-4.3442510181333027,40.372773313149061],[-4.346051223715695,40.372752370749879],[-4.354611938286185,40.372652397417646],[-4.3663880111603772,40.372513838754422],[-4.3781640019492825,40.372374081396465],[-4.3899399099464871,40.372233125368311],[-4.4017157344456042,40.372090970694614],[-4.4018548276383136,40.372089284429308],[-4.4043980314583404,40.372058422957615],[-4.4060665637612821,40.372038145121785],[-4.4134914747402894,40.371947617400302],[-4.4134334451355164,40.369170569114431],[-4.4134304314396031,40.369026335947709],[-4.4134132183852675,40.368202512371589],[-4.4133033034468676,40.362941135345082],[-4.4131152170211259,40.353934638491843],[-4.4130069851705871,40.348750119897751],[-4.4129520662761328,40.346118879980139],[-4.4129272154200061,40.344928126841694],[-4.4127990285643515,40.338784795753433],[-4.4127768509757459,40.337721746454392],[-4.4127392986004992,40.335921600395729],[-4.4127301783717794,40.335484379931636],[-4.4126863311438393,40.333382225547247],[-4.4126222744463792,40.330310775375885],[-4.4126049053456136,40.329477863841539],[-4.4125800288004093,40.328284882316993],[-4.4125716254950573,40.32788187659304],[-4.4125623012950514,40.327434697048773],[-4.412551466519619,40.326915059155105],[-4.4125401179171879,40.326370763468475],[-4.412537202772099,40.326230946413091],[-4.4125320948419402,40.325985955979114],[-4.412523368067772,40.325567388815003],[-4.412497715062254,40.324336928336365],[-4.4123775784026131,40.318573494772686],[-4.4123637191344134,40.317908503120925],[-4.4123352750709177,40.316543638158933],[-4.412333738757912,40.316469916779631],[-4.4123299196029953,40.316286649968021],[-4.4122838955600887,40.314077997336355],[-4.4122654808273882,40.313194222122888],[-4.4122519484794669,40.312544741370793],[-4.4122381261066446,40.311881319080378],[-4.4121760564019485,40.30890193229429],[-4.4121583772808162,40.308053241183835],[-4.4120985245361677,40.305179724857524],[-4.4120465509872986,40.302684150247359],[-4.4120092724366993,40.300893981504075],[-4.4119884782793539,40.299895346676351],[-4.4119375335534512,40.297448525630706],[-4.411800984723758,40.29088874626823],[-4.4117809753887842,40.289927320027914],[-4.4117575506264251,40.288801727292096],[-4.4116910159720462,40.28560429644633],[-4.4116458016585671,40.283431156010877],[-4.4116135756923356,40.281882131071036],[-4.4097473655281814,40.281904887721474],[-4.4059359452492206,40.281951270794174],[-4.4044601555452161,40.281969196680073],[-4.4006676788220513,40.282015176148882],[-4.4004601418627409,40.28201768870953],[-4.3972878506099633,40.284632533898225],[-4.3959184947451639,40.285434850874623],[-4.3957494018568504,40.285533921637921],[-4.3945983367287127,40.286208309351281],[-4.3937955272134275,40.286503570816556],[-4.3926486523021175,40.286925359849178],[-4.3925981416215905,40.286943936186994],[-4.3924655795650347,40.286933559950697],[-4.3911257615185937,40.286828678879353],[-4.3902143702439202,40.286757325070802],[-4.389268853015639,40.286683292850199],[-4.386446785017867,40.287548935352966],[-4.3850716724695484,40.288055642356454],[-4.3845633875361001,40.28824293229475],[-4.3845002348800346,40.28828926874246],[-4.3842948657829615,40.288439947439201],[-4.3834803093134331,40.289037575878957],[-4.3836538611556337,40.289205880410456],[-4.3844895843788105,40.289757100814747],[-4.3848994643801067,40.289962646444145],[-4.3850613843959465,40.290201230561699],[-4.3851090172085687,40.290611550466011],[-4.3851139165081392,40.291304291581163],[-4.3851159639363217,40.29159359547139],[-4.3850229452835414,40.292165948942497],[-4.3848996713338453,40.292538222565895],[-4.3848166667651123,40.29296012693932],[-4.3848538742968453,40.29350084849488],[-4.3847230238679957,40.294785196903085],[-4.3843811739695466,40.295991887402316],[-4.3843339190991832,40.296113693866864],[-4.3842614967007814,40.296300368304934],[-4.3836350901319188,40.297914945660693],[-4.3836159491683695,40.29795409036771],[-4.3829942768622026,40.299225431255458],[-4.3829603237266754,40.299486400741493],[-4.3829880446216318,40.299504396127865],[-4.3831725532310202,40.299624170557195],[-4.3834900866359492,40.299790741474894],[-4.383885932741248,40.299946354937582],[-4.3848608227242272,40.300255385558721],[-4.3857999359065891,40.300735205585525],[-4.3860358876018974,40.300752418895478],[-4.3862448547592834,40.300729874525771],[-4.3864292903880937,40.300787796685412],[-4.3868162279371861,40.300942669878559],[-4.3868911850658758,40.300972671710404],[-4.3870887040820348,40.301030435944426],[-4.3871835871216032,40.30118964567194],[-4.3871600074215138,40.301233657622554],[-4.3871563851675921,40.301240418093286],[-4.38707010401306,40.301401466946665],[-4.386333526699647,40.302186971961454],[-4.385451133362241,40.302884025389858],[-4.3851646761954628,40.30327829429487],[-4.3851064018079899,40.303629749792023],[-4.3846896821180872,40.304055647122588],[-4.3846096267884604,40.304302137401152],[-4.3844678118183085,40.304409058727408],[-4.3841764420208902,40.304562873531225],[-4.3840884486172476,40.304635056175506],[-4.3840090689748887,40.304700171815739],[-4.3839854547841881,40.304825720307569],[-4.3840396331913665,40.304915267294383],[-4.3839634613501266,40.305031423138402],[-4.3836975393470023,40.305149859743551],[-4.3835466238067831,40.305452308792198],[-4.3833998088767085,40.305634452500151],[-4.3831329469943938,40.306028492759204],[-4.3829450219011168,40.306120933132298],[-4.3824657925544175,40.306692887667431],[-4.3820857062244301,40.306966037926649],[-4.3816078523087878,40.307309443932681],[-4.381590264831897,40.307409869801006],[-4.3816761492830274,40.307448925400628],[-4.3817569094828475,40.307558207889194],[-4.3817655959400144,40.307663327958437],[-4.3817246957730855,40.307904337674998],[-4.3818565864417218,40.307952865050304],[-4.382099107483139,40.307970018589813],[-4.3821201654498356,40.307972781347871],[-4.3825191261296812,40.308025122692655],[-4.3826642070628274,40.308078512140909],[-4.3834732730023198,40.308594984179273],[-4.3834773458622296,40.308795365190598],[-4.3832889864489308,40.308855680212716],[-4.3832822709319812,40.308857830765696],[-4.3831336988267342,40.308954811554607],[-4.3830774692110239,40.30908575963052],[-4.383000780293143,40.309176870862906],[-4.3828018030001692,40.309369668810938],[-4.3828378438764766,40.30945669621471],[-4.3828431018217051,40.309469390839411],[-4.3828776562143608,40.309559171998835],[-4.3826339999356065,40.309807614765106],[-4.3825907528092518,40.309933396665741],[-4.3824184544225888,40.310150926958556],[-4.3823190628151902,40.31041267609973],[-4.3822152768181732,40.310459008545543],[-4.3820524911079826,40.310501045935524],[-4.3819432879902065,40.310602564630834],[-4.3818562632895679,40.310829094923228],[-4.381701359319683,40.310936169197291],[-4.381641988764529,40.3109587825913],[-4.3814025794077205,40.311049972382641],[-4.3813196484343493,40.311156188364151],[-4.3813183138667871,40.311388166871495],[-4.3813182076446369,40.311406747162913],[-4.3811790280666063,40.31164391944121],[-4.3811308640932287,40.311849934953877],[-4.3810497371488522,40.311957197647068],[-4.3810352522451899,40.311976350510591],[-4.3810368865172,40.312056505560669],[-4.3811599602524067,40.31223125069252],[-4.3812188729467536,40.312314894684974],[-4.3813472907621946,40.312513791667634],[-4.3813134236867306,40.312606593925445],[-4.3812976988487708,40.312649680211678],[-4.381258665301945,40.312686695383],[-4.3812013727551617,40.312741024734009],[-4.3807884666754795,40.313036575750495],[-4.3807068616384726,40.313066501741076],[-4.3804636020267766,40.313155708559208],[-4.3802395059031101,40.313241056513434],[-4.3800663779808975,40.313418500026586],[-4.3799263096958017,40.31355294767198],[-4.3798411050414243,40.313606585935467],[-4.3796911019603453,40.313633435308979],[-4.379474378850813,40.313783555088847],[-4.3793483377603177,40.313837952981693],[-4.3792590599512362,40.313954262834223],[-4.3791628335076824,40.314050613410423],[-4.3790265136749831,40.314107362310871],[-4.3789025812717393,40.314128879185283],[-4.3787602416648426,40.314210750535615],[-4.3784847403723228,40.314504657170524],[-4.3784859630729622,40.314564775083163],[-4.3784751901291781,40.314609628967453],[-4.3784618251756235,40.31466527845388],[-4.3784201170354198,40.31470372091885],[-4.3783076062398685,40.314807421501783],[-4.3782774342166801,40.314933045930935],[-4.3783000178353344,40.315078094580137],[-4.3785811376500092,40.316026810014066],[-4.3786359461406343,40.316146410878005],[-4.378723051420077,40.316245588289128],[-4.3789100694605452,40.316428767915184],[-4.379064663885015,40.316627353421623],[-4.3790678581293996,40.316643148440399],[-4.3791010497912115,40.316807307959827],[-4.3790904088617575,40.31692770155459],[-4.3788750285747078,40.317281024636699],[-4.3788902532135099,40.317386068627478],[-4.3789445538352423,40.317480625281455],[-4.3790253048185104,40.317540244535145],[-4.3796641854420013,40.318011929332158],[-4.3801096514640214,40.31834080898021],[-4.3792361813705964,40.318023558116948],[-4.3787182951182233,40.317835454300337],[-4.3785486806107183,40.317773846295928],[-4.3780593600662217,40.317596113293433],[-4.3764421121055994,40.317008667504489],[-4.3763180501168515,40.316963602143531],[-4.3762034641027867,40.316921978805013],[-4.3759110358948856,40.316610397464864],[-4.3756779169126636,40.316362009058679],[-4.3754407181672867,40.316109271444347],[-4.3754120459715562,40.316067028317633],[-4.3747794508490703,40.315135005434144],[-4.3748014952109342,40.314885876614888],[-4.3748220612569604,40.314653456112914],[-4.374836366928867,40.314633707965818],[-4.3751149758653929,40.314249116606184],[-4.3749518630220177,40.314202249153581],[-4.3737247197880249,40.313849646754292],[-4.3735742797298665,40.313806417774714],[-4.3731964957652973,40.314052628090231],[-4.3730574325667027,40.314143258839003],[-4.3729225738447592,40.314117045616307],[-4.3728328149704128,40.314099597731818],[-4.3714539387602667,40.313831563641969],[-4.3712489571829183,40.313832189442671],[-4.3705717718593684,40.313834251748567],[-4.3682518986906169,40.313841287109391],[-4.3680372365992151,40.31384193614462],[-4.367828370631786,40.313739485172242],[-4.3670852232097905,40.313374959661282],[-4.3643158516478247,40.31201645980704],[-4.3638494889022201,40.311787675255189],[-4.3629014619766862,40.311322590739863],[-4.3612544439153007,40.310514559741549],[-4.3604011191993823,40.310182770717596],[-4.3570678099994256,40.308886623079346],[-4.3566167024844873,40.308711200589819],[-4.3563857046505863,40.308621371011988],[-4.3565508641375388,40.308109468024888],[-4.3566957289284982,40.307447424352013],[-4.3570053413406793,40.305910478395752],[-4.357011739835138,40.304266852194971],[-4.3568501520266834,40.303386833006854],[-4.3569002019990801,40.302793768501196],[-4.3569136462685432,40.302634461145338],[-4.3570142865604273,40.300794298125687],[-4.3571451958450682,40.30022278444175],[-4.3572851987372561,40.299369289264241],[-4.357802079803049,40.297073266969271],[-4.3581013734429535,40.295351036898062],[-4.3580512574147701,40.295136154348249],[-4.3581464885314487,40.294989718778723],[-4.3582927598293448,40.294777551117548],[-4.3584568521168396,40.294474969440692],[-4.3585297360961297,40.29419350986214],[-4.3586521688799627,40.29377116059549],[-4.3586268260286607,40.293485842888884],[-4.3584437626303245,40.293167295738279],[-4.3584023071037281,40.293057547527845],[-4.3584670552260381,40.292695998615976],[-4.3584691829323399,40.292475501772429],[-4.3585321038705089,40.292349486523882],[-4.3585358377304759,40.292209135842967],[-4.3584893567407761,40.291848902082542],[-4.3583987495855148,40.290917947392266],[-4.3577934585081319,40.289772552721438],[-4.3582978436994582,40.289145290045028],[-4.3581066594600912,40.288746663330301],[-4.3581096934433008,40.288571249018609],[-4.3580030176256228,40.28847228596225],[-4.3576850016408946,40.288275577143182],[-4.3575273023881245,40.288242356046773],[-4.3573542026371106,40.288094059639533],[-4.3571643299030187,40.287760559476254],[-4.3570873574579352,40.287510917683292],[-4.3570473696467005,40.287152310433804],[-4.3570315559660999,40.287010486282981],[-4.3570927736585263,40.286907462680524],[-4.3571454987721694,40.286818729551129],[-4.3573841315843769,40.286645560911829],[-4.3575457753835822,40.286548459519572],[-4.3576413960510632,40.286422071730094],[-4.3576636523383581,40.286226379678936],[-4.3577324058187177,40.286065235326916],[-4.3577587708232794,40.285848556454681],[-4.3576303024658039,40.285540285559641],[-4.3575809946306761,40.285482015120266],[-4.3572818301000735,40.285128471517055],[-4.3570499724513674,40.284985871969965],[-4.356795393350013,40.284688213513739],[-4.3568410215289726,40.284351950324854],[-4.3570821822587176,40.283978311819368],[-4.3572107024441884,40.283861559051267],[-4.3576332175796288,40.283395608533603],[-4.3577587435760972,40.283128559898124],[-4.3578840633366331,40.282525263805447],[-4.3528122043946933,40.282584683716678],[-4.3492248501134485,40.282626577458167],[-4.341051684421843,40.282721609546151],[-4.3332959100414579,40.282811254395916],[-4.3292910841845877,40.282857340419341],[-4.3279403404361076,40.282872852994529],[-4.3233450032077192,40.282925509877302],[-4.3212612894591791,40.282949326494304],[-4.3180491640445133,40.282985967191109],[-4.317992816507088,40.282986609150974],[-4.3175304043858773,40.282991876312529],[-4.3132233003844602,40.283040848096128],[-4.3128455873287992,40.283045135044723],[-4.3099908055721867,40.283077496208783],[-4.3080207228528495,40.283099787530723],[-4.30576964572868,40.283125217202219],[-4.2940088089159856,40.283257363065026]]]},"properties":{"FID":7,"Malla10km_":"30TUK86","Sheet1__Ur":" ","Sheet1__CU":" ","Sheet1__Ob":0}},{"type":"Feature","id":8,"geometry":{"type":"Polygon","coordinates":[[[-4.1764896757861258,40.289898365002834],[-4.1765524972978838,40.293520539490501],[-4.1766079044134656,40.296714666318493],[-4.1766257779950369,40.297744938824408],[-4.1767087681037216,40.302527972374271],[-4.1767606518917244,40.305517647246674],[-4.1768326599462382,40.309666189082122],[-4.1768542460303824,40.310909642233753],[-4.1768625168558788,40.311386057481641],[-4.17686510943284,40.311535392487912],[-4.1768817734660404,40.312495230590322],[-4.1768849794481184,40.312679887883611],[-4.1769041998164935,40.313786901563404],[-4.176910967750624,40.31417669190229],[-4.1770215212584381,40.320542796227492],[-4.1770520762664498,40.322301914187598],[-4.1771352943443487,40.327092170692836],[-4.1771780036631867,40.329550186294178],[-4.1772222898856128,40.332098635553415],[-4.1772719421261044,40.33495548408338],[-4.1772779805533036,40.335302890015683],[-4.177287343968187,40.335841578872817],[-4.1773239232001158,40.337945887630042],[-4.1773329015766496,40.338462356432771],[-4.1773345566672297,40.338557561786253],[-4.1773911370031556,40.341811944070685],[-4.1773958682289294,40.342084050141679],[-4.1774911803063857,40.34756492270278],[-4.1774921675349166,40.347621684877787],[-4.1774960848535638,40.347846915352804],[-4.1775568058404238,40.351337808167791],[-4.1775595902748455,40.35149787260027],[-4.17756843043722,40.35200604467245],[-4.1776043344350571,40.354069833648566],[-4.1776056433005486,40.354145064183449],[-4.1776478746164907,40.356572269042729],[-4.1777409915325254,40.36192302944648],[-4.1778046396334085,40.365579600805084],[-4.1778476047850761,40.368047560711396],[-4.177856302819051,40.368547146939491],[-4.1778726459988249,40.369485811057039],[-4.1778796492543799,40.369888026736],[-4.1778893203581795,40.370443450698644],[-4.1778951397270001,40.370777657081184],[-4.1779330709274838,40.372955908564691],[-4.1779402813049291,40.37336994745192],[-4.1779614753930341,40.374586917988893],[-4.1876869907350933,40.374487434236421],[-4.1897386947563753,40.374466342542561],[-4.1914857999538864,40.374448353446141],[-4.2002969714762726,40.374357226719646],[-4.2015158426342172,40.374344568059328],[-4.2053555287472593,40.374304606760148],[-4.2061529826007389,40.374296291314216],[-4.2065282111215803,40.374292376717619],[-4.211501484306952,40.374240377669011],[-4.2123592590660399,40.374231387401416],[-4.2132929183197056,40.374221594560545],[-4.2158030099204362,40.374195229659648],[-4.2187226863151057,40.374164494093826],[-4.2197121201441625,40.374154061550506],[-4.2204186350173245,40.37414660690888],[-4.2250699211060194,40.374097422067763],[-4.235842802176375,40.373982785993469],[-4.2368468502863585,40.37397205060276],[-4.2485775364153664,40.373845978723232],[-4.2486237051539568,40.373845480187498],[-4.2502437207251687,40.373827975384408],[-4.2604004850020694,40.373717710844147],[-4.270736076401719,40.373604588834368],[-4.2721771891240152,40.373588742595103],[-4.2734194446161906,40.373575068539587],[-4.2839538168130513,40.373458575462983],[-4.2874095741120506,40.373420151280605],[-4.2957303673625571,40.373327209470588],[-4.2956102941517971,40.367058335721815],[-4.2955916003099173,40.366082175617414],[-4.2955823084972433,40.365596955400918],[-4.29555786186096,40.364320290892358],[-4.2955163616306491,40.362152857421066],[-4.2954999176470592,40.361293971787902],[-4.2954928263427483,40.360923574460443],[-4.2954757477836782,40.360031488450204],[-4.2953854341660307,40.355313357630791],[-4.2953693764089547,40.354474357011185],[-4.2953290886407736,40.352369208482017],[-4.2952895141263516,40.350301112555826],[-4.2952130842382932,40.346306409686967],[-4.2951959195969796,40.345409168120774],[-4.2951708627020118,40.344099304760171],[-4.2951213513302333,40.341510816207503],[-4.2951057233073842,40.340693702498527],[-4.2950408120383017,40.337299447061916],[-4.2949397207032609,40.332012157412386],[-4.2949222844855814,40.331100064434793],[-4.2948686175266468,40.328292469756725],[-4.2948369468292249,40.326635426768391],[-4.2948349103342798,40.326528870566776],[-4.2947545530303639,40.322323853102596],[-4.2947409262102365,40.32161068708217],[-4.2947288246385735,40.320977324225758],[-4.2946965006639415,40.319285477772411],[-4.2946889885852872,40.318892272739312],[-4.2945244614108367,40.310278471109982],[-4.2945070844887612,40.309368486580311],[-4.2943524997280003,40.301271449770596],[-4.2943171897153816,40.29942147481821],[-4.2942374692229093,40.295244097411128],[-4.2941806155761375,40.292264413755255],[-4.2940088089159856,40.283257363065026],[-4.2822478946508298,40.283388313877893],[-4.2704869036362627,40.28351806961787],[-4.2587258365753407,40.283646630262282],[-4.2469646941712362,40.283773995788636],[-4.242189430096853,40.283825367429557],[-4.2417558984613777,40.283830021541924],[-4.241594057880703,40.283831758540117],[-4.2400415620580825,40.283848409619672],[-4.2384630547286788,40.283865318316813],[-4.2378603341823435,40.283871768871705],[-4.235203477127067,40.283900166174654],[-4.2346914100190123,40.283905632290136],[-4.2328927116960475,40.283924814721416],[-4.2324675934612035,40.283929344358384],[-4.2320180503038447,40.283934132543244],[-4.2271929185556019,40.283985416080192],[-4.2234421861459941,40.284025141398253],[-4.211799593023386,40.284147677433566],[-4.2116808219312283,40.284148921437605],[-4.2047746748272123,40.284221046445658],[-4.2045596333744362,40.28422328563186],[-4.2044782039146895,40.28462610457688],[-4.2042929424029047,40.285542546823592],[-4.2042551797313603,40.285679705950351],[-4.2040360084019692,40.286475744547261],[-4.2038416304403867,40.287181716387366],[-4.2038072931988371,40.287306426158587],[-4.2037591555514844,40.287359409120249],[-4.2037410926602794,40.287379289892513],[-4.2027737700723593,40.288443954412749],[-4.2022299830822689,40.289042447297845],[-4.202016286521526,40.289277635763675],[-4.2020101729202652,40.289284365060823],[-4.2019674002553087,40.289298680658867],[-4.2018865797121183,40.28932573028689],[-4.2016048126408334,40.28930360585229],[-4.2014534661361784,40.289325011998677],[-4.2013372040238863,40.289341456320663],[-4.2009563475069571,40.28953089380002],[-4.2004420646295779,40.289786692194014],[-4.1997321298675576,40.289974445297545],[-4.1989834545944751,40.290238600188488],[-4.1989712752932844,40.290242897591988],[-4.1989434376244787,40.290280035701926],[-4.198683587304485,40.29062670010785],[-4.1984364852811478,40.29108525634274],[-4.1982700904387578,40.291297433415949],[-4.1981814994277649,40.291468720606836],[-4.1981383994259884,40.291690435762227],[-4.1980460425436128,40.29195117187129],[-4.1979097154660172,40.292383518381605],[-4.1979165380105776,40.292458267647163],[-4.1979340584771689,40.292650198167273],[-4.1979421602235236,40.292738953117009],[-4.1978864528446369,40.292919921164732],[-4.1978041372193911,40.293076111504625],[-4.1976263518720716,40.293329148834765],[-4.1976126278953396,40.293348681022479],[-4.1974608234569688,40.293645900524332],[-4.1973168090875896,40.293859558926243],[-4.1971547098396842,40.294100043963006],[-4.1969473724696966,40.294217434555932],[-4.1963493287799967,40.294444103865743],[-4.195576459974423,40.294777790627762],[-4.1953897150318467,40.29495008999114],[-4.1952083761715615,40.295057199802571],[-4.194889540215665,40.295160707981012],[-4.1944531809873622,40.295280460333387],[-4.1926311332153574,40.296438559111323],[-4.192429780471266,40.296566534886082],[-4.1908707142465111,40.297356807219131],[-4.1904353672254109,40.297160854478626],[-4.188535105520037,40.296649227215198],[-4.1875626265454224,40.296423697035287],[-4.187180408488941,40.29627228028334],[-4.1868432117844874,40.296075308424179],[-4.1865863830200309,40.29589364190079],[-4.1859354437687992,40.295433195474693],[-4.1853248833283905,40.294998004604359],[-4.1844246082407146,40.294356295583199],[-4.1839899959056632,40.294200393759219],[-4.1836422559704998,40.294027965414493],[-4.1835939305800149,40.294004003048684],[-4.1835466540423756,40.293994702931855],[-4.1820442513539415,40.293699147082819],[-4.181268270725945,40.293649258731215],[-4.1810353623614995,40.293634283546218],[-4.180159642697638,40.293544537390119],[-4.1795194584956121,40.293389172384295],[-4.1784162980881252,40.2927940963407],[-4.1779598121780648,40.292508105924959],[-4.1778064681352118,40.292344307366726],[-4.1775273391202017,40.291688451694611],[-4.1772426171425909,40.290771610016904],[-4.1771162879716055,40.290467236074015],[-4.1769969628130701,40.290378253490637],[-4.1767155477021571,40.290126428127344],[-4.1764896757861258,40.289898365002834]]]},"properties":{"FID":8,"Malla10km_":"30TUK96","Sheet1__Ur":" ","Sheet1__CU":" ","Sheet1__Ob":0}},{"type":"Feature","id":9,"geometry":{"type":"Polygon","coordinates":[[[-4.0587767428909389,40.28564929151495],[-4.0589072937747881,40.294013984017397],[-4.0589173333791511,40.294657098794971],[-4.0589294291121867,40.295431897013117],[-4.0589965917047675,40.299733481781104],[-4.058998979753567,40.299886412816896],[-4.0590474592652406,40.30299079461706],[-4.059057987299683,40.303664892499519],[-4.0590749648885778,40.304751899806192],[-4.0591987046706253,40.312672671726858],[-4.0593394855241378,40.321680436476093],[-4.0594803298924154,40.330688186746222],[-4.0595135388272645,40.33281148171389],[-4.059515848946889,40.33295917646813],[-4.0595213461313397,40.333310628018431],[-4.0595451786642478,40.334834241800074],[-4.0596063293799372,40.338743073295554],[-4.0596212377935741,40.339695921635574],[-4.0596579483017434,40.342042022830192],[-4.0596908338557656,40.344143443348003],[-4.0597622093021357,40.348703643845539],[-4.0597726114284436,40.349368151826418],[-4.0598055669022459,40.35147326480967],[-4.0599032444080789,40.357711350672822],[-4.0599149368674583,40.358457947986132],[-4.0599228272850976,40.35896175811655],[-4.0600067323434317,40.364318381102976],[-4.0600410440624213,40.366508476540986],[-4.0600443431577844,40.366719043017312],[-4.0600623049690725,40.367865425860302],[-4.0601855055835605,40.375726720878035],[-4.062453527203032,40.37570590458445],[-4.0651481209661577,40.375681115307174],[-4.0719634009192225,40.375618136928253],[-4.0721029664512836,40.3756168430386],[-4.0763204538305002,40.375577663919017],[-4.0780627603978505,40.375561433536674],[-4.0781605273682375,40.375560522014638],[-4.0785856056523135,40.37555655787218],[-4.0837412318393476,40.375508353739711],[-4.0871106212358876,40.375476726359736],[-4.0928251200855224,40.375422861689906],[-4.0952599906377367,40.375399824868765],[-4.0955189976368285,40.375397371331644],[-4.0967215193708295,40.375385972410449],[-4.1068808278908513,40.375289171282624],[-4.1072966976045731,40.375285189723506],[-4.1190743310355273,40.375171808934944],[-4.1288635891784002,40.375076656739971],[-4.1296790549927387,40.375068692961385],[-4.1308518972226507,40.375057228985867],[-4.1426293954589353,40.374941449896312],[-4.1475108999711408,40.374893110399547],[-4.1499907350464662,40.374868474679758],[-4.1537522830788101,40.374831004349964],[-4.1544068250373947,40.374824471686601],[-4.1578026793606533,40.374790519837106],[-4.1661841852510717,40.374706294377219],[-4.1682729532797973,40.374685209834006],[-4.1687485439102101,40.37468040382943],[-4.173175297263759,40.374635576128071],[-4.1779614753930341,40.374586917988893],[-4.1779402813049291,40.37336994745192],[-4.1779330709274838,40.372955908564691],[-4.1778951397270001,40.370777657081184],[-4.1778893203581795,40.370443450698644],[-4.1778796492543799,40.369888026736],[-4.1778726459988249,40.369485811057039],[-4.177856302819051,40.368547146939491],[-4.1778476047850761,40.368047560711396],[-4.1778046396334085,40.365579600805084],[-4.1777409915325254,40.36192302944648],[-4.1776478746164907,40.356572269042729],[-4.1776056433005486,40.354145064183449],[-4.1776043344350571,40.354069833648566],[-4.17756843043722,40.35200604467245],[-4.1775595902748455,40.35149787260027],[-4.1775568058404238,40.351337808167791],[-4.1774960848535638,40.347846915352804],[-4.1774921675349166,40.347621684877787],[-4.1774911803063857,40.34756492270278],[-4.1773958682289294,40.342084050141679],[-4.1773911370031556,40.341811944070685],[-4.1773345566672297,40.338557561786253],[-4.1773329015766496,40.338462356432771],[-4.1773239232001158,40.337945887630042],[-4.177287343968187,40.335841578872817],[-4.1772779805533036,40.335302890015683],[-4.1772719421261044,40.33495548408338],[-4.1772222898856128,40.332098635553415],[-4.1771780036631867,40.329550186294178],[-4.1771352943443487,40.327092170692836],[-4.1770520762664498,40.322301914187598],[-4.1770215212584381,40.320542796227492],[-4.176910967750624,40.31417669190229],[-4.1769041998164935,40.313786901563404],[-4.1768849794481184,40.312679887883611],[-4.1768817734660404,40.312495230590322],[-4.17686510943284,40.311535392487912],[-4.1768625168558788,40.311386057481641],[-4.1768542460303824,40.310909642233753],[-4.1768326599462382,40.309666189082122],[-4.1767606518917244,40.305517647246674],[-4.1767087681037216,40.302527972374271],[-4.1766257779950369,40.297744938824408],[-4.1766079044134656,40.296714666318493],[-4.1765524972978838,40.293520539490501],[-4.1764896757861258,40.289898365002834],[-4.1763781342040627,40.289785740601026],[-4.1762262310399647,40.28970459930283],[-4.1760118737206318,40.289606563807027],[-4.1757532002865094,40.289406250066548],[-4.1753911855053776,40.28909423762579],[-4.175209626949119,40.289000877307373],[-4.1744926083499285,40.288782662618551],[-4.1743090873958293,40.288764484104021],[-4.1740992124864622,40.288736552007705],[-4.1737089497271977,40.288682876713182],[-4.1733599593220099,40.288556138020354],[-4.1728809696585119,40.288290398705939],[-4.172485295458511,40.288099974553297],[-4.1725290593233355,40.28800049102334],[-4.1727149067329368,40.287578027425482],[-4.1727233496151435,40.287530095725998],[-4.1727834317313253,40.287188989954892],[-4.1728299775679005,40.286852787146373],[-4.1731545114457749,40.285942529330079],[-4.173237987617811,40.284714007767676],[-4.1731697059910955,40.284549340075586],[-4.1731665040475026,40.284545887192635],[-4.1731069200207411,40.284546491391858],[-4.1705753669263999,40.284572133716132],[-4.1696728231316165,40.284581262263686],[-4.1652481890535409,40.284625912198585],[-4.1646346468155393,40.284632090223205],[-4.1639611809352637,40.284638867846766],[-4.1590925413128383,40.284687748206835],[-4.1589770115188216,40.28468890561831],[-4.1587913961436422,40.284690764926118],[-4.1566847825216806,40.284711845985072],[-4.1528729269810478,40.284749894020614],[-4.1411111381326151,40.284866502506979],[-4.1372009439666311,40.284905003977215],[-4.1368670290268952,40.284908285722771],[-4.1344634850218016,40.284931879524308],[-4.1330154207511995,40.284946069983704],[-4.1314103722348019,40.284961777644078],[-4.1293492809736332,40.284981915661909],[-4.1289576896328315,40.284985737577273],[-4.1270216868113216,40.285004613406251],[-4.1175873562075074,40.285096133465181],[-4.1058253645376777,40.285209155896844],[-4.0940633066676062,40.285320982937115],[-4.0823011833007792,40.28543161456642],[-4.0705389951407138,40.285541050765417],[-4.0587767428909389,40.28564929151495]]]},"properties":{"FID":9,"Malla10km_":"30TVK06","Sheet1__Ur":" ","Sheet1__CU":" ","Sheet1__Ob":0}},{"type":"Feature","id":10,"geometry":{"type":"Polygon","coordinates":[[[-3.9411508502419252,40.286665944326813],[-3.9411702856700233,40.288067079957194],[-3.9411795238136795,40.288733040081972],[-3.9412441266252891,40.293389510693039],[-3.9412758276695552,40.295674074483927],[-3.9412919027038318,40.296832435852487],[-3.9412978578396651,40.297261543752271],[-3.941304563089751,40.297744691395366],[-3.9413129277410577,40.298347390962235],[-3.9413176957992051,40.298690936456453],[-3.9413334839143102,40.299828450688189],[-3.9414008614750093,40.30468219024926],[-3.9414178768879213,40.305907758069274],[-3.9414217570512888,40.306187223726589],[-3.941431599716108,40.306896116170591],[-3.9414761384891936,40.310103590345726],[-3.9415015984016373,40.311936862004053],[-3.9415235659112087,40.313518523278532],[-3.9415259516868626,40.313690291621867],[-3.9415693463410029,40.316814311534884],[-3.9415827522312887,40.317779314405684],[-3.9415862664518753,40.318032272553538],[-3.941651098346227,40.322698379501723],[-3.9416834595795489,40.325027085782999],[-3.9417064250103477,40.326679507155106],[-3.9417120543381428,40.327084530721734],[-3.9417445850381827,40.329424915177988],[-3.9417525591064217,40.329998558503149],[-3.9417574010206686,40.330346870978175],[-3.9417624508237092,40.330710131840974],[-3.94176832881735,40.331132960780678],[-3.9417763014441713,40.331706451185461],[-3.9418163795004841,40.334589112727208],[-3.9418195298143672,40.334815685072357],[-3.9418234722302952,40.335099222207226],[-3.9418238995064954,40.335129951515185],[-3.9418281837115545,40.335438064944825],[-3.9418709782075165,40.338515517361401],[-3.9418845020231323,40.33948794764509],[-3.9419015610468868,40.340714509374642],[-3.941923883181198,40.34231938008994],[-3.9419300808840987,40.342764946775603],[-3.9420245872624631,40.349557985289856],[-3.9420268771705178,40.349722553167567],[-3.9420382535670639,40.350540115787943],[-3.9420729719900431,40.353034941107431],[-3.9421522498312034,40.358730581662556],[-3.9421825222687685,40.360905045818555],[-3.9421892144010005,40.361385708488818],[-3.9422776790827272,40.367738596660324],[-3.942403164953828,40.376746598159997],[-3.9432781714251095,40.376739463856602],[-3.9448547821697426,40.376726592357272],[-3.9460426757200597,40.376716880155939],[-3.9489581261927706,40.376692991738921],[-3.9541816655485418,40.376650007610102],[-3.9650480035858808,40.376559833212276],[-3.9659601088001182,40.376552217640565],[-3.9659782030947297,40.376552066490476],[-3.9663371296616341,40.37654906762404],[-3.9669223681140684,40.376544175510197],[-3.9706305479782427,40.376513109315951],[-3.9777384940012208,40.37645322826851],[-3.9870241743277957,40.37637434254416],[-3.9888977499569398,40.376358335321967],[-3.989516820444527,40.376353039511308],[-4.0012950874227391,40.376251651386511],[-4.0130732942285805,40.376149063911896],[-4.0241237597681572,40.376051724063288],[-4.0248514401547988,40.376045277105433],[-4.0319670586694851,40.375981994207372],[-4.0348848380988702,40.375955918271728],[-4.0354152189246779,40.37595117039632],[-4.0363301274782639,40.375942974578123],[-4.0366295244941641,40.375940290985334],[-4.0374551367699745,40.375932886737296],[-4.0394843611607349,40.375914663213479],[-4.0421482192551901,40.375890686272882],[-4.0431524423404603,40.375881631498856],[-4.0484075465394955,40.375834105569993],[-4.0593760083974946,40.37573413980892],[-4.0601855055835605,40.375726720878035],[-4.0600623049690725,40.367865425860302],[-4.0600443431577844,40.366719043017312],[-4.0600410440624213,40.366508476540986],[-4.0600067323434317,40.364318381102976],[-4.0599228272850976,40.35896175811655],[-4.0599149368674583,40.358457947986132],[-4.0599032444080789,40.357711350672822],[-4.0598055669022459,40.35147326480967],[-4.0597726114284436,40.349368151826418],[-4.0597622093021357,40.348703643845539],[-4.0596908338557656,40.344143443348003],[-4.0596579483017434,40.342042022830192],[-4.0596212377935741,40.339695921635574],[-4.0596063293799372,40.338743073295554],[-4.0595451786642478,40.334834241800074],[-4.0595213461313397,40.333310628018431],[-4.059515848946889,40.33295917646813],[-4.0595135388272645,40.33281148171389],[-4.0594803298924154,40.330688186746222],[-4.0593394855241378,40.321680436476093],[-4.0591987046706253,40.312672671726858],[-4.0590749648885778,40.304751899806192],[-4.059057987299683,40.303664892499519],[-4.0590474592652406,40.30299079461706],[-4.058998979753567,40.299886412816896],[-4.0589965917047675,40.299733481781104],[-4.0589294291121867,40.295431897013117],[-4.0589173333791511,40.294657098794971],[-4.0589072937747881,40.294013984017397],[-4.0587767428909389,40.28564929151495],[-4.0470144272550241,40.285756336796112],[-4.0352520489365231,40.285862186590144],[-4.0240301272093735,40.285962057926007],[-4.0234896086390934,40.28596684087853],[-4.0117271070663492,40.286070299642965],[-4.0045222035093282,40.286133080709149],[-3.9999645449219368,40.28617256286536],[-3.9977610877199017,40.286191586614791],[-3.9972736213800304,40.286195789530254],[-3.9882019229095382,40.286273630527802],[-3.9764392417328542,40.286373502612619],[-3.9646765020956063,40.28647217910234],[-3.9529137047015395,40.286569659979683],[-3.9431330853081268,40.286649802623671],[-3.9416822657011017,40.286661620245823],[-3.9415596257896031,40.286662618372695],[-3.9414139083554098,40.286663804151118],[-3.9411508502419252,40.286665944326813]]]},"properties":{"FID":10,"Malla10km_":"30TVK16","Sheet1__Ur":" ","Sheet1__CU":" ","Sheet1__Ob":0}},{"type":"Feature","id":11,"geometry":{"type":"Polygon","coordinates":[[[-3.8235193227089934,40.287563034485956],[-3.8236286841956195,40.29657144786021],[-3.8236302514572391,40.296700517980341],[-3.8236459423111251,40.297992674991811],[-3.8236516148230675,40.298459791198177],[-3.8236581205732825,40.298995508854077],[-3.823682430140904,40.300997158785066],[-3.8237165986349684,40.303810252488226],[-3.8237228035022701,40.304321056845495],[-3.8237380950284323,40.305579847818045],[-3.8238475552215041,40.314588233457741],[-3.8239570647998633,40.32359660477848],[-3.8240666237885517,40.332604961779353],[-3.8241383457644704,40.338500007639574],[-3.8241762322126385,40.341613304459592],[-3.8242858900972005,40.35062163281831],[-3.8243269652655902,40.35399488314318],[-3.8243304593583405,40.354281805044877],[-3.8243365493379904,40.354781881633919],[-3.8243430758982249,40.355317793935001],[-3.8243610833907495,40.356796359650765],[-3.8243631110615435,40.356962841495623],[-3.8243955974673427,40.359629946854653],[-3.8245053543372061,40.368638245667029],[-3.8246151607648655,40.377646531957012],[-3.8363941958824377,40.377561936500257],[-3.8481731807314494,40.377476141463951],[-3.8599521146043538,40.37738914686318],[-3.871730996793624,40.377300952713185],[-3.8835098265917503,40.377211559029426],[-3.8941876834843363,40.377129484082623],[-3.8949592805592563,40.377123515027549],[-3.8952886032912435,40.377120965827572],[-3.9023815171613321,40.377065833802938],[-3.9041679235895721,40.377051879772971],[-3.9070673261846367,40.377029173123496],[-3.9076157132003955,40.377024870258509],[-3.908520307594042,40.377017766763394],[-3.908734988313328,40.377016079904173],[-3.9105801294645612,40.377001565224937],[-3.9188459945644794,40.376936180933313],[-3.9203410168405868,40.376924291967136],[-3.9306246077233458,40.376841989273309],[-3.9371601026064997,40.376789208380565],[-3.942403164953828,40.376746598159997],[-3.9422776790827272,40.367738596660324],[-3.9421892144010005,40.361385708488818],[-3.9421825222687685,40.360905045818555],[-3.9421522498312034,40.358730581662556],[-3.9420729719900431,40.353034941107431],[-3.9420382535670639,40.350540115787943],[-3.9420268771705178,40.349722553167567],[-3.9420245872624631,40.349557985289856],[-3.9419300808840987,40.342764946775603],[-3.941923883181198,40.34231938008994],[-3.9419015610468868,40.340714509374642],[-3.9418845020231323,40.33948794764509],[-3.9418709782075165,40.338515517361401],[-3.9418281837115545,40.335438064944825],[-3.9418238995064954,40.335129951515185],[-3.9418234722302952,40.335099222207226],[-3.9418195298143672,40.334815685072357],[-3.9418163795004841,40.334589112727208],[-3.9417763014441713,40.331706451185461],[-3.94176832881735,40.331132960780678],[-3.9417624508237092,40.330710131840974],[-3.9417574010206686,40.330346870978175],[-3.9417525591064217,40.329998558503149],[-3.9417445850381827,40.329424915177988],[-3.9417120543381428,40.327084530721734],[-3.9417064250103477,40.326679507155106],[-3.9416834595795489,40.325027085782999],[-3.941651098346227,40.322698379501723],[-3.9415862664518753,40.318032272553538],[-3.9415827522312887,40.317779314405684],[-3.9415693463410029,40.316814311534884],[-3.9415259516868626,40.313690291621867],[-3.9415235659112087,40.313518523278532],[-3.9415015984016373,40.311936862004053],[-3.9414761384891936,40.310103590345726],[-3.941431599716108,40.306896116170591],[-3.9414217570512888,40.306187223726589],[-3.9414178768879213,40.305907758069274],[-3.9414008614750093,40.30468219024926],[-3.9413334839143102,40.299828450688189],[-3.9413176957992051,40.298690936456453],[-3.9413129277410577,40.298347390962235],[-3.941304563089751,40.297744691395366],[-3.9412978578396651,40.297261543752271],[-3.9412919027038318,40.296832435852487],[-3.9412758276695552,40.295674074483927],[-3.9412441266252891,40.293389510693039],[-3.9411795238136795,40.288733040081972],[-3.9411702856700233,40.288067079957194],[-3.9411508502419252,40.286665944326813],[-3.9293879394580351,40.28676103482929],[-3.9216358077505267,40.286823048012621],[-3.9176249730161938,40.286854928768037],[-3.9091479670942659,40.286921852044699],[-3.906711284613956,40.286940973939643],[-3.9058619516327302,40.286947627027466],[-3.9029952763353677,40.286970036538669],[-3.9018890360837002,40.286978665296793],[-3.8986227494223749,40.287004080852029],[-3.8971805564494391,40.287015273461094],[-3.895876594027746,40.28702537780962],[-3.8953952129967835,40.287029104295833],[-3.8953869178303728,40.287029168493163],[-3.8946484232592478,40.287034881410385],[-3.8940988760114887,40.287039129591342],[-3.8913432107864492,40.287060392212084],[-3.8908178726101252,40.287064438254014],[-3.8873924809026561,40.287090761395056],[-3.8866431537023263,40.287096506236367],[-3.8823357468446327,40.287129435542795],[-3.8705725648711935,40.287218547568564],[-3.8588093307599407,40.287306462950546],[-3.8470460452265192,40.287393182574199],[-3.8352827089637911,40.287478705523462],[-3.8235193227089934,40.287563034485956]]]},"properties":{"FID":11,"Malla10km_":"30TVK26","Sheet1__Ur":" ","Sheet1__CU":" ","Sheet1__Ob":0}},{"type":"Feature","id":12,"geometry":{"type":"Polygon","coordinates":[[[-4.4114240896568937,40.272771552321743],[-4.4114241641084169,40.272775132805229],[-4.4114262511423048,40.272875501085899],[-4.4116135756923356,40.281882131071036],[-4.4233735993188308,40.281738036014268],[-4.4351335377612298,40.281592746173239],[-4.4419179272268767,40.281508383522457],[-4.445624713654813,40.28146212217311],[-4.4468933903168404,40.2814462615734],[-4.4484449037160427,40.281426846119388],[-4.4547614921756251,40.281347586207495],[-4.4586531562830087,40.28129858224036],[-4.4616677277547376,40.281260532640815],[-4.4699364527975565,40.281155762296379],[-4.4704128349571128,40.281149708199933],[-4.4710983367136263,40.281140993066259],[-4.4733220663926119,40.28111269368538],[-4.4746592211036402,40.281095656349628],[-4.4752680452745608,40.28108789390366],[-4.476955404102223,40.28106636349937],[-4.4814514479359344,40.281008874565295],[-4.4821724256365778,40.280999639478161],[-4.4881911451898233,40.280922369616363],[-4.4890233202046348,40.2809116612911],[-4.4895086725268669,40.280905413072603],[-4.4939319276188074,40.280848376101297],[-4.4962188308384778,40.280818820603137],[-4.5056913402013032,40.280695918095773],[-4.5090001209103532,40.280652804969954],[-4.5174506626815605,40.280542265488243],[-4.5187318032019999,40.280525453294452],[-4.5246285751205866,40.280447887930812],[-4.5257157051841315,40.280433555137265],[-4.5282463610178914,40.280400151220739],[-4.528779697245966,40.280393104273024],[-4.5292098943571437,40.280387418305629],[-4.5292072055650756,40.280268106258958],[-4.5290069787409255,40.271381261505475],[-4.5289666947626168,40.269592822388582],[-4.5288879043781733,40.266094396286725],[-4.5288824035919664,40.26585012912664],[-4.5288627237141981,40.264976202618151],[-4.5288041545855062,40.262375089794581],[-4.5287707475141481,40.260891296529039],[-4.5287633849902456,40.260564271145952],[-4.5287360186993979,40.259348680042976],[-4.5287082229156077,40.258113935173697],[-4.5287040533701859,40.257928708935871],[-4.5286511633309789,40.255578993129134],[-4.5286306415666919,40.254667209638612],[-4.5286014218446073,40.253368903174128],[-4.52859513708332,40.25308964420261],[-4.5285565732014694,40.251375999307967],[-4.5284601120978829,40.247088956975297],[-4.5284118764944434,40.244944864979644],[-4.5283987804719805,40.24436270164535],[-4.528326425968431,40.241145987683637],[-4.5283253136263575,40.241096531469495],[-4.5283172519206687,40.240738093595922],[-4.5283049135848925,40.24018949659127],[-4.5282996841671403,40.239956977453666],[-4.5282815487497876,40.239150589087068],[-4.5282608981396129,40.238232323307749],[-4.5282494693036357,40.23772410176403],[-4.5282295492367535,40.236838258128472],[-4.5282254543583207,40.236656154357355],[-4.5282091607986938,40.235931545247034],[-4.5281962304214289,40.235356485209437],[-4.5281915050786834,40.235146328203939],[-4.5281652218240298,40.233977354498293],[-4.5281644773003551,40.233944240072972],[-4.5281229069293358,40.232095213549357],[-4.528091262574101,40.230687575450212],[-4.528078338879781,40.230112661213667],[-4.528076853074313,40.230046563668559],[-4.5280683833570148,40.229669775616557],[-4.528055866609642,40.229112936317335],[-4.5280532334413488,40.228995791154709],[-4.5280269179252173,40.227825020894187],[-4.5280063375284216,40.226909356577067],[-4.5279937716467682,40.226350253867601],[-4.5278873882267492,40.221616231456416],[-4.5278771802203268,40.22116191979498],[-4.5277914041018601,40.217344007621023],[-4.5277662454467356,40.216224051982621],[-4.5277286950311426,40.214552351018874],[-4.5277204853721607,40.214186847821438],[-4.5276944284348435,40.213026719391422],[-4.527679441860851,40.212359444177245],[-4.5275891277405975,40.20833774647091],[-4.5274236661356815,40.200967615038905],[-4.5274079270837886,40.200266410707314],[-4.5274072051236507,40.200234245434501],[-4.5269206530845798,40.200362081373889],[-4.5264219698998547,40.20066638727161],[-4.5255383490559806,40.201205574920316],[-4.5252079224092894,40.201319352586381],[-4.5250267864741556,40.201381722914974],[-4.5248330269453181,40.201448440333245],[-4.5241607804891757,40.201807649800607],[-4.5238749886433727,40.201741339732386],[-4.5238426942193266,40.201736367683324],[-4.5235489414225745,40.201691135361571],[-4.5229502244284001,40.201706798202473],[-4.5226271398587148,40.201788906346586],[-4.5224769296847844,40.201843657767682],[-4.5223717191472863,40.201882007273689],[-4.5216702884395623,40.202136260769279],[-4.5213321209758979,40.202154237902597],[-4.5211974398178691,40.20214616952547],[-4.5210272675334551,40.202135976457839],[-4.5208478327658295,40.202125227382844],[-4.5205733258376242,40.202123816301089],[-4.5199087389407637,40.202212720263375],[-4.5196637279688119,40.202361245741898],[-4.5194837503456631,40.20256402375805],[-4.5193956034811587,40.202663337140848],[-4.5192047386559988,40.20287838009655],[-4.5188081730378595,40.203264407786975],[-4.5181402488462243,40.203848480115049],[-4.5181158869939644,40.203869783327733],[-4.5178926972774471,40.204118244310223],[-4.5177293042687756,40.204411013204385],[-4.5174364046594038,40.204753199464385],[-4.5172458999872056,40.204975757831384],[-4.5172261223847556,40.204998862006569],[-4.5169756663229297,40.20519756547646],[-4.5168763784893722,40.205434379719819],[-4.5168826323614546,40.205506769346684],[-4.5169468512738842,40.206250228977559],[-4.5170285371166914,40.206690114741463],[-4.5170001711148302,40.207176531889075],[-4.5171985678895306,40.207574804058495],[-4.5172241986486377,40.207845050842856],[-4.5173457123806786,40.2080188366984],[-4.5174529307496938,40.208137699436719],[-4.5174958288046687,40.208302495243743],[-4.5173058917501026,40.210043747813053],[-4.517246579545386,40.210315110816332],[-4.5172272498126205,40.210343821679459],[-4.5166645487224342,40.211179584913246],[-4.5165390069550524,40.211411732881182],[-4.5165221984403132,40.211537219766811],[-4.5165761376895288,40.211611677227367],[-4.5167018475570915,40.211680184211204],[-4.5167356996555537,40.211848894223351],[-4.5167459715209528,40.211900086236753],[-4.5167426234763575,40.211906452590704],[-4.5166769965719524,40.212031267590497],[-4.5168780293488391,40.212840396799848],[-4.5170245138130367,40.213254369841223],[-4.5170175342834948,40.213820691093609],[-4.5169630728181316,40.214016825958389],[-4.5169242654406085,40.214328009635686],[-4.5169743545869565,40.214522773118411],[-4.5169264419487822,40.214718822103677],[-4.5166690819925215,40.214902584778343],[-4.5163456038547771,40.215052141447821],[-4.5160881411418705,40.215230893411082],[-4.5158138547417774,40.21553513171591],[-4.5153387816310024,40.215922173701621],[-4.5150617147060279,40.216101179185145],[-4.5146866125450043,40.216281469892856],[-4.5145788720423887,40.216433207613314],[-4.5145000536904059,40.216709833271871],[-4.51442553822117,40.216886187168953],[-4.5142936933062456,40.216952311933603],[-4.5139536520567631,40.21712285327748],[-4.5135964710624172,40.217227740866733],[-4.51243279508446,40.217513537462075],[-4.5122826150390889,40.217520510864425],[-4.5116741476865947,40.217789014376137],[-4.5113520906822355,40.218003681287179],[-4.5104085122359256,40.218782650045668],[-4.5101646297638869,40.218986262769526],[-4.5100021615354757,40.21902847527663],[-4.5097837600494861,40.219201693700938],[-4.5094471322814185,40.219242183795444],[-4.5091985134740371,40.219339603090404],[-4.5089441044883465,40.219362962826565],[-4.5089313928615304,40.21935796104966],[-4.5086605477728998,40.219251403105424],[-4.5084771404837731,40.21923375270763],[-4.5081440913456143,40.219248113299244],[-4.5078523520752558,40.219357142019142],[-4.5076917518396806,40.219484510943083],[-4.5075312746954763,40.219616876198565],[-4.5073664703310898,40.219849525607096],[-4.5071739748530089,40.220012371137393],[-4.5068431403289688,40.220126914557255],[-4.5065694457644474,40.220165559720556],[-4.5061534311791771,40.22027119033784],[-4.5059330198943837,40.220354223015633],[-4.5056361805235916,40.220528454349903],[-4.504911838578689,40.220779040049763],[-4.5048836745429846,40.220788783704066],[-4.5048226796541666,40.220770993242596],[-4.5046863074275452,40.220731217283983],[-4.5045934878306655,40.220672290381536],[-4.5043975456391205,40.22067985035838],[-4.5042988558486616,40.220723713115227],[-4.5040026774926396,40.220855350046349],[-4.5036639715110578,40.220909853859084],[-4.5034015822978306,40.220868170518266],[-4.5032559232946792,40.220784877831171],[-4.5029590914233584,40.220663456844029],[-4.5028574924725566,40.220642624241094],[-4.502683291111409,40.220606904718615],[-4.5023499003874674,40.220606223488197],[-4.5015484204717122,40.220721848315648],[-4.5010363564804328,40.220918903398399],[-4.5008439674056513,40.221086755959647],[-4.5008219058952204,40.221272442419661],[-4.5008396459566207,40.221317157035905],[-4.5008911301915537,40.221446923415328],[-4.500837170718472,40.221668106173944],[-4.5008007276613951,40.221793845376482],[-4.5007308302079112,40.221884947527748],[-4.5005423055419289,40.221932492767408],[-4.5000271375054757,40.221989273961867],[-4.4998893525272559,40.221965997922005],[-4.4997903308145659,40.221922188871787],[-4.4996083800975688,40.221903667734544],[-4.4995282709436317,40.221895513993069],[-4.499310297880962,40.221793112072127],[-4.4992004549952807,40.221766892124116],[-4.4990589310052211,40.221733110459056],[-4.4988448223733322,40.221741510780525],[-4.4987731913580244,40.221744321393238],[-4.4987408594332194,40.221750424772893],[-4.4986413636376517,40.221769205068121],[-4.4985112454632183,40.221722663409103],[-4.4984197548023062,40.221711172521303],[-4.4983981620046674,40.22170846024175],[-4.4983890134881781,40.221708978694721],[-4.4982977864794993,40.221714145428159],[-4.498174248043318,40.221693649526671],[-4.4981023982619996,40.221681728436053],[-4.4980771732318425,40.221677543309774],[-4.4979305952193256,40.22166664983353],[-4.4978259178411015,40.221658869677761],[-4.4975038469015551,40.221615294084849],[-4.496096894204042,40.222524285264775],[-4.4955057627073289,40.222906187169578],[-4.4921199678308428,40.223841052095118],[-4.4903465660947086,40.22433066345792],[-4.487409061317547,40.225420720869963],[-4.4862322017463896,40.226012082291646],[-4.4841573652477127,40.226815341680862],[-4.4829390363833168,40.227286983569819],[-4.4823015367762267,40.227769628847938],[-4.4813568987615353,40.228484789365716],[-4.4807174041293187,40.229440023536],[-4.48051369523413,40.229693163199414],[-4.4803078210359439,40.229846125569615],[-4.4800243482249815,40.229975814502374],[-4.4800035870453083,40.22998531239562],[-4.4796591367676601,40.230079903106194],[-4.4783238565965844,40.230006772713949],[-4.4777149261745706,40.229964437198745],[-4.4770811596047944,40.229982548379184],[-4.4765631793295304,40.230214639264027],[-4.4761151850949075,40.230460148512499],[-4.4761044613229517,40.230466024902753],[-4.4757678543433412,40.230620636889533],[-4.4755482335217129,40.230684865911847],[-4.4751766611670698,40.230793533190997],[-4.4747885671898073,40.230985962373552],[-4.4743756264467409,40.231190707649766],[-4.4740253065576123,40.231364402675098],[-4.473849253451065,40.231425754601602],[-4.4737268163378543,40.231468419973432],[-4.4735746775653995,40.231467073690794],[-4.4732625443178735,40.231464311172722],[-4.4725171465198681,40.231352264620241],[-4.4721868335756696,40.23130261196053],[-4.4693827624758429,40.231333228713211],[-4.4690911089067473,40.231382604416567],[-4.4653831051157793,40.232010277217121],[-4.4644163217518029,40.232098353345648],[-4.4641694364084321,40.232120843984177],[-4.4623870208934076,40.23235844387515],[-4.4613911232361749,40.232491184911446],[-4.4589204180075175,40.232773383771288],[-4.458694993338022,40.232759839253283],[-4.4555424736554672,40.23257036276047],[-4.4548538182053603,40.232631609089161],[-4.4543613514662281,40.232675405653431],[-4.4527697184612141,40.233151369814031],[-4.4524389631651804,40.233186008114984],[-4.4517912077192952,40.233253843553413],[-4.450476907988536,40.233295163974759],[-4.4502456173377221,40.23330243314922],[-4.4499356458883002,40.233312176040506],[-4.4475097954891041,40.233608107200197],[-4.4467574464839768,40.233893108933636],[-4.4455748232648187,40.23454426071585],[-4.4443779204671188,40.235140456492829],[-4.443710412287122,40.23541937047947],[-4.4425289401082839,40.235819933303134],[-4.4416055694301901,40.236185257378395],[-4.4409727980728206,40.236435601403649],[-4.4390126810204213,40.237051899281944],[-4.4386995104042217,40.237150361326727],[-4.4385739217938749,40.237093441079132],[-4.4376234402020724,40.236662645336899],[-4.4373681991982883,40.236650784678744],[-4.4383528712317526,40.237161770588848],[-4.4386507102739081,40.237316327456],[-4.4385346765258573,40.237703611004122],[-4.4377920839914626,40.237966839784086],[-4.4370095462314163,40.238243676925698],[-4.4361302360993191,40.2392225219658],[-4.4360672658907321,40.239292618381143],[-4.4359289000463962,40.239521193602542],[-4.4354187206643685,40.240363970709367],[-4.4353746333950852,40.240436799147034],[-4.4348469703163316,40.242133531155936],[-4.434572831072118,40.243015012001202],[-4.4345173624005749,40.243193368805429],[-4.4345202095994436,40.243892489299775],[-4.4345220106596024,40.244334957732612],[-4.4345220552855817,40.244345813863802],[-4.4345874574605562,40.244647692883667],[-4.4347160256671776,40.245241117295457],[-4.4350618013602476,40.24683703715322],[-4.4353059957323628,40.247841583017603],[-4.4358603148609781,40.25012177939314],[-4.435903240215942,40.251126774908869],[-4.4359065152652031,40.251203448075927],[-4.4359120811646902,40.251333761757856],[-4.4359286168989946,40.251632710932356],[-4.4359775641939683,40.252517590060656],[-4.4360178899787952,40.253246589934555],[-4.436034310575268,40.253336374583988],[-4.4363580321239322,40.255106416201535],[-4.4360876705022134,40.255434029795509],[-4.4358158570864825,40.255763395889254],[-4.4357825185470539,40.255803793941254],[-4.4356099119824863,40.257230270158907],[-4.4354774132495107,40.257912657614035],[-4.4352412407994271,40.259128942334584],[-4.4350126422907028,40.25927788010609],[-4.4338121489197135,40.25928374729628],[-4.4333273756547378,40.259247857805775],[-4.4330557616601363,40.259189081435785],[-4.4329331399338168,40.25916254545205],[-4.432733169429798,40.258984631607291],[-4.4326234778377263,40.258745468594547],[-4.4324119126151516,40.258637852074784],[-4.4318603368977119,40.258666369348461],[-4.4313927155589452,40.258690544508525],[-4.4309406227094943,40.258999998904272],[-4.4309155923537711,40.259017131743491],[-4.4306681775156163,40.25907030443571],[-4.4303530467250178,40.259014066979844],[-4.4297613847997361,40.258871049694356],[-4.4293536716673145,40.258765852178186],[-4.4292304810784904,40.258674467589501],[-4.4291277701276277,40.258598273916874],[-4.4288558776180462,40.258365118701541],[-4.4287014900315738,40.258232727261344],[-4.4280128331207749,40.257830336860081],[-4.4273226827291428,40.257588910733872],[-4.4271826380168822,40.257539920677772],[-4.427043843594511,40.257782156762403],[-4.4268607254274679,40.258405756834058],[-4.4268176665225702,40.258847240883746],[-4.4269072893452348,40.259377284255613],[-4.4270868829613201,40.259984687397576],[-4.4270903401266866,40.259996379788966],[-4.4271002325406998,40.260467271688533],[-4.427003607116526,40.260849292570462],[-4.4270278252027495,40.261380142323979],[-4.4266687293623574,40.261583933037485],[-4.4263371476336566,40.261772107908662],[-4.4240673824226571,40.263060158917504],[-4.423602976282095,40.263293175696361],[-4.4220783727971424,40.264058126579748],[-4.4200541002728384,40.265073720747552],[-4.4195913410260506,40.26555921159764],[-4.417985580093486,40.267243786199728],[-4.4176473317643294,40.267598621811679],[-4.4174016599158836,40.267896127320306],[-4.4169199923971032,40.268479414760115],[-4.4167204341126878,40.268657162364079],[-4.4152841322058736,40.26993643690431],[-4.4152066176882299,40.270005475463805],[-4.4140879076495692,40.270067409918255],[-4.4132836801535769,40.271029294670136],[-4.4132533973226202,40.271041205927375],[-4.4127961891944816,40.271221034367038],[-4.4122844271039776,40.271422315961253],[-4.4122732648515175,40.271470043661907],[-4.4120724740418762,40.272328489110627],[-4.4120681547511191,40.272346952463465],[-4.4119669561106241,40.272413668940963],[-4.4114240896568937,40.272771552321743]]]},"properties":{"FID":12,"Malla10km_":"30TUK75","Sheet1__Ur":" ","Sheet1__CU":" ","Sheet1__Ob":0}},{"type":"Feature","id":13,"geometry":{"type":"MultiPolygon","coordinates":[[[[-4.4070720203038096,40.274823617677221],[-4.4065019093398705,40.275862183411341],[-4.4057396638777746,40.276332438891487],[-4.4048520023000766,40.27706477740081],[-4.4045232366077318,40.277520207126315],[-4.4044067920713132,40.277681512872157],[-4.4040486395023404,40.278078512069726],[-4.4032196593346429,40.278997381615788],[-4.4005947237071021,40.281906749747627],[-4.4004601418627409,40.28201768870953],[-4.4006676788220513,40.282015176148882],[-4.4044601555452161,40.281969196680073],[-4.4059359452492206,40.281951270794174],[-4.4097473655281814,40.281904887721474],[-4.4116135756923356,40.281882131071036],[-4.4114262511423048,40.272875501085899],[-4.4114241641084169,40.272775132805229],[-4.4114240896568937,40.272771552321743],[-4.4113568744465939,40.272815863349173],[-4.4109839729914793,40.27306169333508],[-4.4090136181375525,40.273947559224162],[-4.4089407345551415,40.273934130777832],[-4.4082951285237622,40.273815171949522],[-4.40781183926432,40.273726118819319],[-4.4076870795915033,40.273703129937374],[-4.4076604879560639,40.273751574654689],[-4.4070720203038096,40.274823617677221]]],[[[-4.2932061622474293,40.241124123675014],[-4.2932272974689285,40.242234716370788],[-4.2932423466901355,40.243025470187121],[-4.2932475102460161,40.243296779416461],[-4.2932606373413336,40.243986501041434],[-4.2932636234188175,40.244143391684126],[-4.2932887936552397,40.245465804742409],[-4.2933223564252936,40.247229014477064],[-4.2933428626123034,40.2483062238136],[-4.2933614595622887,40.24928308873136],[-4.2933650019445331,40.249469158375732],[-4.2933900023663512,40.25078229854924],[-4.2934099803536832,40.251831574492989],[-4.2934938534935503,40.256236122955556],[-4.2935787121106106,40.260691431597564],[-4.2935848799385088,40.261015220500724],[-4.2936654279138846,40.265243217664121],[-4.2938370797083056,40.274250297700966],[-4.2940088089159856,40.283257363065026],[-4.30576964572868,40.283125217202219],[-4.3080207228528495,40.283099787530723],[-4.3099908055721867,40.283077496208783],[-4.3128455873287992,40.283045135044723],[-4.3132233003844602,40.283040848096128],[-4.3175304043858773,40.282991876312529],[-4.317992816507088,40.282986609150974],[-4.3180491640445133,40.282985967191109],[-4.3212612894591791,40.282949326494304],[-4.3233450032077192,40.282925509877302],[-4.3279403404361076,40.282872852994529],[-4.3292910841845877,40.282857340419341],[-4.3332959100414579,40.282811254395916],[-4.341051684421843,40.282721609546151],[-4.3492248501134485,40.282626577458167],[-4.3528122043946933,40.282584683716678],[-4.3578840633366331,40.282525263805447],[-4.3579079539787928,40.282410251808294],[-4.3581434064946256,40.280443233755875],[-4.358104392302562,40.280128003915813],[-4.358420871027417,40.276651750670929],[-4.3581135862974172,40.274044704514374],[-4.3571504121359856,40.272332258741336],[-4.3569408363503888,40.270355414484335],[-4.3557269462492787,40.269298430191114],[-4.3552032954501287,40.268842451274004],[-4.3544769967595611,40.267848777583168],[-4.3533103435559601,40.266261158830112],[-4.3528633370433631,40.265652837007011],[-4.3525732676679336,40.265257272481691],[-4.3512967654460137,40.263516454890123],[-4.3504141567519872,40.262221423209681],[-4.3500762148814651,40.261550570328765],[-4.3498319610843099,40.26106568761741],[-4.3493001896454606,40.260150594221791],[-4.349137812197049,40.259871161590524],[-4.3485631403542628,40.257938646073711],[-4.3483034873417239,40.256719019534671],[-4.3478852652029572,40.255817454915189],[-4.347845714109539,40.255732194234355],[-4.3477543877857237,40.255673181620246],[-4.3458118485354031,40.254417941888114],[-4.345549717458411,40.254048275934387],[-4.3453678057762684,40.25379173768242],[-4.3453125108554849,40.253185326769689],[-4.3452842806963607,40.252875713200218],[-4.3457890169186042,40.252273550159771],[-4.3460466681340719,40.251413692376907],[-4.3460585198585333,40.250361270463948],[-4.3466155881916508,40.248440624418542],[-4.3471113423886205,40.247056862474722],[-4.3472705954957389,40.246513834938924],[-4.347956318396748,40.243900165840728],[-4.3479576321445208,40.243895155944394],[-4.3479605756488047,40.243784910893353],[-4.3479605773027119,40.243784875738967],[-4.3480589678796528,40.240100721942163],[-4.3481092435153084,40.239761004638311],[-4.3481800532085302,40.239282541716271],[-4.3481804141171105,40.239256527593994],[-4.3481989030026691,40.237924368409566],[-4.3484437592689433,40.236927678770293],[-4.3484850847853886,40.236759458351969],[-4.3484881923795795,40.236746813120916],[-4.3484860512593952,40.236747618252586],[-4.348216830300994,40.236848821063766],[-4.3480091367766134,40.236926894799879],[-4.3474915922101767,40.237040658687711],[-4.3463218800050214,40.237405032476104],[-4.3448454226464923,40.238128721336373],[-4.3443276101114323,40.238395302262333],[-4.3439445052901089,40.238860760725785],[-4.3435368213140766,40.23907594728],[-4.3430636629944539,40.239286880634126],[-4.3429105384270557,40.239479079516883],[-4.3427140181804784,40.23979202866304],[-4.3424570729868295,40.240025513583781],[-4.3422055899657099,40.24020381112328],[-4.3417331084171895,40.240449805093959],[-4.3399995753035849,40.240079031945925],[-4.3394159906025944,40.239995591964266],[-4.3386797756447022,40.239798657103108],[-4.3385275534922441,40.239705211618293],[-4.3382352778069553,40.239473075665053],[-4.3377083930803364,40.23894801318017],[-4.3374645515631283,40.238850614552852],[-4.3371561244923509,40.238794044665042],[-4.3368751353172499,40.238802301184435],[-4.3365167679467831,40.238866564333883],[-4.3362506218562311,40.238964841699392],[-4.3359521745241816,40.239083544553829],[-4.3357303067576138,40.239106147273922],[-4.3354734952619536,40.239013903169152],[-4.3353481684511532,40.238980846738201],[-4.33523686842915,40.238951489584863],[-4.3348177731978828,40.238790092951369],[-4.3345799174228583,40.238698491251348],[-4.3340114354215098,40.23847955853666],[-4.3332602157540263,40.238182545593482],[-4.3330214461424816,40.238009915029252],[-4.3328870765565402,40.237826050836802],[-4.3323444627183205,40.237496565747271],[-4.331947234864745,40.237245583246896],[-4.3313461012250603,40.236931798521979],[-4.3300068311803912,40.235985092732726],[-4.329464836133976,40.235685649918295],[-4.3291991578940126,40.235473237478871],[-4.3287802911238717,40.235117253482585],[-4.328555303659849,40.234979536415075],[-4.3281970374336876,40.234713052005183],[-4.3274177292268172,40.234207390953614],[-4.3269838099027176,40.233855071171547],[-4.326759512120649,40.233752405794057],[-4.3264944222967969,40.233570041597197],[-4.3263854433372027,40.23334579464963],[-4.3265207550472358,40.232908296480694],[-4.3265312787274945,40.232818053070083],[-4.3265599599058131,40.232572116384198],[-4.3265913699003606,40.232170880380238],[-4.3264818029959695,40.231916578852491],[-4.3263220946925367,40.231736125997344],[-4.3261876507039867,40.231584217705603],[-4.3257492101751351,40.230892724854847],[-4.323973302837131,40.228998876904122],[-4.323924905268087,40.228918569045959],[-4.323304489211961,40.227889081993723],[-4.3231465029067921,40.227123134987572],[-4.3231456943928865,40.227119216288138],[-4.3231453323757467,40.227119034840946],[-4.3215282158312931,40.226305878782419],[-4.3203964368299559,40.227611610219832],[-4.3198139168445531,40.227913891533909],[-4.319491388712315,40.228138044219904],[-4.3190444769694052,40.228353602967005],[-4.3183055392814911,40.229018442912164],[-4.3172668842723674,40.229736804776138],[-4.3167832498804835,40.23008304990482],[-4.3157696271085753,40.230913860791645],[-4.3151117876275666,40.231634132297081],[-4.3143599627900331,40.232143764962963],[-4.3126851174776935,40.233440555154552],[-4.31117932767037,40.234522432005605],[-4.3094235027685182,40.233996112031654],[-4.3089899588614857,40.233890778663124],[-4.3080058909087171,40.233886862558244],[-4.3073566270446939,40.23361358840458],[-4.3061337849132091,40.232750476211635],[-4.3058215087838887,40.232150178898316],[-4.3058267888967787,40.232129250758092],[-4.3059754521620608,40.23153988317118],[-4.3061738926913025,40.23075317154958],[-4.3063506109733378,40.230593325620127],[-4.3064586519910133,40.230431765571524],[-4.3067600428385369,40.230125203585743],[-4.3078858466894774,40.229172936076019],[-4.3094715034067619,40.227997491905121],[-4.3096525272659214,40.227892727605685],[-4.3096866474888413,40.227797124793412],[-4.3097462277168752,40.227495801303256],[-4.3095014618708998,40.226837125653326],[-4.3096588922099226,40.226524664211574],[-4.3096891073276229,40.226396542347636],[-4.3096195180275725,40.226347226925341],[-4.3095001858638549,40.226260880453829],[-4.3089951564961737,40.225835654876477],[-4.308068043145469,40.22524258512729],[-4.3079560223950537,40.225170925637649],[-4.3079045572745764,40.225080142837939],[-4.3077090369608326,40.224735255007396],[-4.3073373456195299,40.22393268969234],[-4.3069949276409192,40.223633397104201],[-4.3067121635417607,40.22320565081418],[-4.3067713995467649,40.22237566452948],[-4.3065948908299552,40.222034413103145],[-4.3063183263615548,40.221887244233109],[-4.3061061562185747,40.221774340066446],[-4.3055878744658518,40.22167746953312],[-4.3047923262022074,40.22143839332535],[-4.304155163214352,40.221277702153579],[-4.3033492879327317,40.221181550353947],[-4.3009813043501186,40.220754687843595],[-4.3001144120945538,40.220543942741649],[-4.2978383095793209,40.219963155355742],[-4.2975237064901419,40.219841120854973],[-4.2971588532643796,40.219699592730954],[-4.2969657374970911,40.219624680877793],[-4.2967761836656493,40.219545236864249],[-4.296753387628482,40.219535683216009],[-4.2958163526478383,40.219142954316787],[-4.2954980060794199,40.219009528161891],[-4.295189904702319,40.218880396407087],[-4.2950855077427068,40.218931831731183],[-4.294618232563912,40.219162048815072],[-4.294508873595059,40.219215927432778],[-4.2944739710467008,40.219233123355572],[-4.2944155854595376,40.219261888307976],[-4.293961888685395,40.219485412091899],[-4.2936017300214262,40.2197210031105],[-4.2929740447921958,40.220131584328335],[-4.2928092498660035,40.220256050408942],[-4.2928109290968184,40.220344383769245],[-4.2928171871429592,40.220673575231757],[-4.2928217805308195,40.220915197354401],[-4.2928557087256394,40.222699802877024],[-4.2928661793587768,40.223250520474309],[-4.2928664393376232,40.223264194231589],[-4.2928914487819387,40.224579538398288],[-4.2929795940856845,40.229214750810215],[-4.2931071619682095,40.235921130085828],[-4.2931129633014198,40.23622605864832],[-4.2931509366014176,40.238221888626839],[-4.2931684118036424,40.239140296559121],[-4.2931932819953369,40.240447274555223],[-4.2932061622474293,40.241124123675014]]]]},"properties":{"FID":13,"Malla10km_":"30TUK85","Sheet1__Ur":" ","Sheet1__CU":" ","Sheet1__Ob":0}},{"type":"Feature","id":14,"geometry":{"type":"Polygon","coordinates":[[[-4.2928092498660035,40.220256050408942],[-4.2927426052755084,40.220306385447579],[-4.2912147021296443,40.221460337973014],[-4.2911162581416855,40.221600051676376],[-4.2903107799098628,40.222743187109479],[-4.2881317554815137,40.226082200990064],[-4.2875510434560207,40.227005668339075],[-4.2870980693867793,40.227596976662177],[-4.2865399788290102,40.227989029856964],[-4.2864973097056467,40.228010748486092],[-4.2863194010868533,40.228101303255407],[-4.285659337500018,40.228437266343924],[-4.2844793926605362,40.228788613487943],[-4.2842058063380746,40.22884175282546],[-4.2825909973564107,40.229187874948678],[-4.2819392502702378,40.229295324155288],[-4.2814585716171516,40.229460988524274],[-4.2807162037358655,40.229818985437419],[-4.2802783761300756,40.229975146297939],[-4.2796131114503462,40.230233052760639],[-4.2785382264325795,40.230786110559571],[-4.2781498887267615,40.23099585478672],[-4.2778511808940358,40.231104381271379],[-4.2773956953774794,40.231219647596618],[-4.2767429787240863,40.231276954572287],[-4.2759095007218511,40.231456519330578],[-4.2751189773186766,40.231836050234051],[-4.2746633907957605,40.23215318390875],[-4.2744606900635596,40.232294282181449],[-4.2729761888266786,40.233322831551632],[-4.271788222584787,40.234127617285928],[-4.2709261375208571,40.234878700244046],[-4.2699217070942979,40.235711523225874],[-4.269525024407522,40.236176878545727],[-4.2691850991385785,40.236882133969736],[-4.2689748012755926,40.237525844958078],[-4.2687185504001635,40.238510800937107],[-4.268256650152388,40.240389950338795],[-4.2678488983391647,40.24166719292483],[-4.26747232545745,40.242513145120519],[-4.2670647424418471,40.243098877499996],[-4.266523224448763,40.243515704204356],[-4.2659822597433008,40.243962581930518],[-4.2651431536751252,40.244553030466989],[-4.2647028644306122,40.244788338254764],[-4.263954712157803,40.245347720858405],[-4.2633488185558175,40.245870441785151],[-4.2631679998932563,40.246073471717153],[-4.262632258709572,40.246675016229347],[-4.2621203664553278,40.247281911657282],[-4.2620100800403407,40.247543608542088],[-4.2618573017339356,40.247906130422543],[-4.2617875138159764,40.2481764998874],[-4.2613631032474322,40.249820684842724],[-4.2613331742948288,40.250322106032314],[-4.261219556195579,40.252658426043006],[-4.2612910074669115,40.253689896159479],[-4.2613492003002271,40.254711497931027],[-4.2612557321493085,40.255313826094856],[-4.2610677408091719,40.255756832461792],[-4.2607116008288797,40.256301889964206],[-4.2605635738795842,40.256784554744435],[-4.2602385945404588,40.257599856790563],[-4.2597282746170144,40.258296917832702],[-4.2592140466181325,40.25878356894551],[-4.2576293027426386,40.260093617513668],[-4.2570377850723364,40.260475238327551],[-4.2566338983184231,40.260735804622179],[-4.2545148469997551,40.262161849502107],[-4.2537292226974834,40.262831808172514],[-4.2535140827012228,40.263224983444346],[-4.2531763961150046,40.263914643173983],[-4.253173681878593,40.263920186099277],[-4.252779677538947,40.264545802175867],[-4.2523093876599347,40.265292500525888],[-4.252076924452445,40.26616692288156],[-4.25179103434151,40.266981777547244],[-4.2516193649857223,40.267604995488277],[-4.2515875259610079,40.268717759168219],[-4.251507403470975,40.269339975627908],[-4.2512592571464793,40.270074256266483],[-4.2508289023177044,40.270860608206959],[-4.2504001835048992,40.271737137329865],[-4.2500530838137625,40.272071609263939],[-4.2490987126310333,40.272823524146716],[-4.2481933380473071,40.273394519451479],[-4.2468625127008961,40.273955056598901],[-4.246075863214454,40.274224096864195],[-4.2457943274495209,40.274212086366575],[-4.2450790037587298,40.274089509866378],[-4.2448289966941415,40.274082844205857],[-4.243245952457408,40.274040624525405],[-4.2418652811450617,40.274003784095157],[-4.2414904729544016,40.274071811217205],[-4.2409850235086743,40.274163548432746],[-4.2396575252988784,40.274192809604223],[-4.2394113305432297,40.274143771491808],[-4.2393948947543638,40.274140498005416],[-4.2386920141096684,40.273982663002251],[-4.2380689164835585,40.273894124162787],[-4.2368598881189685,40.273962176467577],[-4.2359267204261393,40.273926427057944],[-4.2352232453345495,40.273899473033545],[-4.2347013499732835,40.273980207027705],[-4.2340767142534883,40.27416726093584],[-4.2332578590745413,40.274466619972287],[-4.2329097382707168,40.274750946102763],[-4.2323964969061159,40.275295801850831],[-4.2322422198650331,40.275459579661785],[-4.2318857350369878,40.276004549034461],[-4.231658394263504,40.276375612482227],[-4.2314796029502677,40.276667428841733],[-4.2310944099591437,40.276553147870615],[-4.2310314251670187,40.27653446037192],[-4.2305351604218266,40.276387221409927],[-4.2300713818284779,40.276248435836074],[-4.2297589713246122,40.276154946857297],[-4.229421315060006,40.2760581964667],[-4.2292895156438686,40.276020431093578],[-4.2291927333774622,40.275955508800145],[-4.2288496279133074,40.275433010119059],[-4.2286374175912478,40.275274912188515],[-4.2283330145706479,40.27508272324846],[-4.2283459310760927,40.274711771758902],[-4.2283728321080023,40.27439078540192],[-4.2284740691643279,40.273838517294024],[-4.2284873500092646,40.273487613249429],[-4.2284943745802588,40.272791025171522],[-4.228430261505169,40.272501065508841],[-4.2283174407670376,40.272412068499662],[-4.2281462006454431,40.272348742939499],[-4.2277001747024316,40.272283319742087],[-4.2274569983228769,40.272220765475829],[-4.2273695235835707,40.272086394899048],[-4.2273793564832856,40.271905899089418],[-4.2274276025821385,40.271679892027706],[-4.227460334706957,40.271318762649585],[-4.226247858533954,40.269953413506919],[-4.2261948718641129,40.26989374425137],[-4.2249311524972608,40.270261821605722],[-4.224337077790409,40.270434848940695],[-4.224237558376605,40.270372590099008],[-4.2241652712305795,40.27032736652118],[-4.2238424717855381,40.270125421328515],[-4.2238408528205573,40.270124407819445],[-4.2215137181887972,40.270945725492346],[-4.2214633319329815,40.271104648962989],[-4.2212676322197087,40.271721895248639],[-4.2210434349771209,40.272429015166978],[-4.2209813020639535,40.272624981401734],[-4.2197832040828462,40.272046985495884],[-4.2197208890032725,40.272016922532686],[-4.219704726149863,40.272023194746069],[-4.2195834194493367,40.27207027275945],[-4.2177619329289122,40.272777141279434],[-4.2177149874135624,40.272795358869338],[-4.2175574957473669,40.272856476007647],[-4.2168189360745814,40.272528512388625],[-4.2164555156726307,40.271961086961788],[-4.2161963117039845,40.271733306625187],[-4.2158934639684675,40.271260458242473],[-4.2153949486790578,40.27045392280921],[-4.2152549140038928,40.270305063447509],[-4.2149237709815113,40.270078035743481],[-4.2146465591970879,40.269940645763718],[-4.2144404154021196,40.269752388251483],[-4.2141563072471246,40.269595027043728],[-4.2136427651534962,40.269409993510045],[-4.2131043983977134,40.269300390348512],[-4.2126784690867565,40.269259751587136],[-4.2123300451521155,40.269163186321592],[-4.2119630639951362,40.269126937166654],[-4.2116099766994077,40.269135644245601],[-4.211140150429312,40.26920069687602],[-4.2108717202709345,40.269188474864286],[-4.2105758984739934,40.269106385374847],[-4.2093061601639867,40.268332938540809],[-4.208924944933524,40.268231693956977],[-4.208630553049022,40.26822975875362],[-4.2082588205111797,40.268293765023181],[-4.2077830777799559,40.268393938033725],[-4.2069725699881291,40.268798259028358],[-4.2067384565223112,40.268875864432552],[-4.2060790405150996,40.268947872870925],[-4.2056672628056413,40.268967193454188],[-4.2050534440357641,40.269028710938088],[-4.2046740217729983,40.269027651259542],[-4.2044355145691856,40.268977183643223],[-4.204312887129146,40.26895123476416],[-4.2038738863266571,40.26891069870242],[-4.2032311573054804,40.268817166942043],[-4.2040383572331059,40.269717927992438],[-4.2040853580427173,40.269770375148823],[-4.2041032541863901,40.269785120504025],[-4.2043376185827954,40.269978214545731],[-4.2045092769067072,40.270066622611289],[-4.2046827861753568,40.270260239548875],[-4.2047376033177217,40.270399977510401],[-4.2046999518899986,40.270490564551011],[-4.2047992172253235,40.270554676264538],[-4.2048340460787275,40.270674571771863],[-4.2047918233834416,40.270875453772746],[-4.2047058880040673,40.271210395999113],[-4.2046088401845161,40.271623977604605],[-4.2046092118376786,40.271644921572396],[-4.2046121285809575,40.271809355868967],[-4.204516417341198,40.271945639396677],[-4.2044171881322514,40.272064172904159],[-4.2040551626191442,40.272496623880095],[-4.204051738582546,40.272503373955765],[-4.2039350665721296,40.272733389028993],[-4.2038728566270827,40.272915016381994],[-4.2038231060833517,40.273060265263176],[-4.203814222539533,40.273210752001276],[-4.2038130433039465,40.273230740928668],[-4.203640522623167,40.27346303857442],[-4.2034255069514757,40.273881180517776],[-4.2032794943373046,40.274133236199425],[-4.2032989150723008,40.274305915076908],[-4.2033222465819984,40.274454699124711],[-4.2033357874702855,40.274541046914152],[-4.2032809787288983,40.275140414737493],[-4.2032101107872402,40.275386687820898],[-4.2032109047491915,40.27539531473132],[-4.2032668094281807,40.27600243736606],[-4.203434883788522,40.276627058137315],[-4.2035438015608007,40.276866450319552],[-4.203565471869906,40.277003120857721],[-4.2035991293033153,40.277215403880859],[-4.2037500325498467,40.27816713617878],[-4.2039309316412794,40.278776581940463],[-4.2045677244474158,40.280744257627852],[-4.2045285912858423,40.28098880177312],[-4.2044970424968406,40.281185948788959],[-4.2045152784641173,40.281476397544786],[-4.2046051358456538,40.281998503875307],[-4.2046386999189806,40.282193520658339],[-4.2046538754776268,40.28228170340536],[-4.2047377729572153,40.283323103475034],[-4.2046177722629077,40.283935678746289],[-4.2045596333744362,40.28422328563186],[-4.2047746748272123,40.284221046445658],[-4.2116808219312283,40.284148921437605],[-4.211799593023386,40.284147677433566],[-4.2234421861459941,40.284025141398253],[-4.2271929185556019,40.283985416080192],[-4.2320180503038447,40.283934132543244],[-4.2324675934612035,40.283929344358384],[-4.2328927116960475,40.283924814721416],[-4.2346914100190123,40.283905632290136],[-4.235203477127067,40.283900166174654],[-4.2378603341823435,40.283871768871705],[-4.2384630547286788,40.283865318316813],[-4.2400415620580825,40.283848409619672],[-4.241594057880703,40.283831758540117],[-4.2417558984613777,40.283830021541924],[-4.242189430096853,40.283825367429557],[-4.2469646941712362,40.283773995788636],[-4.2587258365753407,40.283646630262282],[-4.2704869036362627,40.28351806961787],[-4.2822478946508298,40.283388313877893],[-4.2940088089159856,40.283257363065026],[-4.2938370797083056,40.274250297700966],[-4.2936654279138846,40.265243217664121],[-4.2935848799385088,40.261015220500724],[-4.2935787121106106,40.260691431597564],[-4.2934938534935503,40.256236122955556],[-4.2934099803536832,40.251831574492989],[-4.2933900023663512,40.25078229854924],[-4.2933650019445331,40.249469158375732],[-4.2933614595622887,40.24928308873136],[-4.2933428626123034,40.2483062238136],[-4.2933223564252936,40.247229014477064],[-4.2932887936552397,40.245465804742409],[-4.2932636234188175,40.244143391684126],[-4.2932606373413336,40.243986501041434],[-4.2932475102460161,40.243296779416461],[-4.2932423466901355,40.243025470187121],[-4.2932272974689285,40.242234716370788],[-4.2932061622474293,40.241124123675014],[-4.2931932819953369,40.240447274555223],[-4.2931684118036424,40.239140296559121],[-4.2931509366014176,40.238221888626839],[-4.2931129633014198,40.23622605864832],[-4.2931071619682095,40.235921130085828],[-4.2929795940856845,40.229214750810215],[-4.2928914487819387,40.224579538398288],[-4.2928664393376232,40.223264194231589],[-4.2928661793587768,40.223250520474309],[-4.2928557087256394,40.222699802877024],[-4.2928217805308195,40.220915197354401],[-4.2928171871429592,40.220673575231757],[-4.2928109290968184,40.220344383769245],[-4.2928092498660035,40.220256050408942]]]},"properties":{"FID":14,"Malla10km_":"30TUK95","Sheet1__Ur":" ","Sheet1__CU":" ","Sheet1__Ob":0}},{"type":"Feature","id":15,"geometry":{"type":"Polygon","coordinates":[[[-4.0582977676219869,40.254930113527188],[-4.058355351558621,40.2586257792236],[-4.0584957519987022,40.267633630827554],[-4.0586362157607674,40.276641467958065],[-4.0587767428909389,40.28564929151495],[-4.0705389951407138,40.285541050765417],[-4.0823011833007792,40.28543161456642],[-4.0940633066676062,40.285320982937115],[-4.1058253645376777,40.285209155896844],[-4.1175873562075074,40.285096133465181],[-4.1270216868113216,40.285004613406251],[-4.1289576896328315,40.284985737577273],[-4.1293492809736332,40.284981915661909],[-4.1314103722348019,40.284961777644078],[-4.1330154207511995,40.284946069983704],[-4.1344634850218016,40.284931879524308],[-4.1368670290268952,40.284908285722771],[-4.1372009439666311,40.284905003977215],[-4.1411111381326151,40.284866502506979],[-4.1528729269810478,40.284749894020614],[-4.1566847825216806,40.284711845985072],[-4.1587913961436422,40.284690764926118],[-4.1589770115188216,40.28468890561831],[-4.1590925413128383,40.284687748206835],[-4.1639611809352637,40.284638867846766],[-4.1646346468155393,40.284632090223205],[-4.1652481890535409,40.284625912198585],[-4.1696728231316165,40.284581262263686],[-4.1705753669263999,40.284572133716132],[-4.1731069200207411,40.284546491391858],[-4.1731665040475026,40.284545887192635],[-4.1729763663062291,40.284340847369499],[-4.1727699857159806,40.284204309342641],[-4.1726210527770977,40.284105777129412],[-4.1726056504163216,40.284054232127829],[-4.1724174733410022,40.283424503272833],[-4.1724666135451258,40.283238604487757],[-4.1725282307258622,40.283017495290217],[-4.172519267401734,40.282877277416503],[-4.1724377365945147,40.282702722739614],[-4.1721287822210638,40.282239843117168],[-4.1714537304251706,40.281414866626008],[-4.1713121246708145,40.281170765884482],[-4.1712451370751502,40.280700413903901],[-4.1701295778513163,40.279178362889517],[-4.1700989371710477,40.279143099627895],[-4.1695085372236766,40.278463650335667],[-4.1688714040282742,40.277730395890906],[-4.1688209482695093,40.277587688638157],[-4.1687591592811177,40.277412928104042],[-4.1680496374575844,40.275406114479566],[-4.1677892989329264,40.275293484153003],[-4.1677788554207984,40.275281181382468],[-4.1676691044976248,40.275151889217042],[-4.1675212748167052,40.274925385130203],[-4.1674627926323113,40.274758104893117],[-4.1674374113075343,40.274613051121761],[-4.1674021599014859,40.27427516513179],[-4.1673302093477709,40.27408547822165],[-4.1672220250128573,40.273881117075859],[-4.16717504423917,40.273621023655764],[-4.1671360702383966,40.273331319520224],[-4.1671225350673486,40.273230707680163],[-4.1670539834273983,40.273070584655443],[-4.1670509751399685,40.273063559099612],[-4.1668937940648938,40.272862199942182],[-4.166332787769397,40.272384304899113],[-4.1657627203615881,40.271949091435033],[-4.1653140016127352,40.27172310570937],[-4.1649859903616004,40.271478363125603],[-4.1648326818822197,40.271312045200283],[-4.1647847546098093,40.271187247583256],[-4.164771546107934,40.270989458497397],[-4.1647180686658816,40.270850313017107],[-4.164663200323286,40.270775074737706],[-4.1643080925281053,40.270475489026907],[-4.1638975528161346,40.270186480619884],[-4.1635515237877208,40.270034620258208],[-4.1630810016771065,40.269871478756393],[-4.1626673590090055,40.269782938176277],[-4.1621494718486591,40.269717985731461],[-4.1615011490460061,40.269676893763908],[-4.1607518705103219,40.269661859849009],[-4.1603048817433956,40.269726467162343],[-4.1599671487574303,40.269837416540881],[-4.1599666049123254,40.269837594967434],[-4.159791729641376,40.269939564089796],[-4.1597056482663968,40.270043034887188],[-4.1593398127586099,40.270482768282861],[-4.1590290704066097,40.27067378289081],[-4.1584923716151385,40.270849528589757],[-4.1579433012914047,40.2708750657115],[-4.157595584832408,40.27081591047326],[-4.1574306240621084,40.270732375496607],[-4.157357521711849,40.270665462127219],[-4.1569544696767275,40.270045630915867],[-4.1562157729031082,40.269306385216183],[-4.1560535272560779,40.269190248781655],[-4.15537813963366,40.268903854957749],[-4.1551380182791826,40.268823567187084],[-4.1537660877474352,40.268544113167998],[-4.1534601763851233,40.268441937206291],[-4.1533412614806835,40.268372967121095],[-4.1532315225466672,40.268266324075583],[-4.1529608525637665,40.26792827832827],[-4.1529058359667772,40.26784942591194],[-4.1527664188416207,40.267649607109021],[-4.1525856703854087,40.267598794752338],[-4.1525771248110548,40.267595111380487],[-4.1524209371553233,40.267527769283831],[-4.1522129974271502,40.267417091544637],[-4.1519991262947675,40.267341557452994],[-4.1518584255356874,40.267337946499325],[-4.151567849941177,40.267368401278041],[-4.1512018124105099,40.267384563702436],[-4.1509822396671403,40.267359184864169],[-4.1507687521840708,40.2673061953098],[-4.1503898425909709,40.267142092510788],[-4.1502872304244161,40.267076348176467],[-4.1500856365712666,40.266947182622708],[-4.1499556104616735,40.266800654848225],[-4.1498912739007201,40.266671006682465],[-4.1497220234969348,40.266421609921643],[-4.1496497641711496,40.266315130621308],[-4.1494778067598013,40.266204092182008],[-4.1493166094165739,40.266148068690804],[-4.1492990074694767,40.266151057971818],[-4.1479987304179895,40.26637187178725],[-4.147232647299286,40.266501960443705],[-4.1448923468864507,40.264911803733341],[-4.1447253734579883,40.264798346658495],[-4.1439924110432731,40.264617359931862],[-4.1440299500000766,40.264128483432856],[-4.1441131264092981,40.263045240218119],[-4.1443026834001202,40.262117143517237],[-4.1443941169201803,40.261669468333075],[-4.1446271885019952,40.260498685937748],[-4.1446624844394542,40.260321383702163],[-4.144846421720894,40.258997975264691],[-4.1449281714580746,40.258523594099934],[-4.1463884854713875,40.257052190017951],[-4.1465102652722114,40.256929482197272],[-4.1471833962820481,40.255153959921508],[-4.147309104516161,40.254942837494703],[-4.1477724882741152,40.254164585232076],[-4.1478270373480806,40.254072968398425],[-4.1486525095928108,40.252686537144918],[-4.1486742034392492,40.252641268155926],[-4.1494120859694839,40.251101526079282],[-4.1494547801172343,40.251012437043876],[-4.1497151218632915,40.250646685370739],[-4.1499819979494745,40.250271751844714],[-4.1506199402565507,40.249375486753216],[-4.1507227939100302,40.249230982190291],[-4.1497623204443599,40.248770893608736],[-4.1497338338749765,40.248757248564232],[-4.149718466732069,40.248713542191922],[-4.1494562953068348,40.247967917471904],[-4.1493010368032373,40.247526350891107],[-4.1486865013939873,40.24676407629741],[-4.1486846700315478,40.246761805260704],[-4.1486823667003305,40.246758947911019],[-4.1484293730065209,40.246445127353802],[-4.1468205560621474,40.245677108513661],[-4.1457660509173184,40.245173685962783],[-4.1437284941182213,40.244829547981148],[-4.1435747637062459,40.244878146266004],[-4.142558683096154,40.245199354524352],[-4.140256577115383,40.245927061492999],[-4.1398789580316304,40.246046423817511],[-4.1382367976152192,40.246565473797681],[-4.138121047664419,40.246602058680409],[-4.1380075598222295,40.246638021193775],[-4.135721093930159,40.24736253651686],[-4.1355523944269317,40.247415990057924],[-4.1351707427532665,40.247536918081707],[-4.1345065497242777,40.24774736589962],[-4.1339339730351741,40.247928782101475],[-4.1335203000195371,40.248059848324075],[-4.1332983141675168,40.248130180210175],[-4.1332455166912592,40.248146908294743],[-4.1331167083494638,40.248206763199583],[-4.131460937699277,40.248976147283408],[-4.1312028207892642,40.248783671119313],[-4.1308420224482276,40.248514623027653],[-4.1308117664550661,40.248492060757819],[-4.1277134636697062,40.24618151162263],[-4.1275211574835238,40.24603809086004],[-4.1272331388308521,40.246056152018213],[-4.1249669301596779,40.24619824121838],[-4.1244018189736922,40.246033352090244],[-4.1242890135128505,40.245934229684792],[-4.1241167738397415,40.245800613802302],[-4.1228438876359634,40.245146505294962],[-4.1222800720393185,40.244732272641137],[-4.1219495007859583,40.244443629118415],[-4.1216987940765133,40.244236497223042],[-4.1213859897246827,40.243978057723581],[-4.1210493253484914,40.243785897169452],[-4.1208154399565293,40.243700972326344],[-4.1207401473491929,40.243673632696975],[-4.1201826789438751,40.243573802808157],[-4.119672868468423,40.243588757567238],[-4.1193596987714214,40.243631870723661],[-4.1190210402561451,40.243715321066396],[-4.1185982890356634,40.243854698511079],[-4.1184286220528854,40.243876389191605],[-4.1182453179631056,40.243863119923169],[-4.1179506863428541,40.243840915884064],[-4.1175508825036582,40.243784642552782],[-4.1170916430517153,40.243693870843622],[-4.116719139630189,40.243707487030143],[-4.1164164124580482,40.243727294730661],[-4.1160006040068229,40.243754500444766],[-4.1155049479018375,40.243834446306387],[-4.115302347580907,40.243841409114509],[-4.1151217117166512,40.243834943508688],[-4.1142606758215772,40.243804118097728],[-4.1137582073438459,40.243786126088601],[-4.1128766300669781,40.243859742716133],[-4.1126942154414596,40.243901589314518],[-4.1120377156823453,40.244143406935031],[-4.111480845855735,40.24424194028483],[-4.1112292058060156,40.244286464806763],[-4.1042720999393136,40.241833338082877],[-4.1038599996944418,40.242188460704433],[-4.1027497559701995,40.243145175502846],[-4.1024012013971154,40.24340074982414],[-4.1022839908973037,40.24355146769615],[-4.1021823847162402,40.243682120311327],[-4.1014281075685863,40.244851192240759],[-4.1006156298661915,40.246110421206957],[-4.1006018289809916,40.246131807733526],[-4.1005760572525434,40.246139562865174],[-4.0981662722789673,40.246864703943011],[-4.0979762648130871,40.246921876233721],[-4.0954024370510194,40.247696301624146],[-4.0952003428067405,40.247757106353795],[-4.0911092911887312,40.251242902700959],[-4.0899124769352735,40.252262558988889],[-4.0896666213639206,40.252472015199565],[-4.0888369502769137,40.253055440443944],[-4.0877719446786953,40.253804331288748],[-4.0872415428813911,40.254177288856418],[-4.0871314558679508,40.254254697218954],[-4.0869318628983384,40.254504288301959],[-4.0864777944245674,40.25507209290123],[-4.0857464485165469,40.255986605205926],[-4.0852678513659804,40.257323385282106],[-4.0850615075865324,40.257658460066125],[-4.0842673675304164,40.258948006195538],[-4.0839593833647037,40.259448104694776],[-4.0837345677217716,40.259813151378026],[-4.0834375070314683,40.260462339093081],[-4.0831260384388779,40.261131713380131],[-4.0831111790955479,40.261164316862065],[-4.0823312962012901,40.262875442824196],[-4.0804564500898204,40.26693957258302],[-4.0772849107748463,40.26585180747113],[-4.0753760992365882,40.265197068651098],[-4.0744936206685756,40.265287448250106],[-4.0729009654864736,40.265450543563091],[-4.072340456147252,40.265120636130519],[-4.0716388225016846,40.264707653588559],[-4.0680711903351261,40.262607602040035],[-4.0662128526974017,40.261513611949503],[-4.0658730000991161,40.261162447999538],[-4.0627331443537473,40.257917852373851],[-4.0625695746363109,40.257748815979575],[-4.0582977676219869,40.254930113527188]]]},"properties":{"FID":15,"Malla10km_":"30TVK05","Sheet1__Ur":" ","Sheet1__CU":" ","Sheet1__Ob":0}},{"type":"Feature","id":16,"geometry":{"type":"Polygon","coordinates":[[[-3.9411508502419252,40.286665944326813],[-3.9414139083554098,40.286663804151118],[-3.9415596257896031,40.286662618372695],[-3.9416822657011017,40.286661620245823],[-3.9431330853081268,40.286649802623671],[-3.9529137047015395,40.286569659979683],[-3.9646765020956063,40.28647217910234],[-3.9764392417328542,40.286373502612619],[-3.9882019229095382,40.286273630527802],[-3.9972736213800304,40.286195789530254],[-3.9977610877199017,40.286191586614791],[-3.9999645449219368,40.28617256286536],[-4.0045222035093282,40.286133080709149],[-4.0117271070663492,40.286070299642965],[-4.0234896086390934,40.28596684087853],[-4.0240301272093735,40.285962057926007],[-4.0352520489365231,40.285862186590144],[-4.0470144272550241,40.285756336796112],[-4.0587767428909389,40.28564929151495],[-4.0586362157607674,40.276641467958065],[-4.0584957519987022,40.267633630827554],[-4.058355351558621,40.2586257792236],[-4.0582977676219869,40.254930113527188],[-4.0574407577067175,40.254364577633922],[-4.0572365996915591,40.254229853601458],[-4.0569966680601741,40.253941402214672],[-4.0567484916314864,40.253963712474096],[-4.0550797419037199,40.25305692361772],[-4.0527071157676904,40.251837677408567],[-4.0522936735866812,40.251625208226805],[-4.0520999175920966,40.251525635037638],[-4.0448272302184813,40.250233538710283],[-4.0437041654122927,40.250037697959534],[-4.041876413223636,40.249718947672619],[-4.0345270558986828,40.24980991768301],[-4.0314782364646264,40.249726879944539],[-4.0308308282600986,40.249709815200696],[-4.0259368114730787,40.249580695107831],[-4.0240276857503234,40.248968415441432],[-4.0241585881555686,40.248534117514659],[-4.0242985844783661,40.248277319663309],[-4.0244079511859789,40.248095982460967],[-4.0244900056367152,40.247959928326765],[-4.0247410848862879,40.247697136428648],[-4.0248712208577553,40.247588963959679],[-4.0250640296754012,40.247428693801325],[-4.0252505533157086,40.24722159615628],[-4.0254811806506359,40.246903858489581],[-4.0257112907157691,40.246551061223762],[-4.0260192437834288,40.246157470781768],[-4.0262838197977331,40.245488673463598],[-4.0266325465721708,40.244763994592439],[-4.0266747586570411,40.243661205524532],[-4.0268130878611883,40.243294179339408],[-4.0267888566401933,40.242988730842065],[-4.0267405962416722,40.2428237964114],[-4.0266504523026407,40.242483849086348],[-4.0265345354431314,40.24216918302794],[-4.0264279990363692,40.24185794811433],[-4.0264045717413515,40.241789505926675],[-4.0262910479477716,40.241199217500515],[-4.0262800539620454,40.240878662803247],[-4.0262676845603718,40.240517931209716],[-4.0263106586485176,40.240332145565169],[-4.0263800404117065,40.239730214804524],[-4.0262690150943312,40.238438366617189],[-4.0262116520338305,40.238103139774474],[-4.0261151232516061,40.237853107807965],[-4.0260959719983607,40.237803502744306],[-4.025974132468181,40.237528981952025],[-4.0259304518170351,40.237233716398443],[-4.0259788268749555,40.236972715615615],[-4.0260349403923197,40.236881728010495],[-4.0261252780552521,40.236735249322088],[-4.0262149841960779,40.236589791496876],[-4.0262073251195707,40.236487298778307],[-4.0261764711131871,40.236074414436217],[-4.0261412644424341,40.235603277370913],[-4.0260120302956421,40.235538811048805],[-4.0223125513164888,40.233693257445708],[-4.0221045842850636,40.233589502969558],[-4.0210008127307182,40.231707596103192],[-4.0209388738645204,40.231640508649797],[-4.0190046104657773,40.229545383262895],[-4.0168605999645024,40.227222868656725],[-4.0143118589640201,40.224543046143339],[-4.0101986693371785,40.220938513586717],[-4.0088224622870676,40.219825545502651],[-4.0061649491051279,40.21826017914649],[-4.0023121366529368,40.21781037711294],[-4.0014503736188791,40.21770975033899],[-4.0012416577259291,40.217547943025885],[-3.9993345348046101,40.216069391664398],[-3.9979874137147426,40.215041441159286],[-3.9978670050707108,40.214949558949165],[-3.9974420245519857,40.214589280448699],[-3.9969461633486159,40.214168907549599],[-3.9948887057892835,40.212424585514832],[-3.9935417593252773,40.212391042609347],[-3.9912208962522095,40.209740792840869],[-3.99098943425818,40.209476465013125],[-3.9886078211121316,40.209752384084098],[-3.9883788658569932,40.209778421133215],[-3.9877089404352688,40.20985460027503],[-3.9861543336115242,40.210031366651407],[-3.9828243387968563,40.210716116073598],[-3.9769495466991875,40.211933381112942],[-3.9671851566275804,40.211980264408446],[-3.9642019961325166,40.212159107581947],[-3.9625739249272369,40.212256679872382],[-3.9620879814144225,40.212285799198554],[-3.9588897239847407,40.211840539810126],[-3.9576254169451563,40.211664498239529],[-3.9561856989342998,40.211464013848023],[-3.9546349422390272,40.212085667538361],[-3.9544543246531929,40.212158272588354],[-3.952866472345252,40.212796538690512],[-3.9529746805600512,40.211768209997935],[-3.952997401600375,40.211552279915956],[-3.9529813988621134,40.210982659564984],[-3.9529541853885579,40.210013901203105],[-3.9531814140254649,40.209196913270816],[-3.9533126038259505,40.208106252092527],[-3.9534814538837204,40.20738123326602],[-3.9537724216132002,40.20646807638169],[-3.9544414441522897,40.205052755845436],[-3.9551230341468329,40.203375323393495],[-3.9551976296853812,40.202892286415697],[-3.9554100057092723,40.20217939371679],[-3.9558284458543342,40.201078028189031],[-3.9560520072937417,40.200389995670228],[-3.9562478913984149,40.199589893338484],[-3.9562959945207394,40.199101196583108],[-3.9562836407141457,40.199091017252535],[-3.9546700881756469,40.197761365740249],[-3.9539340538487275,40.197466767822405],[-3.9535234511209598,40.198011339423658],[-3.9525264403970999,40.197277913615515],[-3.9511933502918626,40.196925664542412],[-3.9509023162786923,40.196848761354751],[-3.9507424118641925,40.196806506814035],[-3.9505778135375862,40.197654713427241],[-3.9504978349185449,40.198342185773264],[-3.9504786121822675,40.198507403604935],[-3.9503224281068205,40.200763924561805],[-3.9493698180847185,40.202231387147961],[-3.9492170366763406,40.202466734511994],[-3.9493316269613268,40.201912979122632],[-3.9494897418677133,40.20114888997594],[-3.949635348159426,40.200445226591384],[-3.9491353702625012,40.199506751012088],[-3.9490995705210983,40.199420461739301],[-3.9485912279420856,40.198195151508962],[-3.9485925933031769,40.19806289032195],[-3.9485962915535544,40.19770500308983],[-3.9486030663931757,40.197049326498835],[-3.9486162806520908,40.196512783632926],[-3.9485036039892023,40.196513706962307],[-3.9426022004804868,40.196561912713356],[-3.9423115736167174,40.19701844263777],[-3.9424898397888786,40.197420609271809],[-3.9417378933869731,40.197928539426449],[-3.9414554404874251,40.199211673904053],[-3.9412042669710963,40.200039248176097],[-3.9415782255516296,40.200402886571567],[-3.94112049936364,40.201119249673759],[-3.9410707361815809,40.201311048382664],[-3.9409844055422072,40.201643791860938],[-3.9404131634224644,40.201234003594273],[-3.9402355827047719,40.201106611618776],[-3.9401328405623328,40.201242059246198],[-3.9399714377669302,40.201454840437975],[-3.9400285856907806,40.205592125428453],[-3.9400750332965946,40.208954116385726],[-3.9400846995580232,40.209653712609963],[-3.9401107712401222,40.211540529559628],[-3.9401159733652054,40.211916987817311],[-3.9401414695789385,40.213761950154208],[-3.9401530570004137,40.214600385071662],[-3.9401802956631107,40.216571163048997],[-3.9401905064490541,40.217309885918766],[-3.9402121587630736,40.218876281871566],[-3.9402489284107785,40.221536030649318],[-3.9402775844316418,40.223608630331093],[-3.9404021680128518,40.232616861205919],[-3.9405268077724469,40.241625077695147],[-3.9405607210535014,40.244075421666018],[-3.9405776207358048,40.245296365661666],[-3.9406048983662112,40.247266922810951],[-3.9406513789537838,40.250624267195811],[-3.9406515037388559,40.250633279797967],[-3.9407762559405293,40.259641467513426],[-3.9408020373342514,40.261502598951928],[-3.9408225821355982,40.262985581783703],[-3.9408735731882905,40.2666657852848],[-3.9408993727709154,40.268527572671694],[-3.9409010644059341,40.26864964084065],[-3.9409915377020224,40.275177092097714],[-3.9410136972980219,40.276775532403093],[-3.9410259291635614,40.277657799778744],[-3.9410513311931332,40.279489887769955],[-3.9411508502419252,40.286665944326813]]]},"properties":{"FID":16,"Malla10km_":"30TVK15","Sheet1__Ur":" ","Sheet1__CU":" ","Sheet1__Ob":0}},{"type":"Feature","id":17,"geometry":{"type":"Polygon","coordinates":[[[-3.8224284156837185,40.197478104470932],[-3.8224960434844664,40.203074539001676],[-3.8224975071315832,40.203195643480441],[-3.8225372851892279,40.206486660971272],[-3.8225710216583932,40.209277404527306],[-3.8225799109478391,40.210012678008731],[-3.8225868454430505,40.210586242736973],[-3.8226462037918156,40.215495204063693],[-3.8226581638306074,40.216484158027264],[-3.8227551715054182,40.224503732846514],[-3.8228641883548788,40.233512247318842],[-3.8229732543650545,40.24252074747988],[-3.8230197412836633,40.246359178279668],[-3.8230378355948309,40.247853027806194],[-3.8230392718788022,40.24797160127553],[-3.8230823695608258,40.251529233328704],[-3.8230833191604159,40.251607613819381],[-3.8230946672412518,40.252544266993894],[-3.8230983659081264,40.252849539759147],[-3.8230994849005868,40.252941895876404],[-3.8231098110580306,40.253794145749922],[-3.8231915339670866,40.260537704864483],[-3.8231994900468145,40.261194097598711],[-3.8232451773196474,40.264962971466275],[-3.8233007476087537,40.269546162086371],[-3.8233520676833943,40.273777876870049],[-3.8233757266906681,40.275728431816113],[-3.8233935445265068,40.277197288159236],[-3.8234100105107602,40.278554604993545],[-3.8235193227089934,40.287563034485956],[-3.8352827089637911,40.287478705523462],[-3.8470460452265192,40.287393182574199],[-3.8588093307599407,40.287306462950546],[-3.8705725648711935,40.287218547568564],[-3.8823357468446327,40.287129435542795],[-3.8866431537023263,40.287096506236367],[-3.8873924809026561,40.287090761395056],[-3.8908178726101252,40.287064438254014],[-3.8913432107864492,40.287060392212084],[-3.8940988760114887,40.287039129591342],[-3.8946484232592478,40.287034881410385],[-3.8953869178303728,40.287029168493163],[-3.8953952129967835,40.287029104295833],[-3.895876594027746,40.28702537780962],[-3.8971805564494391,40.287015273461094],[-3.8986227494223749,40.287004080852029],[-3.9018890360837002,40.286978665296793],[-3.9029952763353677,40.286970036538669],[-3.9058619516327302,40.286947627027466],[-3.906711284613956,40.286940973939643],[-3.9091479670942659,40.286921852044699],[-3.9176249730161938,40.286854928768037],[-3.9216358077505267,40.286823048012621],[-3.9293879394580351,40.28676103482929],[-3.9411508502419252,40.286665944326813],[-3.9410513311931332,40.279489887769955],[-3.9410259291635614,40.277657799778744],[-3.9410136972980219,40.276775532403093],[-3.9409915377020224,40.275177092097714],[-3.9409010644059341,40.26864964084065],[-3.9408993727709154,40.268527572671694],[-3.9408735731882905,40.2666657852848],[-3.9408225821355982,40.262985581783703],[-3.9408020373342514,40.261502598951928],[-3.9407762559405293,40.259641467513426],[-3.9406515037388559,40.250633279797967],[-3.9406513789537838,40.250624267195811],[-3.9406048983662112,40.247266922810951],[-3.9405776207358048,40.245296365661666],[-3.9405607210535014,40.244075421666018],[-3.9405268077724469,40.241625077695147],[-3.9404021680128518,40.232616861205919],[-3.9402775844316418,40.223608630331093],[-3.9402489284107785,40.221536030649318],[-3.9402121587630736,40.218876281871566],[-3.9401905064490541,40.217309885918766],[-3.9401802956631107,40.216571163048997],[-3.9401530570004137,40.214600385071662],[-3.9401414695789385,40.213761950154208],[-3.9401159733652054,40.211916987817311],[-3.9401107712401222,40.211540529559628],[-3.9400846995580232,40.209653712609963],[-3.9400750332965946,40.208954116385726],[-3.9400285856907806,40.205592125428453],[-3.9399714377669302,40.201454840437975],[-3.9389510304976878,40.202800032253826],[-3.93864815274872,40.203201271988199],[-3.9386281131058283,40.203227820875632],[-3.9384224274037427,40.203189727935744],[-3.9378874604403467,40.203090649851035],[-3.9374810338826522,40.203010871258684],[-3.9373925341089326,40.202993499154289],[-3.9370034299107477,40.202917117442603],[-3.9367760270632011,40.202872478242256],[-3.9363868922168201,40.202805126506021],[-3.9360955834355416,40.202752790059229],[-3.9358236240925852,40.202703928986693],[-3.9348995127727755,40.202734897220488],[-3.9341353366507321,40.202882053957183],[-3.933413411393945,40.203130707704254],[-3.9328092141858657,40.203397986350723],[-3.9319611410595967,40.203761224012474],[-3.9316692619350642,40.203872318444212],[-3.9313532792330235,40.203964951462254],[-3.931012567172858,40.203967691489751],[-3.9303887018797772,40.203885314042857],[-3.9301794357917883,40.203834298794874],[-3.9297573866180548,40.203688577854784],[-3.9297460209661077,40.203681954527426],[-3.9294957995129103,40.203536137053284],[-3.9292907286779148,40.203416630347235],[-3.9281186742198977,40.202855743524978],[-3.9273196637600769,40.202335999578182],[-3.9267394283263188,40.201832516354187],[-3.9262776479357582,40.201261019858642],[-3.9259896909251251,40.200872721498349],[-3.9259757504632726,40.200837845436297],[-3.9257172454725748,40.200191091840232],[-3.925658821647187,40.200142320575445],[-3.9249519429322408,40.199552223593635],[-3.9236400587438367,40.198638258885772],[-3.9233995036758738,40.198847545938271],[-3.9232951769697282,40.198938309810217],[-3.9230104991239805,40.198760889751206],[-3.9224899636586121,40.198416456088772],[-3.9222275827249899,40.19806623195425],[-3.9221778598238983,40.197999861091958],[-3.9218916671066668,40.197672871640108],[-3.9217707879269255,40.197435050951306],[-3.9215567272590808,40.197013899421556],[-3.9213885153789994,40.196732713166547],[-3.9164094456356335,40.196772238179733],[-3.9157853065746422,40.19677717763291],[-3.9132338816221313,40.196797334676667],[-3.9128593657783401,40.196800288733428],[-3.9127947611258675,40.196800798190949],[-3.9046620008633819,40.196864643277983],[-3.8929145021152691,40.196955855560518],[-3.8811669501270631,40.197045877713869],[-3.8694193455636587,40.197134707019821],[-3.8576716891372316,40.197222344363709],[-3.8529774382720801,40.197257029986787],[-3.8517326506708027,40.197266195734102],[-3.8500129850276696,40.19727883612984],[-3.8483582679708137,40.197290975000605],[-3.8459239815481623,40.197308789730208],[-3.8440896679646412,40.197322179881127],[-3.8395008902536665,40.197355549788135],[-3.8341762234968524,40.197394043104268],[-3.8224284156837185,40.197478104470932]]]},"properties":{"FID":17,"Malla10km_":"30TVK25","Sheet1__Ur":" ","Sheet1__CU":" ","Sheet1__Ob":0}},{"type":"Feature","id":18,"geometry":{"type":"Polygon","coordinates":[[[-3.9486162806520908,40.196512783632926],[-3.9486331729111988,40.195826894233548],[-3.948650743849202,40.195113436171098],[-3.9486657346638219,40.194504767305894],[-3.9486689078252648,40.194375949887615],[-3.9486937855364275,40.193365741364168],[-3.9486955367912562,40.193294647299254],[-3.948697966691364,40.19319595851524],[-3.948700897308703,40.193076971293259],[-3.9493460883601346,40.192478376614851],[-3.9500155095076281,40.191857286869578],[-3.9503223054272412,40.191572635381895],[-3.9508090833039988,40.190928986354123],[-3.9508133049799907,40.1908989255001],[-3.9508924327466053,40.190335486476592],[-3.9503349394169063,40.191131079832019],[-3.9487665165340915,40.192473709076815],[-3.9479793016680444,40.192804485853436],[-3.9477111592220933,40.192981720303251],[-3.9472874397394606,40.193261785534418],[-3.9460448308168439,40.194047365706972],[-3.9448521911304111,40.194801325493998],[-3.9431259224633886,40.195907353566263],[-3.942945164047778,40.196023162167293],[-3.9428195399922177,40.196220501475125],[-3.9426022004804868,40.196561912713356],[-3.9485036039892023,40.196513706962307],[-3.9486162806520908,40.196512783632926]]]},"properties":{"FID":18,"Malla10km_":"30TVK14","Sheet1__Ur":" ","Sheet1__CU":" ","Sheet1__Ob":0}},{"type":"Feature","id":19,"geometry":{"type":"Polygon","coordinates":[[[-3.8220820629687036,40.168791542429126],[-3.8220845655468412,40.168998965982539],[-3.8221021013819971,40.170452344621737],[-3.8222108237994292,40.179460945844902],[-3.8223195952178313,40.18846953186101],[-3.8224284156837185,40.197478104470932],[-3.8341762234968524,40.197394043104268],[-3.8395008902536665,40.197355549788135],[-3.8440896679646412,40.197322179881127],[-3.8459239815481623,40.197308789730208],[-3.8483582679708137,40.197290975000605],[-3.8500129850276696,40.19727883612984],[-3.8517326506708027,40.197266195734102],[-3.8529774382720801,40.197257029986787],[-3.8576716891372316,40.197222344363709],[-3.8694193455636587,40.197134707019821],[-3.8811669501270631,40.197045877713869],[-3.8929145021152691,40.196955855560518],[-3.9046620008633819,40.196864643277983],[-3.9127947611258675,40.196800798190949],[-3.9128593657783401,40.196800288733428],[-3.9132338816221313,40.196797334676667],[-3.9157853065746422,40.19677717763291],[-3.9164094456356335,40.196772238179733],[-3.9213885153789994,40.196732713166547],[-3.921122996621869,40.196288861496669],[-3.920893048775437,40.195902941594063],[-3.9204824601652333,40.195377457701383],[-3.9200271950207455,40.194946339447839],[-3.9195585819210117,40.194469685159135],[-3.919260965404074,40.194180849380423],[-3.9186425533837248,40.193623771790222],[-3.9184167813314978,40.19343366416846],[-3.9181646615138082,40.193175142101708],[-3.9177808657105526,40.192739513496655],[-3.9176288732885278,40.192590336004031],[-3.9175231581435366,40.19256531365216],[-3.9174100716562199,40.192511378394023],[-3.9172512956435632,40.192381607950487],[-3.9171209860302882,40.192282583054869],[-3.9169870544656318,40.192197479053554],[-3.9167140049956854,40.19208855512499],[-3.9166115334648146,40.191996788717347],[-3.9165388049488947,40.191902547913536],[-3.9163234165292264,40.191697939908387],[-3.9161581612406051,40.191552392569477],[-3.9159620367352286,40.191469249879667],[-3.9156866550136082,40.191433593946371],[-3.9155442591879068,40.191451313589198],[-3.9154778932349137,40.191459572050036],[-3.915362394581146,40.191432439424737],[-3.9153034768200006,40.191418599415108],[-3.9150533543253245,40.191339493055494],[-3.9147162978295866,40.191363280142639],[-3.9147083028378971,40.191363843334251],[-3.9146244886330246,40.191342945405189],[-3.9144742181961263,40.19130547635509],[-3.9144666625905362,40.191303591833112],[-3.9142192677681309,40.191164093430537],[-3.913899570495285,40.190977421384538],[-3.9134225808108418,40.190800093564526],[-3.9130166070067789,40.190701364894807],[-3.9128526207161771,40.190659568423307],[-3.912704065281118,40.190625496265902],[-3.9126279042025551,40.190584733173885],[-3.9125824049640276,40.190503079200987],[-3.9125198434424915,40.190410803490948],[-3.9124473545113965,40.190366058945223],[-3.9124002151432347,40.190336961937099],[-3.9123066178511645,40.1903113789065],[-3.9121834930413741,40.190295432398564],[-3.9118705133078993,40.190170863312858],[-3.9118209379267137,40.190163611217365],[-3.911686417764531,40.190143933087356],[-3.9113843804732435,40.190089513106997],[-3.9113484996061629,40.190081934064665],[-3.9111686689188416,40.190043948344616],[-3.9109568972413045,40.1900203826495],[-3.9107261719806976,40.189939006063128],[-3.9104464689121201,40.189840353270682],[-3.9102870094000286,40.189755441309167],[-3.9101706481875662,40.189731959034155],[-3.9099497474862051,40.189740460748652],[-3.9097616987625421,40.18978406091869],[-3.909748652493537,40.189787085168817],[-3.909461095106685,40.189861800293393],[-3.909239482447505,40.189902708246898],[-3.9089999545941274,40.189939832898652],[-3.9086258809588803,40.189950973548861],[-3.908463925008427,40.189955796125631],[-3.9084216341307236,40.189945767294581],[-3.9083147120131319,40.189920411722319],[-3.9080685316549948,40.189871884636688],[-3.9078896002074663,40.189865655405889],[-3.9078128276785775,40.18986298350648],[-3.907589470752006,40.189868645829108],[-3.9075013466455872,40.18986958806623],[-3.9072460667215481,40.189872316088262],[-3.9067541650181017,40.189845816906953],[-3.9064081609295171,40.189844603978138],[-3.9062014690066111,40.189856010811873],[-3.9061159409915689,40.189856681212383],[-3.9060405698671801,40.189851085356757],[-3.9059935946252118,40.18984759792761],[-3.9058778414387931,40.189809588962142],[-3.9057290058816747,40.189754943554817],[-3.9056773808606384,40.189734307106576],[-3.9056353044652092,40.189717487958312],[-3.9055275961578797,40.189698984838714],[-3.9054829712309331,40.189700231231122],[-3.9053978328741374,40.189717380596932],[-3.9053323246585108,40.189729949202381],[-3.9053013680186739,40.189735888792377],[-3.9052612136498759,40.189736567687042],[-3.9052027080071019,40.189737557641656],[-3.9051832587301294,40.189735069995365],[-3.905115799352155,40.189726441299612],[-3.9050576904443663,40.189698154106523],[-3.9050117746297048,40.189690398390454],[-3.9049308848301307,40.189702745566841],[-3.9048645873823156,40.189752813249527],[-3.904842330730709,40.189814255077223],[-3.9048375272036822,40.189827515597536],[-3.9048050284722322,40.189956892941531],[-3.9047339912769412,40.190003389363653],[-3.9046624958988998,40.190016559357282],[-3.9045442495472171,40.190027300834622],[-3.9044908569216545,40.190032150610506],[-3.9044888446462425,40.190032333005632],[-3.9042861051752613,40.190029612265327],[-3.904056618432783,40.190054895604],[-3.9038591950599035,40.190121935882274],[-3.9036194568744707,40.190115702724732],[-3.9034249185292071,40.190150550176462],[-3.9032456377438818,40.190291751256481],[-3.9032412221593886,40.1902952290706],[-3.9029986438495143,40.190428664798375],[-3.9027169289335619,40.190535366456857],[-3.9024815975258522,40.190670346445351],[-3.9022562450652902,40.190787616045476],[-3.9022308686306588,40.190791756307554],[-3.9021519095672899,40.190804640569979],[-3.9019459424241623,40.190775617471594],[-3.9016234895651367,40.190661356954628],[-3.9013128386216738,40.190534523037847],[-3.9010566051270499,40.190467985715792],[-3.900695926124885,40.190419871039531],[-3.9006926483394055,40.190418434330631],[-3.9005033959691153,40.19033547586146],[-3.9002955797370644,40.190256007517185],[-3.9001696936141661,40.190241663442634],[-3.899709913444783,40.190385783191026],[-3.8994862347507024,40.190437969113752],[-3.8978456071287906,40.189888168149828],[-3.8971877086286937,40.189667686395801],[-3.897059577762918,40.189627190560742],[-3.8942926013647652,40.188752638536762],[-3.8941654341195844,40.188712443758902],[-3.8919838479372197,40.188912751710888],[-3.8886632702791335,40.189217558554837],[-3.8853924297103073,40.189517704076025],[-3.8843320925297289,40.189462741127308],[-3.8831286068913786,40.188785407092901],[-3.8822645717388804,40.189010923887011],[-3.8810332953455937,40.188908582071392],[-3.8805727489564403,40.188970221634712],[-3.8795345762144189,40.189109167381524],[-3.8777245228127422,40.188669728247461],[-3.8772723862621516,40.189593900830133],[-3.8763229778122166,40.191221869795527],[-3.8761527905066595,40.191082819732749],[-3.8761448869562503,40.191076362204875],[-3.8759971364534311,40.191043343132527],[-3.8720155117197872,40.190153442408651],[-3.8710120997729933,40.189864585154098],[-3.8696315504917402,40.189303592624327],[-3.8689487155430271,40.189022066691408],[-3.8686612386630035,40.188903541511714],[-3.8683085466883766,40.188759708370945],[-3.8675908838287971,40.188467028880865],[-3.8666345719512361,40.188077530884932],[-3.8664752493822387,40.187981336200707],[-3.8649223454278463,40.187043707408272],[-3.8646069793897389,40.186835108680661],[-3.8636434148445962,40.186197743447714],[-3.8634047500564126,40.186039871929211],[-3.8629931684430328,40.185767615471079],[-3.862100229660522,40.185176936734749],[-3.8609912904358969,40.18439266757008],[-3.8603672319012667,40.183951304200356],[-3.8593572539997316,40.183236983517304],[-3.8583373508727989,40.182931917558086],[-3.858537852257967,40.182530420321335],[-3.8566521350089191,40.181466870666696],[-3.8556869134508238,40.180742440819742],[-3.8545966838630394,40.180163080677168],[-3.854334175612514,40.179929870506349],[-3.8539334641856606,40.180009405520771],[-3.8538709454209581,40.179987815364157],[-3.8538074522792281,40.179965889103343],[-3.8536397244680587,40.179907964277895],[-3.8536201254757385,40.179848455166088],[-3.8535225060285314,40.179552058173556],[-3.8535286334196712,40.179384439027501],[-3.8528764696726263,40.178986524558347],[-3.8514450906598938,40.177515012651739],[-3.8516181918421264,40.175721390648008],[-3.851980888570278,40.17348721769816],[-3.8520482197097849,40.173049149120565],[-3.8517802556378333,40.172846607461267],[-3.8519521527974723,40.172049057151732],[-3.8520389240765516,40.171646454037734],[-3.8525457107355843,40.170167625935228],[-3.8526953148759784,40.16961560402094],[-3.8527968940342987,40.169240785041666],[-3.8517375442321526,40.168390885828764],[-3.850473414681205,40.167754542876196],[-3.849097713006508,40.167153639024605],[-3.8476608737548088,40.166560997269691],[-3.8444711179191104,40.165322598564074],[-3.8443178683324675,40.16526309663552],[-3.8429594368026172,40.164291606887062],[-3.8408380151885249,40.162663975605859],[-3.8400704202752025,40.162499897280227],[-3.837460166202002,40.161950882403225],[-3.8346479457669052,40.161436958816971],[-3.8342964555309091,40.161372719027682],[-3.8341861264906494,40.161352555440445],[-3.8341729178861872,40.161601770103978],[-3.8341422277889285,40.162180836267616],[-3.8332351684483399,40.162006969023871],[-3.8322422438858625,40.16256478768905],[-3.8306585453186637,40.163472518968945],[-3.8301208911698832,40.163758375194618],[-3.8290300764282525,40.164314526566493],[-3.8280020131154648,40.164797076209226],[-3.8280054917027742,40.164890750744192],[-3.8276815117985419,40.165087912337604],[-3.826553923140998,40.165753404203315],[-3.8254496837093925,40.166402746770792],[-3.8252336194742269,40.166597992375472],[-3.8244944072002038,40.167038405839207],[-3.8231030682159424,40.16812069256666],[-3.8226477826431751,40.168468594998195],[-3.8220820629687036,40.168791542429126]]]},"properties":{"FID":19,"Malla10km_":"30TVK24","Sheet1__Ur":" ","Sheet1__CU":" ","Sheet1__Ob":0}},{"type":"Feature","id":20,"geometry":{"type":"Polygon","coordinates":[[[-3.8194152612787815,39.946520386166675],[-3.8194264098122761,39.946520479138691],[-3.8202380149093322,39.946727033950431],[-3.8207454835149117,39.946914611540869],[-3.8214767236304477,39.947184895521431],[-3.8228192585130705,39.947733510513096],[-3.823108695135403,39.947778245128525],[-3.8234267654245806,39.947827405738188],[-3.8238436121960517,39.947641547810107],[-3.8238582658929996,39.947629167931886],[-3.8240886485174719,39.947434520675209],[-3.8244409875329421,39.947110837959642],[-3.8247626331118729,39.946761732670517],[-3.8247951506102598,39.946726438199462],[-3.8253355283828392,39.946041043976763],[-3.8264136968142721,39.94467348545016],[-3.8265562011147733,39.944442341390022],[-3.8271187284339514,39.943564846631467],[-3.8277178612403282,39.942743315605327],[-3.828497605481505,39.941785426947014],[-3.8286324411048978,39.941513270532468],[-3.8286866418829142,39.941251592039919],[-3.8288680297891555,39.940859280407054],[-3.8291501844258105,39.939846852446344],[-3.8292648540311083,39.939435385957921],[-3.8293226204097501,39.93905064291144],[-3.8293634266396435,39.938670376444705],[-3.8293975168719045,39.938212876116559],[-3.8293976145038657,39.938211559096374],[-3.8294801541466015,39.937652847247975],[-3.829383820671358,39.937234582978384],[-3.8293618409635273,39.936657000085262],[-3.8292825532817147,39.936019900610759],[-3.8292884199393415,39.9352730335914],[-3.8293453271774003,39.934818449338785],[-3.8296527001378857,39.933762632623406],[-3.8296613170475675,39.933733032535507],[-3.8300334649799144,39.932680032449632],[-3.8303616926725526,39.93223980700801],[-3.830836527959081,39.931824661965322],[-3.8313023203034393,39.93153392053344],[-3.831818026109588,39.931306778384396],[-3.8325317636793264,39.931196250534349],[-3.8331701741732722,39.93114751685561],[-3.833993683423099,39.931221264704249],[-3.8347553056336907,39.931338077366043],[-3.8353697921102214,39.931579489482502],[-3.8359116862451992,39.931871114930019],[-3.8363133191827545,39.932177246233309],[-3.8365062880284779,39.932387646927573],[-3.8366466111945075,39.932540644156433],[-3.836681651744843,39.932590478220931],[-3.8369050444454804,39.932908177261005],[-3.8370914200755109,39.933316772949716],[-3.8371981531475674,39.933668356808269],[-3.8372974775384616,39.933995528115211],[-3.8373306845177209,39.934465162141862],[-3.8373750708204142,39.935092901959464],[-3.8374043775895679,39.935507377633478],[-3.8374795543034339,39.937415199166971],[-3.8374668245455079,39.938158033322104],[-3.8374528688663196,39.938972273818777],[-3.8376240164792135,39.940146811140664],[-3.8377338172108852,39.941128091224961],[-3.8377927994840211,39.941278691393435],[-3.8379227674762655,39.94161053433178],[-3.8381942401357825,39.94198788212131],[-3.8385780849553042,39.94226891072843],[-3.8390221587186177,39.942401753563459],[-3.8393557778425702,39.942403846205202],[-3.8397267752495128,39.942302952734856],[-3.8401655221673137,39.942091008835568],[-3.8407608884609163,39.941869308864362],[-3.8413119415839914,39.941656285739143],[-3.8418762623970646,39.941476504125141],[-3.8436027824303389,39.941065925957552],[-3.8443497375649391,39.940903262338814],[-3.8453086441591462,39.940656893569937],[-3.8458930111001468,39.940437808037082],[-3.8470915247377584,39.94008403796829],[-3.8481026307913937,39.939804912598845],[-3.8496854272011949,39.939545562989174],[-3.8502865235397721,39.939503320585239],[-3.852185230748832,39.939509547859004],[-3.8523866170027405,39.939496028597475],[-3.8527031808736356,39.939474778484772],[-3.8531567594217129,39.939334500990782],[-3.8534325583878011,39.939205430428473],[-3.8537332014304893,39.938974076315787],[-3.8542823017563301,39.938545980921624],[-3.8552627575393696,39.938013060233217],[-3.8563272815339698,39.937434427495752],[-3.8566192803654618,39.937169499143643],[-3.8567798125778432,39.937023849230918],[-3.8572986897099941,39.936432142687188],[-3.8575990954275947,39.935953877829739],[-3.8584459840131569,39.934358177805635],[-3.8587823736860183,39.933915624567135],[-3.8588110051066726,39.933877958154305],[-3.8592706512046751,39.933478125403653],[-3.8600625452897752,39.933162328993262],[-3.8608759297216899,39.932880594660439],[-3.8619448614004104,39.932772744730883],[-3.8628598058374615,39.932611789825422],[-3.8638929810881444,39.932496221655526],[-3.8642671559030646,39.932475962231287],[-3.8651853318051823,39.932467463513206],[-3.8651963457335925,39.932467361501224],[-3.8660792884556363,39.932413929448309],[-3.8666666871690398,39.932312232313151],[-3.8673634048456389,39.932145723756669],[-3.8674216240569597,39.932131809647309],[-3.8678041014055862,39.932006262935111],[-3.8683112384313536,39.931839796256043],[-3.8696954239526229,39.931285901650192],[-3.8702874676449328,39.930904853477834],[-3.8707686640576648,39.930550764850828],[-3.8712707072447823,39.930271296487938],[-3.8715605087941598,39.930209315377908],[-3.8717247195392988,39.930174193464971],[-3.8732385284950692,39.930036672787807],[-3.8739250933890026,39.929821576735698],[-3.8743887891353079,39.929564916358608],[-3.8748517216887932,39.929128247362634],[-3.8748949815056024,39.929078183640854],[-3.8751904210413226,39.928736280895748],[-3.8755194547645657,39.928198621643446],[-3.8756902243335114,39.927732439051027],[-3.8756616720365855,39.927328109792029],[-3.8754772373118369,39.926904249693322],[-3.8753992001586957,39.926803931751238],[-3.8747964886231552,39.926808480790797],[-3.8659907012827825,39.926874586231584],[-3.8542893590886775,39.926961393798116],[-3.8425879664990408,39.927047020671253],[-3.8308865242037737,39.927131466836066],[-3.82879451541341,39.927146439848897],[-3.8254569298279995,39.927170249599428],[-3.8239523550063028,39.927180951551556],[-3.8191850328928005,39.927214732277946],[-3.8192025533765945,39.928684558245308],[-3.8192041768481344,39.928820748809549],[-3.8192608048150558,39.933570601279968],[-3.819287012315987,39.935768456754104],[-3.8192893685376292,39.935966046128172],[-3.8192924412641465,39.936223717634938],[-3.8193998980070063,39.945232690511354],[-3.8194078826667277,39.945901947111054],[-3.8194101828901963,39.946094742612139],[-3.8194141139469471,39.94642422370125],[-3.8194152612787815,39.946520386166675]]]},"properties":{"FID":20,"Malla10km_":"30SVK22","Sheet1__Ur":" ","Sheet1__CU":" ","Sheet1__Ob":0}},{"type":"Feature","id":21,"geometry":{"type":"Polygon","coordinates":[[[-3.5890249917987358,40.379086508091447],[-3.5891034675496005,40.388095234981741],[-3.5891657948014535,40.395247267949898],[-3.5891819787245307,40.397103947666281],[-3.5892605253415266,40.406112646144365],[-3.5892687247347963,40.407052818923361],[-3.589339107418605,40.41512133041519],[-3.5894177249737926,40.424130000478023],[-3.5894963780251303,40.433138656332069],[-3.5895540360047482,40.439740015946711],[-3.5895750665906752,40.442147297976597],[-3.5896423166836979,40.449843175726201],[-3.5896446896877676,40.450114680049765],[-3.5896537906884953,40.451155925410845],[-3.5897325503366724,40.460164538634054],[-3.5898063685910402,40.46860424597179],[-3.589808321667594,40.468827494328842],[-3.5898113455533012,40.469173137645491],[-3.6011035822666249,40.469114963491648],[-3.6016069614055515,40.46911234454933],[-3.6018651986624568,40.469111000161519],[-3.6134025409597386,40.469050347814658],[-3.624613957401877,40.468990305523484],[-3.6251980835044089,40.46898714745236],[-3.6262509289575937,40.468981447799436],[-3.6281834736977099,40.468970960873499],[-3.6287456708108348,40.468967904051517],[-3.6369935883280426,40.468922743473513],[-3.6487890547192006,40.468857135889486],[-3.6605844819664499,40.468790324711769],[-3.6696162479777379,40.468738353574523],[-3.670070576154929,40.468735720606809],[-3.6723798693583571,40.468722309952099],[-3.6841752161835153,40.468653091622443],[-3.6959705217305219,40.468582669734936],[-3.7077657852880002,40.468511044301948],[-3.7076712350123602,40.459502654713219],[-3.7075767274158857,40.450494250857425],[-3.707482262476868,40.441485832735403],[-3.7073878401736096,40.432477400347913],[-3.7072934604844341,40.423468953695725],[-3.7071991233876727,40.414460492779661],[-3.7071048288711084,40.40545201850135],[-3.7070105768848292,40.396443528159061],[-3.70700765927534,40.396164601474659],[-3.7070051846832319,40.395928024674873],[-3.7070014380714555,40.395569834461106],[-3.7069997763255227,40.395410963218914],[-3.7069163674354981,40.387435024456074],[-3.7068222004920912,40.378426506492424],[-3.6950426591237617,40.378497905641872],[-3.6882864740953853,40.378538315295359],[-3.6878715091876315,40.378540784389017],[-3.6855570800954065,40.378554528219809],[-3.6851641995554925,40.378556856672645],[-3.6850954183261759,40.378557264175406],[-3.6849557235201318,40.378558091688355],[-3.6832630759788514,40.378568105047719],[-3.6827743700462099,40.378570991523247],[-3.6823609066116116,40.3785734319762],[-3.6714834517651309,40.378637104697638],[-3.6597037871903981,40.378704904579529],[-3.6479240829624504,40.378771504681531],[-3.6450570748173234,40.378787532600498],[-3.6436525654001328,40.378795358525011],[-3.6395847052847197,40.378817928380435],[-3.6361443397891144,40.378836904991914],[-3.6243645583782187,40.378901105499267],[-3.6152661077032717,40.378949871217564],[-3.613047645491398,40.37896165313515],[-3.6125847394375916,40.378964106192292],[-3.611771504080338,40.378968411246277],[-3.6117070447504376,40.378968752232367],[-3.6011333605894174,40.379024200030202],[-3.6008048836751478,40.379025907059962],[-3.5890249917987358,40.379086508091447]]]},"properties":{"FID":21,"Malla10km_":"30TVK47","Sheet1__Ur":" ","Sheet1__CU":" ","Sheet1__Ob":0}},{"type":"Feature","id":22,"geometry":{"type":"Polygon","coordinates":[[[-3.4712242425089581,40.379626525182012],[-3.4712328670110897,40.380864324177274],[-3.4712330020833826,40.380883709303873],[-3.4712540183082412,40.383899657952661],[-3.4712870252685017,40.388635423020254],[-3.4713498363689097,40.397644306697771],[-3.4714068363237436,40.405816178257268],[-3.4714126758245842,40.40665317621383],[-3.471414436422446,40.406905522518848],[-3.4714627094306132,40.413823240628282],[-3.4714651634536393,40.414174847835717],[-3.471471634574923,40.415101986544997],[-3.4714755436436491,40.415662030666816],[-3.4715216486478577,40.422266208835097],[-3.4715384398593936,40.424670872758604],[-3.4715699460021332,40.429182072723698],[-3.4715757102329317,40.430007312089224],[-3.4715773190582744,40.430237634367472],[-3.4715919707258056,40.432335070219771],[-3.4716013644673893,40.43367969978587],[-3.4716103741327369,40.43496926688384],[-3.4716204543677098,40.43641196712705],[-3.4716416178639804,40.439440581927215],[-3.4716643174883677,40.442688512648743],[-3.4717272989367878,40.451697311346472],[-3.4717903088271136,40.460706095878372],[-3.4718319302968923,40.466654651669749],[-3.4718533471738251,40.469714866243699],[-3.4836492868720832,40.469666110085214],[-3.4838004778637819,40.469665477353544],[-3.4954451973878444,40.469616150190951],[-3.5072410780095016,40.469564986569644],[-3.50811931438305,40.469561129142853],[-3.5148188158652824,40.469531483693267],[-3.5162386826013967,40.469525150878319],[-3.5190369280254523,40.469512619230315],[-3.5230950313735172,40.469494325075829],[-3.5250195175410526,40.46948559957881],[-3.5271696498918717,40.469475813116588],[-3.5308327467241143,40.469459048182131],[-3.5372753031527426,40.46942928081581],[-3.5421629760216011,40.469406458109269],[-3.5426285333939047,40.469404273434535],[-3.5431647415543432,40.469401754900147],[-3.546418196728967,40.469386420298115],[-3.5511605644432658,40.469363903923906],[-3.5544242873232648,40.469348294997118],[-3.5662200078006401,40.469291112879745],[-3.5780156941144958,40.469232727092439],[-3.5888687275056443,40.469177943834055],[-3.5898113455533012,40.469173137645491],[-3.589808321667594,40.468827494328842],[-3.5898063685910402,40.46860424597179],[-3.5897325503366724,40.460164538634054],[-3.5896537906884953,40.451155925410845],[-3.5896446896877676,40.450114680049765],[-3.5896423166836979,40.449843175726201],[-3.5895750665906752,40.442147297976597],[-3.5895540360047482,40.439740015946711],[-3.5894963780251303,40.433138656332069],[-3.5894177249737926,40.424130000478023],[-3.589339107418605,40.41512133041519],[-3.5892687247347963,40.407052818923361],[-3.5892605253415266,40.406112646144365],[-3.5891819787245307,40.397103947666281],[-3.5891657948014535,40.395247267949898],[-3.5891034675496005,40.388095234981741],[-3.5890249917987358,40.379086508091447],[-3.5888329410260407,40.379087486144847],[-3.5867490564560716,40.379098078197764],[-3.577245064516251,40.379145909276112],[-3.5654651025355926,40.379204110603546],[-3.5536851065646844,40.379261112063517],[-3.549492660166536,40.379281109078597],[-3.5485887291854468,40.379285400704546],[-3.5419050773114509,40.379316913646065],[-3.5301250154838413,40.379371515341404],[-3.5225286654804102,40.379406088711143],[-3.5183449217898057,40.379424917139936],[-3.5171700695320043,40.379430177198422],[-3.516707394672594,40.379432245414293],[-3.5162484228074011,40.379434295248295],[-3.515748833768134,40.379436524413777],[-3.5065647969373153,40.379477119032302],[-3.4975006797525512,40.379516468415495],[-3.4947846416343471,40.379528121009379],[-3.4854967605969329,40.379567486656008],[-3.4830044565888958,40.379577923062186],[-3.4712242425089581,40.379626525182012]]]},"properties":{"FID":22,"Malla10km_":"30TVK57","Sheet1__Ur":" ","Sheet1__CU":" ","Sheet1__Ob":0}},{"type":"Feature","id":23,"geometry":{"type":"Polygon","coordinates":[[[-3.3534206605809938,40.380046548295184],[-3.3534451223842665,40.384727137343511],[-3.3534504450807066,40.38574545092294],[-3.3534570232064445,40.387003875393894],[-3.3534582924555152,40.387246679178006],[-3.3534591063100976,40.387402365715694],[-3.3534677489100497,40.389055579097949],[-3.3534810403713569,40.391597789169239],[-3.3534907543039694,40.393455532707229],[-3.3534933843127583,40.393958479569079],[-3.3535148584956933,40.398064595774983],[-3.3535619893487274,40.407073598325553],[-3.3536091414799634,40.416082586748992],[-3.3536563149002192,40.425091561044553],[-3.3536863139909832,40.430818534655174],[-3.3537029740545612,40.433998310407027],[-3.3537035096203223,40.434100521211533],[-3.3537300295242978,40.439161092819077],[-3.3537507256511079,40.443109467249229],[-3.3537818659121119,40.449048880281524],[-3.3537915932175633,40.450903815378233],[-3.3537979630034176,40.452118399156916],[-3.353818993128086,40.456127873524053],[-3.3538430278095213,40.460709188438052],[-3.3538452216881063,40.461127316933904],[-3.3538619969754611,40.464324206724584],[-3.3538864539268509,40.468984081104978],[-3.3538925017207584,40.470136221480374],[-3.3567251823050324,40.470127513946373],[-3.3603053910478349,40.470116409225085],[-3.3607739673208559,40.470114947636823],[-3.3612273945143927,40.470113531493261],[-3.3656886941032083,40.470099503116153],[-3.3753604915709321,40.47006849922753],[-3.3774848644198423,40.470061580939984],[-3.3775265639463923,40.470061444749511],[-3.3858660398602831,40.470033905700831],[-3.3877028400828726,40.470027759266117],[-3.3881694029152056,40.470026193370714],[-3.3885070952297642,40.470025058820454],[-3.3888100319541641,40.470024040199576],[-3.3892810119589436,40.470022454958553],[-3.3967831041409537,40.469996945402862],[-3.3973307372645833,40.469995064202259],[-3.3975577518442996,40.469994283612934],[-3.3979808759200809,40.46999282751139],[-3.401077136008841,40.469982125178696],[-3.4128732358577909,40.469940591607511],[-3.417810576162462,40.469922850041485],[-3.4197870401394779,40.469915688812229],[-3.420594788427143,40.469912752407076],[-3.4246693107941333,40.469897854252324],[-3.4281164099964614,40.469885138057812],[-3.4294518398458429,40.469880184088588],[-3.4341558267330523,40.469862611076387],[-3.4364653601061987,40.469853913120595],[-3.4388270011084368,40.46984497119994],[-3.4482613830823197,40.469808768220069],[-3.4600573790108471,40.469762419558684],[-3.4718533471738251,40.469714866243699],[-3.4718319302968923,40.466654651669749],[-3.4717903088271136,40.460706095878372],[-3.4717272989367878,40.451697311346472],[-3.4716643174883677,40.442688512648743],[-3.4716416178639804,40.439440581927215],[-3.4716204543677098,40.43641196712705],[-3.4716103741327369,40.43496926688384],[-3.4716013644673893,40.43367969978587],[-3.4715919707258056,40.432335070219771],[-3.4715773190582744,40.430237634367472],[-3.4715757102329317,40.430007312089224],[-3.4715699460021332,40.429182072723698],[-3.4715384398593936,40.424670872758604],[-3.4715216486478577,40.422266208835097],[-3.4714755436436491,40.415662030666816],[-3.471471634574923,40.415101986544997],[-3.4714651634536393,40.414174847835717],[-3.4714627094306132,40.413823240628282],[-3.471414436422446,40.406905522518848],[-3.4714126758245842,40.40665317621383],[-3.4714068363237436,40.405816178257268],[-3.4713498363689097,40.397644306697771],[-3.4712870252685017,40.388635423020254],[-3.4712540183082412,40.383899657952661],[-3.4712330020833826,40.380883709303873],[-3.4712328670110897,40.380864324177274],[-3.4712242425089581,40.379626525182012],[-3.469212417558027,40.37963470547902],[-3.46309558235509,40.379659362204151],[-3.4611827702158093,40.379667006265734],[-3.4594440001025535,40.379673927360322],[-3.4594031694682581,40.379674089570607],[-3.4513051663745737,40.379705976016545],[-3.4476637300776996,40.379720129588819],[-3.4358834331424357,40.379765131859379],[-3.4338283541347829,40.379772859592677],[-3.43307671430341,40.379775676869571],[-3.4241031100048036,40.379808934164146],[-3.4129227783486038,40.379849395605532],[-3.4123227613728608,40.379851536495416],[-3.4094330968972395,40.379861803358814],[-3.4036740418624873,40.379882049694807],[-3.4005423879546672,40.379892938845707],[-3.3945865412036111,40.379913414050804],[-3.3887619904582729,40.379933141207779],[-3.3810330594120344,40.379958865379606],[-3.3790169717345284,40.37996549056939],[-3.3769815695918144,40.379972143574577],[-3.3707321043080607,40.379992346988111],[-3.3700425712565911,40.379994555438742],[-3.3690341607118532,40.379997777793641],[-3.3652011260633534,40.380009945939257],[-3.3571073703438512,40.38003522256335],[-3.3534206605809938,40.380046548295184]]]},"properties":{"FID":23,"Malla10km_":"30TVK67","Sheet1__Ur":" ","Sheet1__CU":" ","Sheet1__Ob":0}},{"type":"Feature","id":24,"geometry":{"type":"Polygon","coordinates":[[[-3.2359295208547625,40.470437193250156],[-3.2375802241505904,40.470433812283304],[-3.2405878204517258,40.470427591526011],[-3.240630052026781,40.470427503619241],[-3.2459652291791454,40.4704162741236],[-3.2476942853307245,40.470412581964474],[-3.2477258947528216,40.470412514226204],[-3.2483290464732701,40.47041121993751],[-3.2505707576725316,40.470406381916618],[-3.2506165181609372,40.470406282704353],[-3.2552175097354592,40.4703962149161],[-3.2595222536959567,40.470386629533515],[-3.2595537081970773,40.470386558908487],[-3.2694656018489954,40.470363877328452],[-3.2702865528219567,40.47036196061525],[-3.271318596985938,40.47035954278023],[-3.2831149239005901,40.470331251268398],[-3.294911233731606,40.470301755903925],[-3.2962582504816185,40.470298311252826],[-3.2969472425452908,40.470296543263508],[-3.3067075257672309,40.470271056691963],[-3.3185037992957005,40.47023915363792],[-3.3202922398009944,40.470234211698177],[-3.3217021848307646,40.470230296135242],[-3.3222181683608385,40.470228858896952],[-3.3236709569000373,40.470224799876952],[-3.3260877704109792,40.470218006962959],[-3.3280572594464632,40.470212433969699],[-3.3281717913703552,40.470212108850262],[-3.3282065797294895,40.470212010074768],[-3.328949925718284,40.470209896971355],[-3.3298414224108992,40.470207356416502],[-3.3303000536052734,40.4702060467474],[-3.3312221089230651,40.470203408215419],[-3.3329949684278923,40.470198314374535],[-3.3339789964753241,40.470195475295981],[-3.3420962879842024,40.470171736026217],[-3.3421542487314415,40.470171564468444],[-3.348122802978192,40.470153742572649],[-3.3484801495455536,40.47015266576949],[-3.348846051339025,40.470151562041835],[-3.3524817739939912,40.470140532098874],[-3.3531923933142198,40.470138362883205],[-3.3538925017207584,40.470136221480374],[-3.3538864539268509,40.468984081104978],[-3.3538619969754611,40.464324206724584],[-3.3538452216881063,40.461127316933904],[-3.3538430278095213,40.460709188438052],[-3.353818993128086,40.456127873524053],[-3.3537979630034176,40.452118399156916],[-3.3537915932175633,40.450903815378233],[-3.3537818659121119,40.449048880281524],[-3.3537507256511079,40.443109467249229],[-3.3537300295242978,40.439161092819077],[-3.3537035096203223,40.434100521211533],[-3.3537029740545612,40.433998310407027],[-3.3536863139909832,40.430818534655174],[-3.3536563149002192,40.425091561044553],[-3.3536091414799634,40.416082586748992],[-3.3535619893487274,40.407073598325553],[-3.3535148584956933,40.398064595774983],[-3.3534933843127583,40.393958479569079],[-3.3534907543039694,40.393455532707229],[-3.3534810403713569,40.391597789169239],[-3.3534677489100497,40.389055579097949],[-3.3534591063100976,40.387402365715694],[-3.3534582924555152,40.387246679178006],[-3.3534570232064445,40.387003875393894],[-3.3534504450807066,40.38574545092294],[-3.3534451223842665,40.384727137343511],[-3.3534206605809938,40.380046548295184],[-3.3416401738528396,40.380081950635969],[-3.3298596665870126,40.380116152955388],[-3.3180791394916329,40.380149155247423],[-3.3062985932748359,40.38018095750629],[-3.2945180286447568,40.380211559726455],[-3.2827374463095453,40.380240961902508],[-3.2722633102942731,40.380266095590784],[-3.27095684697735,40.380269164029308],[-3.2620347041904947,40.380289724532084],[-3.2591762313563351,40.380296166101921],[-3.2473956001546616,40.380321968115588],[-3.2458899731925155,40.38032517925889],[-3.2419695032415361,40.38033344871068],[-3.2374906972695898,40.380342733212103],[-3.2356149540805039,40.380346570065804],[-3.2356222675176243,40.382445748201974],[-3.2356242532527522,40.383015676140239],[-3.2356261780526858,40.383568099420238],[-3.2356463468996117,40.389355695845857],[-3.2356533277474262,40.391358508386922],[-3.2356572098403147,40.392472197654953],[-3.2356580188283126,40.392704271127251],[-3.2356658600815424,40.394953542280781],[-3.235668299662005,40.395653286450163],[-3.2356690771831427,40.395876297444026],[-3.2356777538870847,40.398364806624301],[-3.2357091750595495,40.40737390510315],[-3.235740610417932,40.416382989479857],[-3.2357720599631561,40.425392057951917],[-3.2358014200500262,40.433798896339347],[-3.2358035237118701,40.434401113221384],[-3.2358074629037015,40.435528739629653],[-3.2358114399797495,40.436667145848709],[-3.2358305842140047,40.442146118146006],[-3.2358350016681561,40.443410154386626],[-3.2358664938392439,40.452419181446963],[-3.2358980002323645,40.461428194401705],[-3.2359247487114287,40.469073515571935],[-3.2359295208547625,40.470437193250156]]]},"properties":{"FID":24,"Malla10km_":"30TVK77","Sheet1__Ur":" ","Sheet1__CU":" ","Sheet1__Ob":0}},{"type":"Feature","id":25,"geometry":{"type":"Polygon","coordinates":[[[-3.1409953260941492,40.38050063950832],[-3.1410287100975864,40.380540680752169],[-3.1411377677051462,40.380866679094652],[-3.1412419860891712,40.381131425146968],[-3.1415753742936721,40.381689592577885],[-3.1415386821185987,40.382179738993557],[-3.1416734393710706,40.38239939760301],[-3.1416679767867111,40.382604819490808],[-3.1415860022469357,40.382842758285065],[-3.1415935847246157,40.383088701078897],[-3.1417272494028059,40.383347103190744],[-3.1419489007959691,40.383430616891687],[-3.1421252980296805,40.383461255842981],[-3.1424073698797121,40.383510249517585],[-3.1429482655549812,40.383575352934493],[-3.1431769730567711,40.383646245378401],[-3.1432691425603747,40.383779475485696],[-3.1432666401522669,40.383809481021082],[-3.1432570969607383,40.383923904266446],[-3.1430757376929512,40.384815769147721],[-3.1431034957944948,40.385130149483395],[-3.1432573290823624,40.385451591850234],[-3.1434828036105689,40.385660327471797],[-3.1435373940251536,40.385768573687884],[-3.1435431867313035,40.385780063132835],[-3.1435668071421858,40.385826897847032],[-3.1435641711261146,40.385911034396827],[-3.1435612747140396,40.386003488558138],[-3.1434037090991538,40.386377800809299],[-3.1432707248036165,40.386782234342881],[-3.1433441723048547,40.387534418225663],[-3.1432070192282486,40.387565014002341],[-3.1419494820707436,40.387845527833889],[-3.1417533766634791,40.38788927107835],[-3.1408710899619594,40.38808606943914],[-3.1399365282726133,40.388234669297468],[-3.1394152954998606,40.388317544686757],[-3.1377348802817564,40.388760090757344],[-3.137548690221855,40.388884386059708],[-3.1368547587811095,40.389347625943465],[-3.1354023228427219,40.390105190582929],[-3.1353908436459212,40.390372531004573],[-3.1353842951613236,40.390525038119655],[-3.1352038796612103,40.391099894899398],[-3.1350315532749007,40.391460508821247],[-3.1349634452072164,40.391603031696306],[-3.1349089152371428,40.392338345884852],[-3.1345312627864725,40.393519799982087],[-3.1344684864086276,40.393950518311129],[-3.1347616784423376,40.395634925669846],[-3.1349459217014077,40.396079470642093],[-3.1349676905246433,40.396131995785709],[-3.1348748705735874,40.396354554261535],[-3.1340962803413528,40.398221342667448],[-3.1340964925608832,40.398718531864226],[-3.1340969350637282,40.39974931528301],[-3.1330300181266546,40.401119334847806],[-3.1323457211542154,40.402135154662076],[-3.1319348259642767,40.402942854918628],[-3.1310388351775345,40.404398441931768],[-3.1305970918974406,40.405120974198816],[-3.1305579501088672,40.405184995195611],[-3.1320867022562839,40.406039381973656],[-3.1334779590883421,40.406816888758136],[-3.1354437355397216,40.40787718222554],[-3.1373178840926754,40.408700800976369],[-3.1382284746953255,40.409570035966205],[-3.1384019124959219,40.409735592519056],[-3.138796765725214,40.410039963020417],[-3.139858389071053,40.410858287408217],[-3.1401577268261707,40.411076991608788],[-3.1412653763478251,40.411886247869475],[-3.1420451906813724,40.412437733881553],[-3.1420730018437313,40.412457401832157],[-3.1425562876059501,40.414168566806701],[-3.1432524989910271,40.415111889680112],[-3.143660635277298,40.415815913216662],[-3.1442742470553426,40.416698067346445],[-3.1459698539355476,40.418089692829128],[-3.1465855982659892,40.418752422929401],[-3.1470647125476403,40.419265390669793],[-3.1473651843894173,40.41958708766564],[-3.1473300563819366,40.419700648535219],[-3.1474468991225697,40.42030772389252],[-3.1474953858674684,40.420966905969202],[-3.1475637552622278,40.422005944655886],[-3.1476231007835618,40.422688086827463],[-3.1478241341298974,40.423577603017151],[-3.1481799515370228,40.423811203101451],[-3.1491663921894051,40.424458805926172],[-3.1500934793073787,40.425229708761762],[-3.1510097832056028,40.42643756916577],[-3.1512311655383716,40.42694424886384],[-3.1513119280053776,40.427129090746142],[-3.1512110839223535,40.427824200519161],[-3.1511197080982276,40.428454038319003],[-3.1511089992422949,40.429716294205548],[-3.1511086699296134,40.429755098747485],[-3.1511062969219248,40.430034885683668],[-3.151104340754761,40.430265466016664],[-3.15106344861365,40.430442837972876],[-3.1509443637344852,40.430959376761081],[-3.151447743215634,40.432004696688779],[-3.15186277864826,40.432547419491613],[-3.1520943132112644,40.432747127551416],[-3.1522721063265702,40.433171222253719],[-3.1528240694704071,40.433784036704296],[-3.1532034544617407,40.434047198196339],[-3.1533542754515302,40.434151814841549],[-3.153457356132976,40.434417160602408],[-3.1535001479266849,40.434527308747839],[-3.153933880522521,40.434982605180828],[-3.1538883080231876,40.435687182482262],[-3.1543819517479594,40.436281963905614],[-3.1547584663254531,40.436735608245556],[-3.1545589706539978,40.436879695746605],[-3.1542111086383939,40.437130938919736],[-3.1543470734651495,40.437458755024984],[-3.1544897146499427,40.437802662217308],[-3.1548532687848265,40.438499494722883],[-3.1549393807308226,40.438619993350017],[-3.1555145044630248,40.439424759179865],[-3.1564023664578498,40.439432602967905],[-3.1570079618582385,40.439438102879848],[-3.1576064867156983,40.439533674244906],[-3.1581477172028354,40.439542854154858],[-3.1590400027110768,40.439133897528045],[-3.1592478289883545,40.439038642786443],[-3.1597548229629204,40.4389820732912],[-3.1603219222723697,40.438918792934615],[-3.1613257284090377,40.438678139732772],[-3.162622342718274,40.438515073497477],[-3.1633723370793101,40.438552766965032],[-3.163404856527499,40.438551854328722],[-3.1640763978844371,40.438532998485826],[-3.1653427332882846,40.438606762739298],[-3.1663232880074008,40.438651417076329],[-3.1671466416840843,40.438718512359742],[-3.1672673072870801,40.438728345158971],[-3.1680430204451149,40.438712127250675],[-3.1689546608060577,40.438781416453274],[-3.1690408194420048,40.438787963553828],[-3.1696098490235776,40.438597946887],[-3.1696759352168939,40.438524519345563],[-3.1698981168846241,40.438277658688072],[-3.1704493723198488,40.437665165432378],[-3.1715866424537005,40.436982405807449],[-3.1726120797594586,40.436281938681084],[-3.1726400674956587,40.436262820989775],[-3.1729722194279781,40.436883733599622],[-3.1731009237054089,40.437124327552844],[-3.1735242202337295,40.437431323573406],[-3.1742538319776563,40.437960467397538],[-3.1760930259243749,40.43880006496196],[-3.1773026150579549,40.439193741375256],[-3.1794414396959434,40.439610303714595],[-3.1813232890350354,40.439873519965325],[-3.181614886021003,40.43991165276158],[-3.1824917313278331,40.44002631556679],[-3.1836379148858995,40.439944708701219],[-3.1840832410738269,40.439912999214222],[-3.1854356839642781,40.439918061286697],[-3.1867641854841127,40.440231308165849],[-3.1867706756882477,40.440233132835935],[-3.1874343670298848,40.440419737324497],[-3.1900945484354697,40.44125202082477],[-3.1928176463089493,40.441421430969037],[-3.1943132973897792,40.441677655607698],[-3.1944074100577713,40.441693776835102],[-3.1979948443118258,40.442169393495284],[-3.1985966542064759,40.442252273818049],[-3.1997903973024471,40.444400734622114],[-3.2004623620946071,40.446336560911696],[-3.2002819541011212,40.447536899644724],[-3.1998576167671677,40.449040264456791],[-3.1994066664304079,40.450637838959487],[-3.1993060778275697,40.451003441850332],[-3.1992549669338124,40.451189202796655],[-3.1999704467601346,40.452135458622969],[-3.199901581587862,40.453031064807682],[-3.1996492387952267,40.455321060755651],[-3.198757344144243,40.458835280565083],[-3.1987362563410362,40.459286997731276],[-3.1987296341695739,40.45942884712354],[-3.198710555059336,40.460174131435267],[-3.1988279512264479,40.460889124908306],[-3.1990288046141364,40.462112374516174],[-3.2001945574047443,40.463847340995891],[-3.2001630671515624,40.465515763313611],[-3.2001619256537404,40.465576268383792],[-3.2000826723450082,40.465879267001618],[-3.1992862919585421,40.468923811915992],[-3.1992173212746278,40.46918747739727],[-3.1991108203318874,40.469535088146365],[-3.1988027540055182,40.470507011328301],[-3.1988651072397083,40.470506904068223],[-3.2005403165985675,40.47050400978079],[-3.2064026671634518,40.470493690153411],[-3.2123367310674951,40.470482941481912],[-3.2241331327234906,40.470460669303733],[-3.2289534150976453,40.470451221896163],[-3.2359295208547625,40.470437193250156],[-3.2359247487114287,40.469073515571935],[-3.2358980002323645,40.461428194401705],[-3.2358664938392439,40.452419181446963],[-3.2358350016681561,40.443410154386626],[-3.2358305842140047,40.442146118146006],[-3.2358114399797495,40.436667145848709],[-3.2358074629037015,40.435528739629653],[-3.2358035237118701,40.434401113221384],[-3.2358014200500262,40.433798896339347],[-3.2357720599631561,40.425392057951917],[-3.235740610417932,40.416382989479857],[-3.2357091750595495,40.40737390510315],[-3.2356777538870847,40.398364806624301],[-3.2356690771831427,40.395876297444026],[-3.235668299662005,40.395653286450163],[-3.2356658600815424,40.394953542280781],[-3.2356580188283126,40.392704271127251],[-3.2356572098403147,40.392472197654953],[-3.2356533277474262,40.391358508386922],[-3.2356463468996117,40.389355695845857],[-3.2356261780526858,40.383568099420238],[-3.2356242532527522,40.383015676140239],[-3.2356222675176243,40.382445748201974],[-3.2356149540805039,40.380346570065804],[-3.2311985674447659,40.380355483687289],[-3.229524788943118,40.380358817812002],[-3.2277887893725299,40.380362250286424],[-3.2259852123355213,40.380365788775663],[-3.2238342938420361,40.380369971948234],[-3.2237466126987857,40.38037014162456],[-3.2195137883471916,40.380378253712976],[-3.2194572298660611,40.380378361056778],[-3.2190637882093491,40.380379107014491],[-3.2170402461973446,40.380382922464506],[-3.213647859155401,40.380389239476095],[-3.2120536201474446,40.380392173758779],[-3.2066091480725132,40.380402028913082],[-3.2056074419893581,40.380403814204186],[-3.2002729337049107,40.38041317549358],[-3.1884922352226339,40.380432977148907],[-3.1878988235955759,40.380433942840334],[-3.1850754695242465,40.380438495731291],[-3.1827057935844185,40.38044226382361],[-3.1816533566917387,40.380443921763167],[-3.18091147854373,40.380445084713585],[-3.18023915203635,40.38044613452562],[-3.1798593096648418,40.380446725906928],[-3.1788017638035253,40.380448365840934],[-3.1768404358178128,40.380451381667839],[-3.1767115254087788,40.380451578721321],[-3.1748060489790402,40.380454474687575],[-3.1739370020092839,40.380455785050714],[-3.1695968883005374,40.380462231395377],[-3.1653955051700686,40.380468316527462],[-3.1649308049716001,40.380468980207539],[-3.1631891789063933,40.380471450966255],[-3.1621986522909835,40.380472844476543],[-3.1591575050880474,40.380477069866245],[-3.1531500746192798,40.38048518160452],[-3.1529275349150279,40.380485476102081],[-3.1506610376103756,40.380488451076474],[-3.1422666694132961,40.380499082490225],[-3.1413693350600251,40.380500182909408],[-3.1409953260941492,40.38050063950832]]]},"properties":{"FID":25,"Malla10km_":"30TVK87","Sheet1__Ur":" ","Sheet1__CU":" ","Sheet1__Ob":0}},{"type":"Feature","id":26,"geometry":{"type":"Polygon","coordinates":[[[-3.5882421786629735,40.288998458042499],[-3.5882513274207657,40.290053678138079],[-3.588297862030343,40.295420126314944],[-3.588310231480067,40.296846348345973],[-3.5883203011603091,40.29800732694779],[-3.5883431713822054,40.30064388587639],[-3.5883570189313141,40.302240109884359],[-3.5883658988157907,40.303263637720924],[-3.5883691802446558,40.303641853848291],[-3.5883814736420052,40.305058721821432],[-3.5883984589024349,40.307016181655051],[-3.5884143838723705,40.30885127386491],[-3.5884183592166905,40.309309340860544],[-3.588446011212779,40.312495305696743],[-3.5884766519072167,40.316025022163515],[-3.5885183065118933,40.32082250438927],[-3.5885188343569263,40.320883290420248],[-3.5885294241502859,40.322102759699646],[-3.5885454304301523,40.323945823492402],[-3.5885530637179368,40.324824708176941],[-3.5885548801925351,40.325033848472422],[-3.5885600732208784,40.32563173707554],[-3.5885760733649779,40.327473767724094],[-3.58858214020302,40.328172173204138],[-3.5886331437841128,40.334042661481824],[-3.5886373081484613,40.334521901401303],[-3.5886676966060782,40.338018691272815],[-3.588675022589618,40.33886159788257],[-3.5887114426763729,40.343051458488382],[-3.5887897769107222,40.352060242193922],[-3.5888681464972647,40.361069011696777],[-3.5889371844918312,40.369001714508414],[-3.5889401220838484,40.369339183779196],[-3.5889423796169146,40.369598524288605],[-3.5889465514539483,40.370077766996225],[-3.5889698195959734,40.372750499405853],[-3.5889823307769846,40.374187467826438],[-3.5890249917987358,40.379086508091447],[-3.6008048836751478,40.379025907059962],[-3.6011333605894174,40.379024200030202],[-3.6117070447504376,40.378968752232367],[-3.611771504080338,40.378968411246277],[-3.6125847394375916,40.378964106192292],[-3.613047645491398,40.37896165313515],[-3.6152661077032717,40.378949871217564],[-3.6243645583782187,40.378901105499267],[-3.6361443397891144,40.378836904991914],[-3.6395847052847197,40.378817928380435],[-3.6436525654001328,40.378795358525011],[-3.6450570748173234,40.378787532600498],[-3.6479240829624504,40.378771504681531],[-3.6597037871903981,40.378704904579529],[-3.6714834517651309,40.378637104697638],[-3.6823609066116116,40.3785734319762],[-3.6827743700462099,40.378570991523247],[-3.6832630759788514,40.378568105047719],[-3.6849557235201318,40.378558091688355],[-3.6850954183261759,40.378557264175406],[-3.6851641995554925,40.378556856672645],[-3.6855570800954065,40.378554528219809],[-3.6878715091876315,40.378540784389017],[-3.6882864740953853,40.378538315295359],[-3.6950426591237617,40.378497905641872],[-3.7068222004920912,40.378426506492424],[-3.7067280760330288,40.369417974268835],[-3.7066733930256697,40.364182459223912],[-3.7066713168868382,40.363983656318155],[-3.7066685209119683,40.363715921599585],[-3.706633994036737,40.360409427786109],[-3.7065399544816708,40.351400867045065],[-3.7064459573462951,40.342392292046519],[-3.7063770246656844,40.33578327173128],[-3.7063520026090893,40.333383702791231],[-3.7063339613794071,40.331653402692112],[-3.7062986110600256,40.328262584363934],[-3.706293307362583,40.327753801500876],[-3.7062749714339702,40.325994738516002],[-3.7062719385756666,40.325703765328655],[-3.7062580902485514,40.324375099280047],[-3.7061642202431959,40.315366481513713],[-3.7061592586861511,40.314890211976973],[-3.7061578259293606,40.314752676737484],[-3.706138218942868,40.312870439331462],[-3.7060703925715508,40.306357849493111],[-3.7059766072121634,40.297349203218992],[-3.7059465811405814,40.294464157044935],[-3.7058828641435935,40.288340542692197],[-3.6941189741883509,40.288411716152652],[-3.6913667727690944,40.288428194758161],[-3.6910389875248977,40.288430152985207],[-3.6857797197547737,40.288461445467831],[-3.6849747327131701,40.288466214018399],[-3.682355042667893,40.288481693661367],[-3.6705910702864131,40.288550475206073],[-3.6596644800634319,40.288613289235215],[-3.658827057748125,40.288618060774759],[-3.6560936423833312,40.288633593289212],[-3.6470630057572491,40.288684450355596],[-3.635298915018029,40.288749643936931],[-3.6245954198369659,40.288807920659458],[-3.623534786234718,40.288813641507396],[-3.6195255945961873,40.28883517845059],[-3.6187066994505792,40.288839560379657],[-3.6185095016082722,40.28884061472445],[-3.6174845070009765,40.288846089581952],[-3.6157073514032696,40.288855560474687],[-3.6154336341389919,40.28885701675425],[-3.6150017157191372,40.288859313406718],[-3.6117706201115594,40.288876443055777],[-3.6067208995609272,40.288903033424987],[-3.6064037289811171,40.288904696197029],[-3.6001425370336175,40.288937342594636],[-3.6000064173528896,40.288938048571076],[-3.5907970316272086,40.288985440533942],[-3.5891807531358042,40.288993682365913],[-3.5882421786629735,40.288998458042499]]]},"properties":{"FID":26,"Malla10km_":"30TVK46","Sheet1__Ur":" ","Sheet1__CU":" ","Sheet1__Ob":0}},{"type":"Feature","id":27,"geometry":{"type":"Polygon","coordinates":[[[-3.4705979705001422,40.28953676812246],[-3.4705993020827632,40.289728750693087],[-3.4706000783553814,40.2898406699031],[-3.4706140477522576,40.291854602044182],[-3.4706454197594367,40.296376681387237],[-3.4706472692791124,40.296643246056533],[-3.4706604706345767,40.298545806626308],[-3.470661655094871,40.298716500468842],[-3.4707229989789412,40.307554832778642],[-3.4707855555287788,40.316563843876047],[-3.4707970877775267,40.318224202592809],[-3.4708481403046449,40.325572840818666],[-3.4708809382299126,40.330292431254705],[-3.4708967839042018,40.332572207841324],[-3.4709014684078867,40.333246134937667],[-3.4709051773270918,40.333779695264575],[-3.4709107533271224,40.33458182450665],[-3.470920428035992,40.335973492206165],[-3.4709280648859999,40.337071953427895],[-3.4709352397186395,40.3381039042374],[-3.4709733945917458,40.34359079223654],[-3.4709784579727208,40.344318821550267],[-3.4710360641316451,40.352599746710311],[-3.4710975117979355,40.361429094014724],[-3.4710987619549054,40.36160868702629],[-3.4711614880758859,40.370617613183789],[-3.4711969699584397,40.375711828769653],[-3.4712002742721397,40.3761861703073],[-3.4712104373113246,40.377645026169112],[-3.4712242425089581,40.379626525182012],[-3.4830044565888958,40.379577923062186],[-3.4854967605969329,40.379567486656008],[-3.4947846416343471,40.379528121009379],[-3.4975006797525512,40.379516468415495],[-3.5065647969373153,40.379477119032302],[-3.515748833768134,40.379436524413777],[-3.5162484228074011,40.379434295248295],[-3.516707394672594,40.379432245414293],[-3.5171700695320043,40.379430177198422],[-3.5183449217898057,40.379424917139936],[-3.5225286654804102,40.379406088711143],[-3.5301250154838413,40.379371515341404],[-3.5419050773114509,40.379316913646065],[-3.5485887291854468,40.379285400704546],[-3.549492660166536,40.379281109078597],[-3.5536851065646844,40.379261112063517],[-3.5654651025355926,40.379204110603546],[-3.577245064516251,40.379145909276112],[-3.5867490564560716,40.379098078197764],[-3.5888329410260407,40.379087486144847],[-3.5890249917987358,40.379086508091447],[-3.5889823307769846,40.374187467826438],[-3.5889698195959734,40.372750499405853],[-3.5889465514539483,40.370077766996225],[-3.5889423796169146,40.369598524288605],[-3.5889401220838484,40.369339183779196],[-3.5889371844918312,40.369001714508414],[-3.5888681464972647,40.361069011696777],[-3.5887897769107222,40.352060242193922],[-3.5887114426763729,40.343051458488382],[-3.588675022589618,40.33886159788257],[-3.5886676966060782,40.338018691272815],[-3.5886373081484613,40.334521901401303],[-3.5886331437841128,40.334042661481824],[-3.58858214020302,40.328172173204138],[-3.5885760733649779,40.327473767724094],[-3.5885600732208784,40.32563173707554],[-3.5885548801925351,40.325033848472422],[-3.5885530637179368,40.324824708176941],[-3.5885454304301523,40.323945823492402],[-3.5885294241502859,40.322102759699646],[-3.5885188343569263,40.320883290420248],[-3.5885183065118933,40.32082250438927],[-3.5884766519072167,40.316025022163515],[-3.588446011212779,40.312495305696743],[-3.5884183592166905,40.309309340860544],[-3.5884143838723705,40.30885127386491],[-3.5883984589024349,40.307016181655051],[-3.5883814736420052,40.305058721821432],[-3.5883691802446558,40.303641853848291],[-3.5883658988157907,40.303263637720924],[-3.5883570189313141,40.302240109884359],[-3.5883431713822054,40.30064388587639],[-3.5883203011603091,40.29800732694779],[-3.588310231480067,40.296846348345973],[-3.588297862030343,40.295420126314944],[-3.5882513274207657,40.290053678138079],[-3.5882421786629735,40.288998458042499],[-3.5852587568809753,40.289013587790684],[-3.5848698437686646,40.289015554407378],[-3.584467228420122,40.28901758893489],[-3.5825846724886268,40.289027083422546],[-3.5799722875110298,40.289040207984165],[-3.5792939057787114,40.289043606510511],[-3.5764779047461275,40.289057671459517],[-3.5748298475956037,40.289065871138789],[-3.5739112324624847,40.289070431391032],[-3.5728715264534263,40.289075583971567],[-3.5717341255468464,40.289081210007431],[-3.5711988304416282,40.289083853919649],[-3.5699909456418508,40.289089810765503],[-3.5647135963066718,40.289115688811748],[-3.564655057018419,40.289115974515468],[-3.5529492540489462,40.28917251008901],[-3.5510539263154941,40.289181552555547],[-3.5485944407172827,40.289193240289151],[-3.5484658827145239,40.289193849772388],[-3.543520902059651,40.289217185106587],[-3.5419886837884809,40.289224372745089],[-3.5411848786772961,40.289228135281398],[-3.5404740919118054,40.289231457755044],[-3.5377406958542332,40.289244193948321],[-3.5369290114518162,40.289247963536759],[-3.5332338535339614,40.289265052453246],[-3.5313540602604427,40.289273700602351],[-3.5294204708960879,40.28928256437915],[-3.5192225951532152,40.289328777858685],[-3.5176749592790477,40.289335712686665],[-3.517656031409691,40.289335797372757],[-3.5170267439628327,40.289338611134397],[-3.5166152003372502,40.289340449436992],[-3.5153080154027236,40.289346278723301],[-3.5150789189799969,40.289347298839395],[-3.5130591680634087,40.289356272717463],[-3.5106983638179035,40.289366717223729],[-3.5074506319161221,40.289381006895034],[-3.5058915609224965,40.289387834252892],[-3.5037559032531607,40.28939715245194],[-3.495700454157082,40.289431944821338],[-3.4949560026753117,40.289435131877653],[-3.4941270601388972,40.289438675010437],[-3.4823625297633072,40.289488319636547],[-3.4760755236429497,40.289514359437902],[-3.4731320240486894,40.289526433537375],[-3.4726273124408324,40.289528496319981],[-3.4705979705001422,40.28953676812246]]]},"properties":{"FID":27,"Malla10km_":"30TVK56","Sheet1__Ur":" ","Sheet1__CU":" ","Sheet1__Ob":0}},{"type":"Feature","id":28,"geometry":{"type":"Polygon","coordinates":[[[-3.3529509440319263,40.289955463511056],[-3.3529978203827939,40.298964634630529],[-3.3530447178920419,40.307973793433284],[-3.3530916365563272,40.316982937215954],[-3.3531385763910677,40.325992066878655],[-3.3531855374070023,40.335001182420662],[-3.3532325196148771,40.344010283841264],[-3.3532516460547592,40.347676717843378],[-3.3532573954909841,40.34877872129654],[-3.353279523025448,40.353019371139752],[-3.3532959603154202,40.35616892436488],[-3.3532984020089991,40.356636735352517],[-3.3533089070008995,40.358649291051329],[-3.3533099536502604,40.358849797916328],[-3.3533265476494747,40.362028444315392],[-3.3533735934977309,40.371037503367432],[-3.3533947593406603,40.37508933272693],[-3.3533975164411087,40.37561707050196],[-3.3534014671231644,40.376373247841556],[-3.3534061514138305,40.377269803745477],[-3.3534206605809938,40.380046548295184],[-3.3571073703438512,40.38003522256335],[-3.3652011260633534,40.380009945939257],[-3.3690341607118532,40.379997777793641],[-3.3700425712565911,40.379994555438742],[-3.3707321043080607,40.379992346988111],[-3.3769815695918144,40.379972143574577],[-3.3790169717345284,40.37996549056939],[-3.3810330594120344,40.379958865379606],[-3.3887619904582729,40.379933141207779],[-3.3945865412036111,40.379913414050804],[-3.4005423879546672,40.379892938845707],[-3.4036740418624873,40.379882049694807],[-3.4094330968972395,40.379861803358814],[-3.4123227613728608,40.379851536495416],[-3.4129227783486038,40.379849395605532],[-3.4241031100048036,40.379808934164146],[-3.43307671430341,40.379775676869571],[-3.4338283541347829,40.379772859592677],[-3.4358834331424357,40.379765131859379],[-3.4476637300776996,40.379720129588819],[-3.4513051663745737,40.379705976016545],[-3.4594031694682581,40.379674089570607],[-3.4594440001025535,40.379673927360322],[-3.4611827702158093,40.379667006265734],[-3.46309558235509,40.379659362204151],[-3.469212417558027,40.37963470547902],[-3.4712242425089581,40.379626525182012],[-3.4712104373113246,40.377645026169112],[-3.4712002742721397,40.3761861703073],[-3.4711969699584397,40.375711828769653],[-3.4711614880758859,40.370617613183789],[-3.4710987619549054,40.36160868702629],[-3.4710975117979355,40.361429094014724],[-3.4710360641316451,40.352599746710311],[-3.4709784579727208,40.344318821550267],[-3.4709733945917458,40.34359079223654],[-3.4709352397186395,40.3381039042374],[-3.4709280648859999,40.337071953427895],[-3.470920428035992,40.335973492206165],[-3.4709107533271224,40.33458182450665],[-3.4709051773270918,40.333779695264575],[-3.4709014684078867,40.333246134937667],[-3.4708967839042018,40.332572207841324],[-3.4708809382299126,40.330292431254705],[-3.4708481403046449,40.325572840818666],[-3.4707970877775267,40.318224202592809],[-3.4707855555287788,40.316563843876047],[-3.4707229989789412,40.307554832778642],[-3.470661655094871,40.298716500468842],[-3.4706604706345767,40.298545806626308],[-3.4706472692791124,40.296643246056533],[-3.4706454197594367,40.296376681387237],[-3.4706140477522576,40.291854602044182],[-3.4706000783553814,40.2898406699031],[-3.4705993020827632,40.289728750693087],[-3.4705979705001422,40.28953676812246],[-3.4604782926286664,40.289577485635398],[-3.4600229588911473,40.289579296906034],[-3.4596101014728884,40.289580937661221],[-3.4588333830538378,40.289584020459749],[-3.4547818081121409,40.289600016637308],[-3.4531017292959123,40.28960660820529],[-3.4525194348286172,40.289608887067843],[-3.4517855539051854,40.289611755003534],[-3.4508776165709247,40.289615296692816],[-3.4470687681288319,40.28963007664013],[-3.4464414146197333,40.289632499010573],[-3.4461582155890764,40.289633591399209],[-3.445143452831545,40.289637499969501],[-3.445041320053956,40.289637892862203],[-3.44416321718179,40.289641267100301],[-3.4411200610100159,40.289652909301445],[-3.4407389496481482,40.289654361679247],[-3.4403745124098708,40.289655749339389],[-3.4353041264295818,40.289674936655537],[-3.4332413335649097,40.28968267907193],[-3.4324690861570799,40.289685568137585],[-3.4295850472973135,40.28969631208566],[-3.427996717375283,40.289702198413501],[-3.4267763225510568,40.289706706365898],[-3.4252711936064166,40.28971224835454],[-3.4249013845042842,40.289713607020744],[-3.4242696271358692,40.289715925341618],[-3.4235394586605432,40.289718600498126],[-3.4214480060230059,40.289726237560004],[-3.4208180275461677,40.289728530554264],[-3.4199429857461445,40.289731709838186],[-3.4197965888732651,40.289732241094796],[-3.4171602744970446,40.289741776258822],[-3.4167412908547607,40.289743286129351],[-3.4157172945006673,40.289746969868574],[-3.4135212715459002,40.289754839314455],[-3.4125632985887129,40.289758259152215],[-3.4124917156068233,40.289758514375578],[-3.411774765526197,40.289761068160239],[-3.4114267234628941,40.289762306288353],[-3.4107802726995531,40.289764603200112],[-3.4103891752294486,40.289765991059468],[-3.4099348717941247,40.289767601553521],[-3.4082964458366605,40.289773394913986],[-3.4079237553817969,40.289774709482472],[-3.4065960714052848,40.289779382785653],[-3.4061080586824111,40.289781096708104],[-3.4052454574948254,40.289784121167187],[-3.4050401361704954,40.289784840118855],[-3.4043544992730803,40.289787238300171],[-3.4038889107888837,40.289788864492458],[-3.4022466501195638,40.289794585567428],[-3.4016116226834754,40.289796791536467],[-3.400010047731016,40.289802339634477],[-3.394852370914498,40.289820055949932],[-3.3882453059794715,40.289842414913551],[-3.3846645214799258,40.289854374992316],[-3.3838698737808786,40.289857014147366],[-3.3764805409761136,40.289881293990533],[-3.3647157534254255,40.289918976858552],[-3.3529509440319263,40.289955463511056]]]},"properties":{"FID":28,"Malla10km_":"30TVK66","Sheet1__Ur":" ","Sheet1__CU":" ","Sheet1__Ob":0}},{"type":"Feature","id":29,"geometry":{"type":"Polygon","coordinates":[[[-3.2353018037416228,40.29025453688034],[-3.2353176831933954,40.294832817822346],[-3.2353192027998383,40.295270887645117],[-3.2353281469419031,40.297849095891976],[-3.2353284569454108,40.297938450470639],[-3.2353297033045489,40.298297693633309],[-3.2353303492275627,40.298483868099467],[-3.2353330552406092,40.299263803628811],[-3.2353643208393752,40.308273056283646],[-3.2353956005450675,40.317282294844119],[-3.2354013527222589,40.318938603680174],[-3.2354022190086988,40.319188034311523],[-3.2354065358605113,40.320430942722936],[-3.2354107292914542,40.321638241462708],[-3.2354268943648425,40.326291519309557],[-3.235431427105163,40.327596118591316],[-3.2354321145590981,40.327793971985123],[-3.2354377928136078,40.329428132699626],[-3.2354414759304313,40.330488035424615],[-3.2354416408668376,40.330535498399684],[-3.2354522697780563,40.333593891598063],[-3.2354536953328266,40.334004049042974],[-3.2354548352623902,40.334332020956765],[-3.2354582023058582,40.335300729679169],[-3.2354644174810772,40.337088730780472],[-3.2354772540982499,40.340781100581616],[-3.2354781287821082,40.341032672797304],[-3.2354796134640669,40.341459682348706],[-3.2354895243752804,40.344309925952317],[-3.2354965226114492,40.346322277834787],[-3.2354976261322448,40.346639578095015],[-3.2355208605802779,40.353319108128261],[-3.2355232081285914,40.353993865796447],[-3.2355359771690564,40.357663680508963],[-3.2355382764883442,40.35832443160875],[-3.2355383160718474,40.358335806454235],[-3.2355501985971911,40.361750114001751],[-3.2355522109280255,40.362328276206291],[-3.2355530726715411,40.362575858354681],[-3.2355539933094764,40.362840357687503],[-3.2355636643460546,40.365618634604218],[-3.2355685458883281,40.367020847421593],[-3.2355732936886938,40.368384548359501],[-3.2355768360995945,40.369401966874143],[-3.2355835754257058,40.371337430185704],[-3.2355937251545801,40.374251969887929],[-3.2355941155420491,40.374364062855889],[-3.235597149280363,40.37523512649399],[-3.235611268364369,40.379288573864279],[-3.2356149540805039,40.380346570065804],[-3.2374906972695898,40.380342733212103],[-3.2419695032415361,40.38033344871068],[-3.2458899731925155,40.38032517925889],[-3.2473956001546616,40.380321968115588],[-3.2591762313563351,40.380296166101921],[-3.2620347041904947,40.380289724532084],[-3.27095684697735,40.380269164029308],[-3.2722633102942731,40.380266095590784],[-3.2827374463095453,40.380240961902508],[-3.2945180286447568,40.380211559726455],[-3.3062985932748359,40.38018095750629],[-3.3180791394916329,40.380149155247423],[-3.3298596665870126,40.380116152955388],[-3.3416401738528396,40.380081950635969],[-3.3534206605809938,40.380046548295184],[-3.3534061514138305,40.377269803745477],[-3.3534014671231644,40.376373247841556],[-3.3533975164411087,40.37561707050196],[-3.3533947593406603,40.37508933272693],[-3.3533735934977309,40.371037503367432],[-3.3533265476494747,40.362028444315392],[-3.3533099536502604,40.358849797916328],[-3.3533089070008995,40.358649291051329],[-3.3532984020089991,40.356636735352517],[-3.3532959603154202,40.35616892436488],[-3.353279523025448,40.353019371139752],[-3.3532573954909841,40.34877872129654],[-3.3532516460547592,40.347676717843378],[-3.3532325196148771,40.344010283841264],[-3.3531855374070023,40.335001182420662],[-3.3531385763910677,40.325992066878655],[-3.3530916365563272,40.316982937215954],[-3.3530447178920419,40.307973793433284],[-3.3529978203827939,40.298964634630529],[-3.3529509440319263,40.289955463511056],[-3.3412439200454833,40.289990583466476],[-3.3411861135001359,40.289990753941623],[-3.3294212625345976,40.290024848144114],[-3.3176563918398432,40.290057746112524],[-3.3058915021204296,40.290089447841112],[-3.3045517949583387,40.29009298195335],[-3.3019119262073429,40.290099900458181],[-3.2957682345257471,40.290115768496904],[-3.2957258413782178,40.290115876857406],[-3.295345837570129,40.290116847485891],[-3.2949733463328545,40.290117797714025],[-3.2941265940809052,40.290119953324322],[-3.2937719004656261,40.290120854440168],[-3.2922580980614251,40.290124688103049],[-3.2920684394653676,40.290125167012043],[-3.291643206884602,40.290126239641602],[-3.2914374518558893,40.2901267580881],[-3.2857611641342106,40.290140916497876],[-3.2823616684258408,40.290149262556859],[-3.2823417446354757,40.290149311177082],[-3.2807435002258583,40.290153200213425],[-3.2794390452250961,40.29015635800387],[-3.2789487375289941,40.290157541125062],[-3.2767440632040867,40.290162835367241],[-3.2725093787634911,40.290172886577793],[-3.2705967258597979,40.290177375533503],[-3.2678907284017678,40.290183672442339],[-3.2677689029086499,40.29018395444389],[-3.2652364613223415,40.290189787489851],[-3.2641892202031744,40.290192183430406],[-3.2588317670873601,40.29020429224942],[-3.2552965839184669,40.29021214655311],[-3.2550761950333857,40.290212632625966],[-3.2488589236012526,40.290226171999834],[-3.2476054857133563,40.290228861149672],[-3.2470667928131043,40.290230012699865],[-3.2467781734588463,40.290230628642298],[-3.2460648034187427,40.290232147956054],[-3.2425777646379057,40.290239511248934],[-3.2423383967199468,40.290240012847818],[-3.2353018037416228,40.29025453688034]]]},"properties":{"FID":29,"Malla10km_":"30TVK76","Sheet1__Ur":" ","Sheet1__CU":" ","Sheet1__Ob":0}},{"type":"Feature","id":30,"geometry":{"type":"Polygon","coordinates":[[[-3.1809427584007737,40.290352315491688],[-3.180743473105994,40.291114151494099],[-3.1807248973290294,40.291183186657705],[-3.1805506070058192,40.291830891598401],[-3.1805353010268216,40.291887768922095],[-3.1806729439435091,40.292361771471207],[-3.1808096815972342,40.292832655297239],[-3.1809865350982864,40.293441674011234],[-3.1810515838947815,40.293665675001598],[-3.1814198411980255,40.294927429581556],[-3.181446004771955,40.29501707468269],[-3.1814466997772493,40.29505081175045],[-3.1814613836596508,40.295763819879937],[-3.1814754132737413,40.297672062760157],[-3.1811416481642407,40.298853248577458],[-3.1807541441826177,40.300176533892646],[-3.1806959898320044,40.300375121826121],[-3.1806919458862253,40.300388933133213],[-3.1806510605515341,40.300530647017595],[-3.1804391809159211,40.301265035909402],[-3.180438508159019,40.301267365869229],[-3.1803912332653361,40.301430685858982],[-3.1802142229960988,40.302042210154816],[-3.1802091531871302,40.302059724970377],[-3.1802218113074416,40.302058477282387],[-3.1803762026792999,40.302043254174919],[-3.1805821648313231,40.302555785034592],[-3.180817500658335,40.302937872244868],[-3.1808198525329474,40.302941692125714],[-3.1809735873641949,40.30323050325007],[-3.1811155015227599,40.303497107564311],[-3.1813279698543631,40.303780090894648],[-3.1816894771970934,40.304277313948504],[-3.181811362925695,40.304380508928801],[-3.1822131285847148,40.304720657099416],[-3.1824242488934336,40.305194935348879],[-3.1824746866687499,40.305542291177645],[-3.1825835238169575,40.30612958015697],[-3.1827170561788098,40.306697889687364],[-3.182899994677757,40.30766470654018],[-3.1828957964942819,40.307723420577148],[-3.1828568920133331,40.30826749061923],[-3.1827556838400071,40.308382615694534],[-3.1826586168269033,40.308493030378337],[-3.1823995686981292,40.308879928726988],[-3.182206093345338,40.309143306442898],[-3.1819256248202339,40.309441045230962],[-3.1817581596909821,40.309750323355743],[-3.1815060370963311,40.310086761105353],[-3.1814317297013175,40.310496301303523],[-3.1813503942702317,40.31086269514352],[-3.1810294318283927,40.311425375156531],[-3.1808578199479438,40.31195087186704],[-3.1806820370081743,40.312231337829772],[-3.1806765718555985,40.312394413039527],[-3.1805973942228172,40.312713459854031],[-3.1806506913631067,40.313285464033555],[-3.1805422238111851,40.313466593385719],[-3.1804301135342516,40.313546168206372],[-3.1802826948805332,40.313620172534847],[-3.180175528219563,40.313662975128068],[-3.1800250403749093,40.313702688182126],[-3.1799022149263592,40.313745188750744],[-3.1798117243138608,40.313798479833721],[-3.179735457925466,40.313886890445268],[-3.1797205097501089,40.314000046221537],[-3.1796986062801862,40.314193259574168],[-3.1796469101956601,40.314255994174303],[-3.179535794392236,40.314363554881503],[-3.1791267750329659,40.314698656650741],[-3.1783575998275215,40.315353902512413],[-3.1782161715030988,40.315425213783911],[-3.1774333012503204,40.315656210238899],[-3.1768947087330348,40.315784119371621],[-3.1764370410773788,40.315891055076236],[-3.1761501183797844,40.315991499178196],[-3.1760351545441345,40.316071255142525],[-3.1757036728915895,40.316332321607518],[-3.1729202005115775,40.318616842600413],[-3.169976671033675,40.3213310672799],[-3.1692107667814029,40.321979653861952],[-3.1675790278850831,40.323455616087237],[-3.1644195569199316,40.32533671654668],[-3.1622191398720347,40.326096242087587],[-3.1621107767528014,40.3261336437971],[-3.1621307510149328,40.326255453809353],[-3.1623174154509957,40.327393756884121],[-3.1620662598952216,40.327546134416814],[-3.1616937995812542,40.327772104896184],[-3.1612701804776817,40.328029110414327],[-3.1611741365058581,40.328087379385373],[-3.1608996649662129,40.3282538962941],[-3.1603010464584091,40.328617061876059],[-3.1589367178268679,40.329444734480099],[-3.1580163436841109,40.329862393610284],[-3.1578479848306134,40.329938792444381],[-3.1576003260651726,40.330051175862174],[-3.1571329070314822,40.330263279403049],[-3.1566435649310898,40.330485329956943],[-3.1564509436044763,40.330575724890572],[-3.1558589558161172,40.330853540504087],[-3.1557233152467292,40.330917194466842],[-3.1555273070855558,40.331009178950616],[-3.1544680499068947,40.331506262752654],[-3.1538575205420361,40.331536622340863],[-3.1529048647468696,40.331583988700224],[-3.1527044020433803,40.331959036841546],[-3.1521338562580921,40.33373100459341],[-3.1520279881910276,40.333900321779709],[-3.1518581735405435,40.334171910546495],[-3.1518697259780506,40.334599838682919],[-3.1517852748840784,40.334743197006283],[-3.1515314991130277,40.334973252726321],[-3.1513978834422804,40.335247308732995],[-3.1513648787392476,40.335514185007582],[-3.1513946941686988,40.335934216890891],[-3.151455208539879,40.336179008818569],[-3.151492114259058,40.336328300901357],[-3.1514790018241898,40.336785990914727],[-3.1513229815201611,40.337038452034498],[-3.1513991809694826,40.337421252666239],[-3.1513776916328795,40.337821288809472],[-3.1513560239708385,40.337969343979829],[-3.151326658570778,40.338170008934803],[-3.1514098027151101,40.338501446661986],[-3.1515612109079405,40.338815675473285],[-3.1520014345198168,40.339302501953583],[-3.1520624877103334,40.339755588777805],[-3.1521778660352342,40.339807884492998],[-3.1547838157151942,40.340988997493497],[-3.1550929912536496,40.341811142733171],[-3.1554366832727108,40.342285471385679],[-3.1554578886059348,40.342307587657025],[-3.1556066426222777,40.342462727154263],[-3.1554562065477025,40.342582721997438],[-3.1553645310345542,40.342655846324732],[-3.1552507295641314,40.342698292206528],[-3.1550445416782185,40.342775196148025],[-3.1548235588577191,40.342938555288725],[-3.1542442982035781,40.343112759277105],[-3.1540512369647953,40.34325675483111],[-3.1540279445401751,40.343274126877283],[-3.1537557528334359,40.343516552557645],[-3.1535461235941828,40.343495206092037],[-3.1533848646776645,40.343405789604297],[-3.1533386430788548,40.343380160077494],[-3.1530416416248244,40.343250818249622],[-3.1528203910026433,40.343298853555531],[-3.152377313637583,40.343665199698606],[-3.152271792383786,40.343864445132347],[-3.1522922336222257,40.344055419054733],[-3.1522340099220503,40.344346493910258],[-3.1517592363385498,40.344906834279094],[-3.1515565077001897,40.345197845095896],[-3.1512833612438471,40.345209010176667],[-3.1510927963757038,40.345289435359184],[-3.1507459479126512,40.345515115777921],[-3.1506450728486795,40.345691821457585],[-3.1506195589969925,40.345751460836979],[-3.1504588140471559,40.346127214650572],[-3.1502929788497216,40.346215711962564],[-3.1500186736276277,40.346234083869547],[-3.1498844067054987,40.346171337279493],[-3.1498206461813623,40.346141539780724],[-3.1497860276067313,40.346047545083657],[-3.1497708979995629,40.346006464441174],[-3.1498317456923322,40.345828903255907],[-3.1496066776263572,40.345751709556794],[-3.1490687166550555,40.3458208654678],[-3.1486734014698579,40.345963722341089],[-3.1485335233084646,40.346076510564998],[-3.1485243947884953,40.346209858399455],[-3.1486164032778112,40.346281821485313],[-3.148664602818072,40.346263277954797],[-3.1487157823723324,40.346243587297941],[-3.1489988129930708,40.346158801805586],[-3.1491777527478524,40.346190574748576],[-3.1491802087537044,40.346191010331864],[-3.1492876011028215,40.346301686541864],[-3.1493575231584265,40.346509715521634],[-3.1493524607071368,40.346543682452811],[-3.1493285175809107,40.346704343010579],[-3.1491827730236799,40.346827956092277],[-3.1488485438649234,40.34690856276201],[-3.1483869447320529,40.346888317450166],[-3.1479006676341879,40.346911572417518],[-3.1472194645344951,40.34717099539629],[-3.1471457009908184,40.347362081881862],[-3.1470533286266851,40.347668510444223],[-3.1468325802687733,40.347949174220531],[-3.1464151777223437,40.34824500418727],[-3.1464841072661085,40.348539514122272],[-3.146775708016019,40.348889613439731],[-3.1468823242211097,40.349189488033304],[-3.1467304367700137,40.349741039865386],[-3.1462210967232913,40.349991237559792],[-3.1456761511988915,40.350113535668683],[-3.1451897350324574,40.350070000136512],[-3.145111660588352,40.349933980030507],[-3.1450043114787709,40.349811666310849],[-3.1447605105103023,40.349814389780228],[-3.144577208331687,40.349834837610587],[-3.1444721340403512,40.349846558404074],[-3.1441206782213351,40.349830975705345],[-3.1437821710917566,40.349879837943284],[-3.1435760030582882,40.349945350761189],[-3.1431292568673364,40.350154453315135],[-3.1430750901914166,40.350179806597822],[-3.1430145522676058,40.350192025036648],[-3.1426125098329778,40.350273165960814],[-3.14225601378971,40.3504365093494],[-3.141887409152182,40.350404680159713],[-3.1414963267138503,40.350393212977501],[-3.1412376253438743,40.350511771987179],[-3.1411567435190526,40.350692951266609],[-3.1410020597296788,40.351058921826585],[-3.1409626645733466,40.351370684497738],[-3.1410701794117455,40.351542633692532],[-3.1412306748629191,40.351688485876117],[-3.1414761682852603,40.351863481523999],[-3.1415207365818891,40.35189525127258],[-3.1418145313313492,40.352171484376235],[-3.1421011627230602,40.35239996929694],[-3.1424145214947439,40.352459952157091],[-3.142778110193245,40.352325271510196],[-3.1430371712246736,40.352318651260433],[-3.143207518468877,40.352390410852138],[-3.1433791955228729,40.352567791165747],[-3.1435611790202316,40.352713714350394],[-3.1438340644580198,40.352912360771661],[-3.143875571247166,40.353016541634815],[-3.1438869326925531,40.353092987180432],[-3.1439027898074299,40.353199695497743],[-3.1439615890610084,40.353441878269678],[-3.1439801163453329,40.353652835541965],[-3.1439495324147382,40.353869823462432],[-3.1439622149187421,40.353978172687995],[-3.1440038972303972,40.354164463530417],[-3.1440799850073859,40.354307514870172],[-3.1440808714658197,40.354451787816849],[-3.1439945423330782,40.354624022353867],[-3.1438677756159996,40.354753736645478],[-3.1436185186492289,40.354944138773085],[-3.1434564122779092,40.355138929711416],[-3.1434272403271368,40.355264196181473],[-3.1434733512408459,40.355353329603453],[-3.1437056359325073,40.355644553318022],[-3.1437828149748341,40.355790799939591],[-3.143769987470689,40.35585207783577],[-3.1436911604247544,40.35588370994482],[-3.1435554314195269,40.355888583114279],[-3.1434832034614941,40.355891175506805],[-3.1429963829213019,40.355899873211733],[-3.1429135572197646,40.355929776356064],[-3.1429094281339474,40.355995481360381],[-3.1429572428512689,40.356092384244285],[-3.1430594240687162,40.356204312157018],[-3.1432053737415409,40.356294218558411],[-3.1435081980352515,40.356386735713272],[-3.1435400059740202,40.356396452350737],[-3.143698200143489,40.356430564010907],[-3.1437858956759133,40.356509855273963],[-3.1438056823996856,40.356583986643564],[-3.1438191834151263,40.356634571162949],[-3.1436997245693821,40.356764212174227],[-3.1436449838992426,40.356888291478199],[-3.1436311947158369,40.357053177714633],[-3.1436563396099206,40.357245952347405],[-3.1436943216117865,40.357390048509274],[-3.1437013914713048,40.357553820506659],[-3.1436619855974928,40.357695503722525],[-3.1436079909295915,40.357780252226476],[-3.1434002876357177,40.358133669420582],[-3.1435584183828968,40.358174864402216],[-3.143913455003061,40.358267355283623],[-3.1444836664429698,40.358484584165829],[-3.1457916472569676,40.358995610813245],[-3.148244934690426,40.359844743644963],[-3.1482891821221308,40.359860057580477],[-3.1485964242907971,40.359966929916425],[-3.1487990905612082,40.360037425192601],[-3.1490092049834755,40.360110510582395],[-3.1491802660691843,40.360331919967521],[-3.1493930496061591,40.360607327913712],[-3.1495631379540057,40.360907039028426],[-3.1498594778099522,40.361704963651782],[-3.1501974533437638,40.363966725243593],[-3.1503103879429282,40.364304453458736],[-3.1505754432742878,40.364862684464015],[-3.1508260317577177,40.365266872278404],[-3.151121914132625,40.365633183213554],[-3.1514954030211393,40.36596422872546],[-3.15313041280525,40.367434086482888],[-3.1534297610453668,40.367703188064453],[-3.1532160808793019,40.367812034288711],[-3.1527133372869898,40.368068121517382],[-3.1519473413034991,40.368458298231957],[-3.150469143220159,40.371126003393655],[-3.1504456497711577,40.371168400708534],[-3.1503594748283428,40.371206618168017],[-3.1502249232941897,40.37126628989995],[-3.1493841888238023,40.371639140696146],[-3.1500541274204776,40.373109489289455],[-3.148508117707181,40.373400654567085],[-3.1483792274388871,40.373412045487839],[-3.1482346639465018,40.373424820350436],[-3.1465134640302743,40.373576908119425],[-3.1455396614462332,40.373662943246757],[-3.1455004322895026,40.373666409803398],[-3.1453741755890596,40.373677563425758],[-3.1443282592458277,40.37394043076138],[-3.1442737158051233,40.373954138768504],[-3.1440668866128942,40.374006119406268],[-3.1436029019576179,40.374122726143227],[-3.1416398162366961,40.374616058237585],[-3.141498140271116,40.374651659498582],[-3.1401163214270142,40.374998889398206],[-3.139783835578819,40.375097817404843],[-3.1397257389850086,40.375115103316375],[-3.1393867228868171,40.375215972347462],[-3.1393666646684459,40.375221940799761],[-3.1390314618440653,40.37532167443738],[-3.1383817061399197,40.375514992326977],[-3.1382878149633875,40.375542926886297],[-3.1387647546345443,40.376051383281357],[-3.1390012780102379,40.376207801858079],[-3.1396989959566679,40.37666921114149],[-3.139803179168982,40.376922246758078],[-3.1397876295232163,40.376983883146231],[-3.1397531311228746,40.377120626088001],[-3.1397026866647502,40.377320568966304],[-3.1397029127170879,40.377323358845445],[-3.1397183916038327,40.377514251599194],[-3.1399247400606605,40.377608605118922],[-3.1400984529823788,40.377549963780531],[-3.1402166876412863,40.377510050233923],[-3.1405277595204879,40.377543011234039],[-3.1406810872651709,40.377635624175191],[-3.1407450040787919,40.37777969825126],[-3.1407299312771277,40.378175510040961],[-3.1407276410797715,40.37834985361571],[-3.140721260675547,40.378835601810948],[-3.1406322000984379,40.379062741261826],[-3.1404558775302553,40.37925394622151],[-3.1403434343364558,40.379566703090305],[-3.140380495454199,40.379829729620134],[-3.1404574050669081,40.379996309238685],[-3.1406202659665108,40.380137951346782],[-3.1408846316551715,40.380367870628348],[-3.1409953260941492,40.38050063950832],[-3.1413693350600251,40.380500182909408],[-3.1422666694132961,40.380499082490225],[-3.1506610376103756,40.380488451076474],[-3.1529275349150279,40.380485476102081],[-3.1531500746192798,40.38048518160452],[-3.1591575050880474,40.380477069866245],[-3.1621986522909835,40.380472844476543],[-3.1631891789063933,40.380471450966255],[-3.1649308049716001,40.380468980207539],[-3.1653955051700686,40.380468316527462],[-3.1695968883005374,40.380462231395377],[-3.1739370020092839,40.380455785050714],[-3.1748060489790402,40.380454474687575],[-3.1767115254087788,40.380451578721321],[-3.1768404358178128,40.380451381667839],[-3.1788017638035253,40.380448365840934],[-3.1798593096648418,40.380446725906928],[-3.18023915203635,40.38044613452562],[-3.18091147854373,40.380445084713585],[-3.1816533566917387,40.380443921763167],[-3.1827057935844185,40.38044226382361],[-3.1850754695242465,40.380438495731291],[-3.1878988235955759,40.380433942840334],[-3.1884922352226339,40.380432977148907],[-3.2002729337049107,40.38041317549358],[-3.2056074419893581,40.380403814204186],[-3.2066091480725132,40.380402028913082],[-3.2120536201474446,40.380392173758779],[-3.213647859155401,40.380389239476095],[-3.2170402461973446,40.380382922464506],[-3.2190637882093491,40.380379107014491],[-3.2194572298660611,40.380378361056778],[-3.2195137883471916,40.380378253712976],[-3.2237466126987857,40.38037014162456],[-3.2238342938420361,40.380369971948234],[-3.2259852123355213,40.380365788775663],[-3.2277887893725299,40.380362250286424],[-3.229524788943118,40.380358817812002],[-3.2311985674447659,40.380355483687289],[-3.2356149540805039,40.380346570065804],[-3.235611268364369,40.379288573864279],[-3.235597149280363,40.37523512649399],[-3.2355941155420491,40.374364062855889],[-3.2355937251545801,40.374251969887929],[-3.2355835754257058,40.371337430185704],[-3.2355768360995945,40.369401966874143],[-3.2355732936886938,40.368384548359501],[-3.2355685458883281,40.367020847421593],[-3.2355636643460546,40.365618634604218],[-3.2355539933094764,40.362840357687503],[-3.2355530726715411,40.362575858354681],[-3.2355522109280255,40.362328276206291],[-3.2355501985971911,40.361750114001751],[-3.2355383160718474,40.358335806454235],[-3.2355382764883442,40.35832443160875],[-3.2355359771690564,40.357663680508963],[-3.2355232081285914,40.353993865796447],[-3.2355208605802779,40.353319108128261],[-3.2354976261322448,40.346639578095015],[-3.2354965226114492,40.346322277834787],[-3.2354895243752804,40.344309925952317],[-3.2354796134640669,40.341459682348706],[-3.2354781287821082,40.341032672797304],[-3.2354772540982499,40.340781100581616],[-3.2354644174810772,40.337088730780472],[-3.2354582023058582,40.335300729679169],[-3.2354548352623902,40.334332020956765],[-3.2354536953328266,40.334004049042974],[-3.2354522697780563,40.333593891598063],[-3.2354416408668376,40.330535498399684],[-3.2354414759304313,40.330488035424615],[-3.2354377928136078,40.329428132699626],[-3.2354321145590981,40.327793971985123],[-3.235431427105163,40.327596118591316],[-3.2354268943648425,40.326291519309557],[-3.2354107292914542,40.321638241462708],[-3.2354065358605113,40.320430942722936],[-3.2354022190086988,40.319188034311523],[-3.2354013527222589,40.318938603680174],[-3.2353956005450675,40.317282294844119],[-3.2353643208393752,40.308273056283646],[-3.2353330552406092,40.299263803628811],[-3.2353303492275627,40.298483868099467],[-3.2353297033045489,40.298297693633309],[-3.2353284569454108,40.297938450470639],[-3.2353281469419031,40.297849095891976],[-3.2353192027998383,40.295270887645117],[-3.2353176831933954,40.294832817822346],[-3.2353018037416228,40.29025453688034],[-3.2251645009818466,40.290274708652163],[-3.2235368005775031,40.290277864786546],[-3.2218265567522946,40.290281156304047],[-3.2192283225374068,40.290286108462766],[-3.2186194829629309,40.290287260455266],[-3.2149316207550469,40.2902941698269],[-3.2140745564980477,40.290295758741159],[-3.2131016829684409,40.290297554661215],[-3.2123652989086944,40.290298908583544],[-3.2117717840253506,40.290299996414397],[-3.2038163352500431,40.290314283750085],[-3.2022972575665793,40.290316949693249],[-3.2020193470387377,40.29031743526113],[-3.2000067547897642,40.290320931760014],[-3.1882417135753571,40.290340670819745],[-3.1878356100017977,40.290341330809419],[-3.1875168365692454,40.290341847873719],[-3.1870234443625742,40.290342646445531],[-3.1859759416980151,40.290344334888566],[-3.1836537066180655,40.290348044224089],[-3.1823243142849051,40.290350146701257],[-3.1809427584007737,40.290352315491688]]]},"properties":{"FID":30,"Malla10km_":"30TVK86","Sheet1__Ur":" ","Sheet1__CU":" ","Sheet1__Ob":0}},{"type":"Feature","id":31,"geometry":{"type":"Polygon","coordinates":[[[-3.587462888231602,40.198908988269977],[-3.5875085203762995,40.204195518671625],[-3.5875141853266368,40.20485171102581],[-3.5875406592608501,40.207917999112532],[-3.5875957336286701,40.214295360359174],[-3.5876184653569401,40.216926995764901],[-3.5876279756060296,40.218027887107759],[-3.587696306537608,40.225935978226296],[-3.5877659526363082,40.233993046024807],[-3.5877741828206022,40.234944946495901],[-3.5877864945427653,40.236368831376801],[-3.5877894480794477,40.236710400958543],[-3.587811941693456,40.239311542378367],[-3.5878228157079168,40.240568881859922],[-3.5878270651181272,40.241060210672792],[-3.58783236425008,40.241672894292812],[-3.5878355190943125,40.242037647229353],[-3.587840566592337,40.242621208808863],[-3.587841974065392,40.242783929388978],[-3.5878489515285978,40.243590587262759],[-3.5878520942314749,40.243953901473866],[-3.5878541530956829,40.244191914216074],[-3.5878647279800919,40.245414367313053],[-3.5878682839314378,40.245825417235856],[-3.5879300407646237,40.252962840456689],[-3.5879697860400572,40.257554968754256],[-3.5879776652161399,40.258465194876578],[-3.5879888342520116,40.259755404194635],[-3.5879939468679427,40.260345968431352],[-3.5879939670857341,40.260348303777164],[-3.5879956304029688,40.260540431694018],[-3.5880019608468134,40.261271637238679],[-3.5880031634826342,40.261410546102873],[-3.5880080224612176,40.261971766146281],[-3.5880200214594531,40.263357602469846],[-3.5880745882897203,40.269658636578207],[-3.588086039331261,40.270980677640985],[-3.588091187851453,40.27157505392239],[-3.5880947485966952,40.271986117488453],[-3.5880982584351475,40.272391295908875],[-3.5881019815793929,40.272821089498287],[-3.588113790089289,40.274184182888838],[-3.5881207443808369,40.274986894939701],[-3.5881251611247711,40.275496689025694],[-3.5881361939024292,40.276770068914253],[-3.5881399135528951,40.277199364752356],[-3.5881640913925703,40.279989574939982],[-3.5881973923795152,40.283831989136722],[-3.5882150588733661,40.28587012574755],[-3.5882385708992555,40.288582322260076],[-3.5882421786629735,40.288998458042499],[-3.5891807531358042,40.288993682365913],[-3.5907970316272086,40.288985440533942],[-3.6000064173528896,40.288938048571076],[-3.6001425370336175,40.288937342594636],[-3.6064037289811171,40.288904696197029],[-3.6067208995609272,40.288903033424987],[-3.6117706201115594,40.288876443055777],[-3.6150017157191372,40.288859313406718],[-3.6154336341389919,40.28885701675425],[-3.6157073514032696,40.288855560474687],[-3.6174845070009765,40.288846089581952],[-3.6185095016082722,40.28884061472445],[-3.6187066994505792,40.288839560379657],[-3.6195255945961873,40.28883517845059],[-3.623534786234718,40.288813641507396],[-3.6245954198369659,40.288807920659458],[-3.635298915018029,40.288749643936931],[-3.6470630057572491,40.288684450355596],[-3.6560936423833312,40.288633593289212],[-3.658827057748125,40.288618060774759],[-3.6596644800634319,40.288613289235215],[-3.6705910702864131,40.288550475206073],[-3.682355042667893,40.288481693661367],[-3.6849747327131701,40.288466214018399],[-3.6857797197547737,40.288461445467831],[-3.6910389875248977,40.288430152985207],[-3.6913667727690944,40.288428194758161],[-3.6941189741883509,40.288411716152652],[-3.7058828641435935,40.288340542692197],[-3.7058058001852392,40.280931681209225],[-3.7058026925049501,40.280632853695316],[-3.7057891633444209,40.279331867913513],[-3.7057261029257393,40.273266754829876],[-3.7057226316189515,40.272932832966276],[-3.705719199434216,40.272602668935683],[-3.7056955047932365,40.270323178883764],[-3.7056783649554621,40.26867411633426],[-3.70560188847801,40.261314476504623],[-3.705582459198153,40.259444285056063],[-3.7055083143492888,40.252305758074286],[-3.7054147824137926,40.24329702629619],[-3.705352865682177,40.237331138534891],[-3.7053502378118113,40.23707789473589],[-3.7053474734938958,40.236811498221485],[-3.7053212926408183,40.234288280270285],[-3.7052278450090395,40.225279519997386],[-3.7051344394971437,40.216270745478297],[-3.7050410760838366,40.207261956713864],[-3.7049477547478391,40.198253153704897],[-3.6931994457875881,40.19832410206736],[-3.6821471460042607,40.198389758669137],[-3.6814510954719197,40.198393858260033],[-3.6769883469813225,40.198420043460033],[-3.6766864721880554,40.198421808498978],[-3.6735519694467409,40.198440089170141],[-3.6697027045014723,40.198462422270708],[-3.6665138701233131,40.198480826664472],[-3.661079240891981,40.19851199024977],[-3.6595785056119223,40.198520550899502],[-3.6579542735769111,40.198529794087428],[-3.6560156410426488,40.19854079663164],[-3.6548798827160645,40.198547227448564],[-3.654603382977339,40.198548791340656],[-3.6542573900558151,40.198550747358262],[-3.6524085301987967,40.198561182073462],[-3.6462058033988951,40.198595973698417],[-3.6443905425755139,40.198606092781446],[-3.6408273740432713,40.198625872709734],[-3.6401856287994327,40.198629423521773],[-3.6375111924698991,40.198644183016583],[-3.6357621466414916,40.198653802110293],[-3.6344572946681217,40.198660961092088],[-3.6340252517505038,40.198663328224796],[-3.6338839362950841,40.198664102132234],[-3.6309819502374445,40.198679956573564],[-3.6288395259011388,40.198691614613423],[-3.6282683372889726,40.198694716051115],[-3.623768457027293,40.198719050914981],[-3.6229314992330135,40.198723557797756],[-3.6227087480852842,40.198724756257135],[-3.6217153791998689,40.198730095623077],[-3.6212897914871207,40.198732380552016],[-3.6190324015828366,40.198744474043963],[-3.6109601643510758,40.198787359182383],[-3.5992115441662773,40.198848769856909],[-3.5915826125247903,40.198888008143548],[-3.587462888231602,40.198908988269977]]]},"properties":{"FID":31,"Malla10km_":"30TVK45","Sheet1__Ur":" ","Sheet1__CU":" ","Sheet1__Ob":0}},{"type":"Feature","id":32,"geometry":{"type":"Polygon","coordinates":[[[-3.4699745168144154,40.199445595809962],[-3.4700367357647361,40.208454776706084],[-3.4700866145150853,40.215674179006342],[-3.4700989827701143,40.217463943456494],[-3.4700991090836713,40.217482220994647],[-3.470140593316807,40.223484071168414],[-3.4701612578447376,40.22647309606041],[-3.4701689434134466,40.227584662272015],[-3.4702060184721448,40.232945968164159],[-3.4702131857421623,40.233982237722444],[-3.4702146080523808,40.234187874012932],[-3.4702189655788547,40.234817867924356],[-3.4702214497660822,40.235177012949876],[-3.4702235610028085,40.235482234517086],[-3.4702251004267657,40.235704786142797],[-3.4702717135553152,40.24244238074354],[-3.4702832626682572,40.244111370123562],[-3.470285892258536,40.244491358825741],[-3.4703482516261417,40.253500468985649],[-3.4703811919086567,40.258257734302909],[-3.4703824231518192,40.258435529514394],[-3.4703909514937132,40.259667004117638],[-3.4704056422261407,40.261788136325649],[-3.4704088318510116,40.26224864280006],[-3.4704099804770268,40.262414474651131],[-3.4704103575387104,40.262468912292441],[-3.4704106391198581,40.262509564996044],[-3.4704730547539264,40.271518646856137],[-3.4704904864740871,40.274034015767526],[-3.4705013514351033,40.275601651226594],[-3.4705133973119371,40.277339529152947],[-3.4705140933287018,40.277439939968872],[-3.4705158052352925,40.277686905913953],[-3.4705354985363543,40.280527713664306],[-3.4705411673941144,40.281345385381101],[-3.4705464033586928,40.282100587078958],[-3.4705492230104253,40.282507263556845],[-3.4705633396117364,40.284543166578928],[-3.4705979705001422,40.28953676812246],[-3.4726273124408324,40.289528496319981],[-3.4731320240486894,40.289526433537375],[-3.4760755236429497,40.289514359437902],[-3.4823625297633072,40.289488319636547],[-3.4941270601388972,40.289438675010437],[-3.4949560026753117,40.289435131877653],[-3.495700454157082,40.289431944821338],[-3.5037559032531607,40.28939715245194],[-3.5058915609224965,40.289387834252892],[-3.5074506319161221,40.289381006895034],[-3.5106983638179035,40.289366717223729],[-3.5130591680634087,40.289356272717463],[-3.5150789189799969,40.289347298839395],[-3.5153080154027236,40.289346278723301],[-3.5166152003372502,40.289340449436992],[-3.5170267439628327,40.289338611134397],[-3.517656031409691,40.289335797372757],[-3.5176749592790477,40.289335712686665],[-3.5192225951532152,40.289328777858685],[-3.5294204708960879,40.28928256437915],[-3.5313540602604427,40.289273700602351],[-3.5332338535339614,40.289265052453246],[-3.5369290114518162,40.289247963536759],[-3.5377406958542332,40.289244193948321],[-3.5404740919118054,40.289231457755044],[-3.5411848786772961,40.289228135281398],[-3.5419886837884809,40.289224372745089],[-3.543520902059651,40.289217185106587],[-3.5484658827145239,40.289193849772388],[-3.5485944407172827,40.289193240289151],[-3.5510539263154941,40.289181552555547],[-3.5529492540489462,40.28917251008901],[-3.564655057018419,40.289115974515468],[-3.5647135963066718,40.289115688811748],[-3.5699909456418508,40.289089810765503],[-3.5711988304416282,40.289083853919649],[-3.5717341255468464,40.289081210007431],[-3.5728715264534263,40.289075583971567],[-3.5739112324624847,40.289070431391032],[-3.5748298475956037,40.289065871138789],[-3.5764779047461275,40.289057671459517],[-3.5792939057787114,40.289043606510511],[-3.5799722875110298,40.289040207984165],[-3.5825846724886268,40.289027083422546],[-3.584467228420122,40.28901758893489],[-3.5848698437686646,40.289015554407378],[-3.5852587568809753,40.289013587790684],[-3.5882421786629735,40.288998458042499],[-3.5882385708992555,40.288582322260076],[-3.5882150588733661,40.28587012574755],[-3.5881973923795152,40.283831989136722],[-3.5881640913925703,40.279989574939982],[-3.5881399135528951,40.277199364752356],[-3.5881361939024292,40.276770068914253],[-3.5881251611247711,40.275496689025694],[-3.5881207443808369,40.274986894939701],[-3.588113790089289,40.274184182888838],[-3.5881019815793929,40.272821089498287],[-3.5880982584351475,40.272391295908875],[-3.5880947485966952,40.271986117488453],[-3.588091187851453,40.27157505392239],[-3.588086039331261,40.270980677640985],[-3.5880745882897203,40.269658636578207],[-3.5880200214594531,40.263357602469846],[-3.5880080224612176,40.261971766146281],[-3.5880031634826342,40.261410546102873],[-3.5880019608468134,40.261271637238679],[-3.5879956304029688,40.260540431694018],[-3.5879939670857341,40.260348303777164],[-3.5879939468679427,40.260345968431352],[-3.5879888342520116,40.259755404194635],[-3.5879776652161399,40.258465194876578],[-3.5879697860400572,40.257554968754256],[-3.5879300407646237,40.252962840456689],[-3.5878682839314378,40.245825417235856],[-3.5878647279800919,40.245414367313053],[-3.5878541530956829,40.244191914216074],[-3.5878520942314749,40.243953901473866],[-3.5878489515285978,40.243590587262759],[-3.587841974065392,40.242783929388978],[-3.587840566592337,40.242621208808863],[-3.5878355190943125,40.242037647229353],[-3.58783236425008,40.241672894292812],[-3.5878270651181272,40.241060210672792],[-3.5878228157079168,40.240568881859922],[-3.587811941693456,40.239311542378367],[-3.5877894480794477,40.236710400958543],[-3.5877864945427653,40.236368831376801],[-3.5877741828206022,40.234944946495901],[-3.5877659526363082,40.233993046024807],[-3.587696306537608,40.225935978226296],[-3.5876279756060296,40.218027887107759],[-3.5876184653569401,40.216926995764901],[-3.5875957336286701,40.214295360359174],[-3.5875406592608501,40.207917999112532],[-3.5875141853266368,40.20485171102581],[-3.5875085203762995,40.204195518671625],[-3.587462888231602,40.198908988269977],[-3.5757141972478124,40.198968014411101],[-3.5639654719156684,40.199025848269933],[-3.559989820414402,40.199045148641211],[-3.5580993214920422,40.199054278437202],[-3.5522167129359614,40.199082489836364],[-3.5507500817427498,40.199089476845067],[-3.550069617662353,40.19909271225476],[-3.5404679210094794,40.199137939100545],[-3.5394157893969416,40.199142846535644],[-3.5357923182195945,40.19915967423568],[-3.5287190968370346,40.199192196052763],[-3.5255030871204713,40.199206839945823],[-3.5243205031245335,40.199212202297495],[-3.5233479219226806,40.199216603351076],[-3.5169702411194415,40.199245260683533],[-3.5135860658284672,40.19926032436792],[-3.5124185095245686,40.199265498454402],[-3.5110868263399899,40.199271385501866],[-3.5100653751351256,40.199275890707021],[-3.5089269293481951,40.19928090130653],[-3.5052213545575372,40.199297132983588],[-3.4934724378521582,40.199347812943891],[-3.4849886291276704,40.199383667155118],[-3.4835063144548903,40.199389867892769],[-3.4817234917041642,40.199397300555567],[-3.4772768267847662,40.199415719239425],[-3.4771570822091391,40.199416212875704],[-3.4747937676053606,40.199425930081247],[-3.4699745168144154,40.199445595809962]]]},"properties":{"FID":32,"Malla10km_":"30TVK55","Sheet1__Ur":" ","Sheet1__CU":" ","Sheet1__Ob":0}},{"type":"Feature","id":33,"geometry":{"type":"Polygon","coordinates":[[[-3.3524833413182691,40.199862966951436],[-3.3524890293775367,40.200961331642702],[-3.3525175337879323,40.206464623339642],[-3.3525274499355961,40.208378758420466],[-3.3525300067717803,40.208872280116367],[-3.3525331184552831,40.209472882198469],[-3.352576693267507,40.217881579170161],[-3.3526203112362523,40.226295049801678],[-3.3526219651960409,40.226614012188733],[-3.3526234008160949,40.2268908641121],[-3.3526279422061616,40.227766622419807],[-3.3526303172301537,40.228224604955038],[-3.352634685114483,40.229066848838571],[-3.3526381733946877,40.229739456145879],[-3.3526396208038487,40.230018537715374],[-3.3526420174017071,40.23048062809179],[-3.352643163960932,40.230701693505026],[-3.3526439015410308,40.230843903308227],[-3.3526447007025153,40.230997985220569],[-3.3526701294281902,40.235900134941403],[-3.3526906746137013,40.239859954524334],[-3.352716879114455,40.244909391657373],[-3.3527314985258232,40.247725900903745],[-3.3527329195610647,40.247999649840516],[-3.352740744348111,40.249506953294869],[-3.3527479880871089,40.25090222666325],[-3.3527528861844642,40.251845632193209],[-3.3527560023924816,40.252445810936983],[-3.3527605437331416,40.25332043649798],[-3.3527627494670025,40.253745229176239],[-3.3527636498855555,40.253918634259243],[-3.3527649097433887,40.254161258612783],[-3.3527677034639081,40.254699264829554],[-3.3527842335881219,40.257882288504881],[-3.3527918544397854,40.259349580472922],[-3.3528104417521667,40.262927862746281],[-3.3528572547249702,40.271937077117755],[-3.3529040888146575,40.280946277372927],[-3.3529509440319263,40.289955463511056],[-3.3647157534254255,40.289918976858552],[-3.3764805409761136,40.289881293990533],[-3.3838698737808786,40.289857014147366],[-3.3846645214799258,40.289854374992316],[-3.3882453059794715,40.289842414913551],[-3.394852370914498,40.289820055949932],[-3.400010047731016,40.289802339634477],[-3.4016116226834754,40.289796791536467],[-3.4022466501195638,40.289794585567428],[-3.4038889107888837,40.289788864492458],[-3.4043544992730803,40.289787238300171],[-3.4050401361704954,40.289784840118855],[-3.4052454574948254,40.289784121167187],[-3.4061080586824111,40.289781096708104],[-3.4065960714052848,40.289779382785653],[-3.4079237553817969,40.289774709482472],[-3.4082964458366605,40.289773394913986],[-3.4099348717941247,40.289767601553521],[-3.4103891752294486,40.289765991059468],[-3.4107802726995531,40.289764603200112],[-3.4114267234628941,40.289762306288353],[-3.411774765526197,40.289761068160239],[-3.4124917156068233,40.289758514375578],[-3.4125632985887129,40.289758259152215],[-3.4135212715459002,40.289754839314455],[-3.4157172945006673,40.289746969868574],[-3.4167412908547607,40.289743286129351],[-3.4171602744970446,40.289741776258822],[-3.4197965888732651,40.289732241094796],[-3.4199429857461445,40.289731709838186],[-3.4208180275461677,40.289728530554264],[-3.4214480060230059,40.289726237560004],[-3.4235394586605432,40.289718600498126],[-3.4242696271358692,40.289715925341618],[-3.4249013845042842,40.289713607020744],[-3.4252711936064166,40.28971224835454],[-3.4267763225510568,40.289706706365898],[-3.427996717375283,40.289702198413501],[-3.4295850472973135,40.28969631208566],[-3.4324690861570799,40.289685568137585],[-3.4332413335649097,40.28968267907193],[-3.4353041264295818,40.289674936655537],[-3.4403745124098708,40.289655749339389],[-3.4407389496481482,40.289654361679247],[-3.4411200610100159,40.289652909301445],[-3.44416321718179,40.289641267100301],[-3.445041320053956,40.289637892862203],[-3.445143452831545,40.289637499969501],[-3.4461582155890764,40.289633591399209],[-3.4464414146197333,40.289632499010573],[-3.4470687681288319,40.28963007664013],[-3.4508776165709247,40.289615296692816],[-3.4517855539051854,40.289611755003534],[-3.4525194348286172,40.289608887067843],[-3.4531017292959123,40.28960660820529],[-3.4547818081121409,40.289600016637308],[-3.4588333830538378,40.289584020459749],[-3.4596101014728884,40.289580937661221],[-3.4600229588911473,40.289579296906034],[-3.4604782926286664,40.289577485635398],[-3.4705979705001422,40.28953676812246],[-3.4705633396117364,40.284543166578928],[-3.4705492230104253,40.282507263556845],[-3.4705464033586928,40.282100587078958],[-3.4705411673941144,40.281345385381101],[-3.4705354985363543,40.280527713664306],[-3.4705158052352925,40.277686905913953],[-3.4705140933287018,40.277439939968872],[-3.4705133973119371,40.277339529152947],[-3.4705013514351033,40.275601651226594],[-3.4704904864740871,40.274034015767526],[-3.4704730547539264,40.271518646856137],[-3.4704106391198581,40.262509564996044],[-3.4704103575387104,40.262468912292441],[-3.4704099804770268,40.262414474651131],[-3.4704088318510116,40.26224864280006],[-3.4704056422261407,40.261788136325649],[-3.4703909514937132,40.259667004117638],[-3.4703824231518192,40.258435529514394],[-3.4703811919086567,40.258257734302909],[-3.4703482516261417,40.253500468985649],[-3.470285892258536,40.244491358825741],[-3.4702832626682572,40.244111370123562],[-3.4702717135553152,40.24244238074354],[-3.4702251004267657,40.235704786142797],[-3.4702235610028085,40.235482234517086],[-3.4702214497660822,40.235177012949876],[-3.4702189655788547,40.234817867924356],[-3.4702146080523808,40.234187874012932],[-3.4702131857421623,40.233982237722444],[-3.4702060184721448,40.232945968164159],[-3.4701689434134466,40.227584662272015],[-3.4701612578447376,40.22647309606041],[-3.470140593316807,40.223484071168414],[-3.4700991090836713,40.217482220994647],[-3.4700989827701143,40.217463943456494],[-3.4700866145150853,40.215674179006342],[-3.4700367357647361,40.208454776706084],[-3.4699745168144154,40.199445595809962],[-3.4587385619522739,40.199490666738669],[-3.458225513883793,40.199492698698677],[-3.4574921922800996,40.199495599118379],[-3.4464764836131785,40.199538609213455],[-3.4458855190762683,40.199540886967839],[-3.4442852340999144,40.199547039799313],[-3.4441529899777659,40.199547547266491],[-3.4417996081906255,40.19955655275303],[-3.4411767209068835,40.199558928295453],[-3.434727426703474,40.199583327346261],[-3.427312570746329,40.199610935292043],[-3.4229783438555792,40.19962685308932],[-3.4198292387366385,40.199638316643146],[-3.4163717735563028,40.199650804045149],[-3.4144892979305954,40.199657559604098],[-3.4135792753539431,40.199660814386384],[-3.413373733025626,40.199661548537684],[-3.4112292357704188,40.19966918643501],[-3.4096832423209698,40.199674668041851],[-3.409503659315237,40.199675303448259],[-3.4091270144771353,40.199676635200319],[-3.405354564333928,40.199689906335237],[-3.4025756446763151,40.199699603684479],[-3.4024398693077225,40.199700075778381],[-3.4021336114189964,40.199701140058991],[-3.3994801031489108,40.199710327375946],[-3.3961342001930266,40.199721825287313],[-3.3941061145634834,40.199728747555653],[-3.3877309466919727,40.199750275904918],[-3.3807546613413408,40.199773431857594],[-3.3791875061933454,40.19977857578823],[-3.3759817671005949,40.199789032014976],[-3.3743474777757467,40.199794328445314],[-3.373325433570761,40.199797628975723],[-3.3670403283868908,40.199817727362479],[-3.3664454944578677,40.199819611834521],[-3.3642325650757057,40.199826595699328],[-3.3631216065658567,40.19983008586415],[-3.3622787936819858,40.19983272651568],[-3.3573154260985327,40.19984815297201],[-3.3566983598787892,40.199850055978942],[-3.3524833413182691,40.199862966951436]]]},"properties":{"FID":33,"Malla10km_":"30TVK65","Sheet1__Ur":" ","Sheet1__CU":" ","Sheet1__Ob":0}},{"type":"Feature","id":34,"geometry":{"type":"Polygon","coordinates":[[[-3.23499006267068,40.200161094403448],[-3.2350074565458002,40.205198691306855],[-3.2350131373566779,40.206843686134178],[-3.2350133477568814,40.206904609201146],[-3.2350175027153267,40.208107672583807],[-3.2350211735638874,40.209170502048728],[-3.2350307137291385,40.211932423426362],[-3.2350478066852602,40.216879954486863],[-3.2350515606992469,40.217966383725617],[-3.2350522984887919,40.218179896508524],[-3.2350766743982287,40.225232881729902],[-3.2350786081082288,40.225792279180325],[-3.235083437443151,40.227189275079326],[-3.2350851764700632,40.227692304504011],[-3.2350889383541763,40.228780420383636],[-3.2350963614584431,40.230927360931958],[-3.235103639792499,40.233032205721351],[-3.2351145904434015,40.236198640463179],[-3.2351245707184866,40.239084047736995],[-3.2351457574935401,40.245207991758427],[-3.235158703684947,40.248949104481333],[-3.2351609952362312,40.249611230005598],[-3.2351646586121725,40.250669687622207],[-3.2351647009703002,40.250681925808415],[-3.2351762788339302,40.254026740962566],[-3.2351769386006763,40.254217328964351],[-3.2351778191696505,40.254471697658474],[-3.2351817109590342,40.255595874345573],[-3.235185422799121,40.256668011999373],[-3.235189151470232,40.257744953045446],[-3.2352069379692283,40.262881373351661],[-3.2352081337719278,40.26322665208022],[-3.2352108572059297,40.264013000115931],[-3.2352384661200846,40.271982879830354],[-3.2352393430144168,40.272235961105324],[-3.2352705663352714,40.281245256038929],[-3.2352719120557527,40.281633463670133],[-3.2352765381671751,40.282967926566521],[-3.2353018037416228,40.29025453688034],[-3.2423383967199468,40.290240012847818],[-3.2425777646379057,40.290239511248934],[-3.2460648034187427,40.290232147956054],[-3.2467781734588463,40.290230628642298],[-3.2470667928131043,40.290230012699865],[-3.2476054857133563,40.290228861149672],[-3.2488589236012526,40.290226171999834],[-3.2550761950333857,40.290212632625966],[-3.2552965839184669,40.29021214655311],[-3.2588317670873601,40.29020429224942],[-3.2641892202031744,40.290192183430406],[-3.2652364613223415,40.290189787489851],[-3.2677689029086499,40.29018395444389],[-3.2678907284017678,40.290183672442339],[-3.2705967258597979,40.290177375533503],[-3.2725093787634911,40.290172886577793],[-3.2767440632040867,40.290162835367241],[-3.2789487375289941,40.290157541125062],[-3.2794390452250961,40.29015635800387],[-3.2807435002258583,40.290153200213425],[-3.2823417446354757,40.290149311177082],[-3.2823616684258408,40.290149262556859],[-3.2857611641342106,40.290140916497876],[-3.2914374518558893,40.2901267580881],[-3.291643206884602,40.290126239641602],[-3.2920684394653676,40.290125167012043],[-3.2922580980614251,40.290124688103049],[-3.2937719004656261,40.290120854440168],[-3.2941265940809052,40.290119953324322],[-3.2949733463328545,40.290117797714025],[-3.295345837570129,40.290116847485891],[-3.2957258413782178,40.290115876857406],[-3.2957682345257471,40.290115768496904],[-3.3019119262073429,40.290099900458181],[-3.3045517949583387,40.29009298195335],[-3.3058915021204296,40.290089447841112],[-3.3176563918398432,40.290057746112524],[-3.3294212625345976,40.290024848144114],[-3.3411861135001359,40.289990753941623],[-3.3412439200454833,40.289990583466476],[-3.3529509440319263,40.289955463511056],[-3.3529040888146575,40.280946277372927],[-3.3528572547249702,40.271937077117755],[-3.3528104417521667,40.262927862746281],[-3.3527918544397854,40.259349580472922],[-3.3527842335881219,40.257882288504881],[-3.3527677034639081,40.254699264829554],[-3.3527649097433887,40.254161258612783],[-3.3527636498855555,40.253918634259243],[-3.3527627494670025,40.253745229176239],[-3.3527605437331416,40.25332043649798],[-3.3527560023924816,40.252445810936983],[-3.3527528861844642,40.251845632193209],[-3.3527479880871089,40.25090222666325],[-3.352740744348111,40.249506953294869],[-3.3527329195610647,40.247999649840516],[-3.3527314985258232,40.247725900903745],[-3.352716879114455,40.244909391657373],[-3.3526906746137013,40.239859954524334],[-3.3526701294281902,40.235900134941403],[-3.3526447007025153,40.230997985220569],[-3.3526439015410308,40.230843903308227],[-3.352643163960932,40.230701693505026],[-3.3526420174017071,40.23048062809179],[-3.3526396208038487,40.230018537715374],[-3.3526381733946877,40.229739456145879],[-3.352634685114483,40.229066848838571],[-3.3526303172301537,40.228224604955038],[-3.3526279422061616,40.227766622419807],[-3.3526234008160949,40.2268908641121],[-3.3526219651960409,40.226614012188733],[-3.3526203112362523,40.226295049801678],[-3.352576693267507,40.217881579170161],[-3.3525331184552831,40.209472882198469],[-3.3525300067717803,40.208872280116367],[-3.3525274499355961,40.208378758420466],[-3.3525175337879323,40.206464623339642],[-3.3524890293775367,40.200961331642702],[-3.3524833413182691,40.199862966951436],[-3.34741769551575,40.19987828041009],[-3.3466210570410264,40.199880668478485],[-3.3454197052395998,40.199884259381072],[-3.3428351429098777,40.199891942507627],[-3.3423519174933904,40.199893372588448],[-3.3421211167494418,40.199894054919611],[-3.3419486723129115,40.199894564427893],[-3.3407340965292489,40.199898145764905],[-3.3371871579465791,40.199908531434417],[-3.3355170550199689,40.199913383971982],[-3.3312183554425707,40.199925763157424],[-3.3306058530409945,40.19992751401913],[-3.3296571965165906,40.199930219393515],[-3.329311806447405,40.199931202444859],[-3.3289848314096311,40.199932132133632],[-3.3172355466603918,40.199964926051678],[-3.3146150029153776,40.199972077711593],[-3.3144271958304263,40.1999725879731],[-3.3133402842710704,40.199975535067523],[-3.3130953421856399,40.199976197803991],[-3.3056126620446586,40.199996193837315],[-3.3054862429825307,40.199996527513271],[-3.3053337123734612,40.199996929925419],[-3.3049509990314903,40.199997938729751],[-3.3046758906203055,40.199998663113725],[-3.3044460280406032,40.199999267860179],[-3.3041057632907735,40.20000016222631],[-3.2997648014952605,40.20001148442072],[-3.2992784869959171,40.200012742697432],[-3.2977361836485044,40.200016719696769],[-3.2965212936808963,40.200019837956525],[-3.2960393156059382,40.200021071517796],[-3.2947179756202138,40.200024443026777],[-3.2937369210770417,40.200026936512948],[-3.2918874443609063,40.200031614603326],[-3.2819875816449371,40.20005615304536],[-3.2805592552512826,40.200059623501225],[-3.2776487872473243,40.200066640626936],[-3.2760878528855955,40.200070373886618],[-3.2756500350072688,40.200071417228337],[-3.270238225387224,40.200084177105389],[-3.2683307008983338,40.200088614331627],[-3.2641558689234693,40.200098216023449],[-3.258488853004927,40.200111008688182],[-3.2568525422183217,40.200114650862893],[-3.254822660200027,40.200119136922986],[-3.2545140165375726,40.200119815911158],[-3.2541096633012381,40.20012070420654],[-3.2537127899388714,40.200121574696432],[-3.2509743191015854,40.200127544089739],[-3.249961523565903,40.200129735399209],[-3.2496830604662579,40.200130336335796],[-3.2493703249189436,40.200131010435399],[-3.2482069395754234,40.200133510688175],[-3.2472460242329224,40.200135566992273],[-3.2467394651990671,40.200136647789023],[-3.2467066346012934,40.200136717760053],[-3.2455790974729295,40.20013911520067],[-3.2414481136127637,40.200147804933799],[-3.2397843996066302,40.200151263000002],[-3.2397060491497252,40.200151425263613],[-3.23499006267068,40.200161094403448]]]},"properties":{"FID":34,"Malla10km_":"30TVK75","Sheet1__Ur":" ","Sheet1__CU":" ","Sheet1__Ob":0}},{"type":"Feature","id":35,"geometry":{"type":"Polygon","coordinates":[[[-3.1176391308612246,40.28344131521385],[-3.1191998585228586,40.282809204718269],[-3.1228681090420229,40.281009866256618],[-3.128241013562056,40.278786915932834],[-3.1298517866335818,40.276520209118019],[-3.1338080718210999,40.273647493306896],[-3.1345770369139014,40.273089092590581],[-3.1352125998579812,40.272627553790713],[-3.1366185907467203,40.271990809984331],[-3.1376956523922939,40.27150301091055],[-3.1397385110468874,40.269111336572507],[-3.1410739024358536,40.268304241750151],[-3.141960977334779,40.267768085318522],[-3.1435058686024604,40.266392286039071],[-3.1442788895332408,40.266276257887093],[-3.1484214154271601,40.265654382452325],[-3.1505318682865551,40.265337500060674],[-3.1513944462020396,40.264897816890482],[-3.152881427358452,40.264139828617637],[-3.15325555797292,40.263949109575499],[-3.1537177309965734,40.263713506564443],[-3.1539428699882812,40.262288152886768],[-3.1539733188684806,40.262095375433326],[-3.1540141613514447,40.261836793071168],[-3.1540737051784848,40.261459808715657],[-3.154403741704022,40.261024209900334],[-3.1556260804051752,40.259410849190239],[-3.1570198783998733,40.2585008556185],[-3.1596892508527863,40.256968377979931],[-3.1601180380058791,40.256575745225675],[-3.1608943312322677,40.255864891118783],[-3.1613508533516961,40.255433576559639],[-3.161402073709441,40.255385185028395],[-3.1615255637900024,40.255268512200892],[-3.1615613629661423,40.255212638192816],[-3.1619418238310542,40.254618816768257],[-3.1622299556760765,40.25416909371959],[-3.162389600070028,40.253919914854976],[-3.1630442549713975,40.25289808055598],[-3.1632806417820483,40.252529102352405],[-3.1632910701205685,40.252512823864784],[-3.1648799436266164,40.250460643316202],[-3.1650398999693659,40.250254035952409],[-3.1652755983561787,40.249949596085585],[-3.168109343235415,40.247097734122832],[-3.1704794457135361,40.243697799370821],[-3.1706252969297783,40.241490482518543],[-3.1706278691489302,40.241451559836285],[-3.170704820005751,40.241379534978421],[-3.171726883264395,40.240422899196588],[-3.1718869926572051,40.240030756198848],[-3.1727305265445498,40.237964680212208],[-3.1732259416304762,40.236751195410953],[-3.1733649849039298,40.234652000366054],[-3.1733963185521081,40.234178915095711],[-3.1733969229839261,40.234169777726621],[-3.1734427637826257,40.234202311467619],[-3.1748195474121346,40.235179411952494],[-3.1748573553833466,40.235194862769276],[-3.177021467818308,40.236079213429974],[-3.1772402088580707,40.236168598143095],[-3.1774844108962439,40.236184532786133],[-3.1780915637660581,40.236224148863407],[-3.1783572099714199,40.236241480263686],[-3.1784006807117042,40.236244317004363],[-3.1785637361497909,40.236583956988987],[-3.1786531345882518,40.236770169101561],[-3.1789570338489836,40.237403165836554],[-3.1803392412080704,40.240282028372405],[-3.1814984588796982,40.242100086493757],[-3.1816000608361348,40.242259427138677],[-3.1822794701070314,40.242750184053556],[-3.1824859412362638,40.242899322197701],[-3.1827142953978056,40.243064264877972],[-3.1830350530386577,40.243295949607003],[-3.1831620248734507,40.243387661886615],[-3.1831687562799118,40.243390044133996],[-3.1842114276407494,40.243759124868255],[-3.184433201955458,40.243837625664277],[-3.1848966477810663,40.24400166658144],[-3.1862470325439465,40.244479623806676],[-3.1864616542166995,40.24455742137043],[-3.1868328158576289,40.244691962183339],[-3.187600331588583,40.244970170974476],[-3.1881202226348795,40.245171465860054],[-3.1891437436599763,40.245643579180076],[-3.1898051214527241,40.245939700649409],[-3.1900434227156444,40.246046395439869],[-3.1903057246530584,40.246165489567126],[-3.1911247255699839,40.246537337637086],[-3.1927206232603265,40.247256200632336],[-3.1934441777432805,40.24758210978198],[-3.1940050581186514,40.247836071389095],[-3.194362318737527,40.247997832281278],[-3.1944489975883332,40.248037078509427],[-3.1944742266250317,40.248471864328046],[-3.1945136507825653,40.249151254137459],[-3.1946239103229344,40.250237565121552],[-3.1946862306420241,40.251132876038668],[-3.1946889932065856,40.251389939365495],[-3.1946350907194043,40.252715338132894],[-3.1946496965985354,40.252900625207765],[-3.1947676592934027,40.254396982414789],[-3.1948241430014082,40.255081720413337],[-3.1951030819954402,40.255370531379853],[-3.196013313480234,40.256312957097585],[-3.1972053956228628,40.257547152110938],[-3.1964765074193573,40.257694078276558],[-3.1959502620246747,40.257800154282265],[-3.1941990420536079,40.258153130145978],[-3.1941145446818755,40.25822208744443],[-3.1928239985441653,40.259275265181671],[-3.1920536869509593,40.26020994948923],[-3.1907116260595791,40.261838313830502],[-3.1902265121237572,40.262426893610964],[-3.1898866710762883,40.262840777100287],[-3.1897024359299442,40.263065150760511],[-3.1893343581481486,40.263513414532987],[-3.1889605182463989,40.263968686802677],[-3.1881669363458549,40.264935108179593],[-3.1876295400125043,40.26558953026602],[-3.186963707699944,40.266391368826362],[-3.186617499685815,40.266808286201069],[-3.1863839743608753,40.267089503810638],[-3.1852101220834821,40.268503046222079],[-3.1850581787870715,40.268686008465629],[-3.1850218952966767,40.268729700693918],[-3.1848159643942866,40.268977671381649],[-3.1844361737645004,40.269434987779796],[-3.1842098460461461,40.269707513385846],[-3.1846211934807198,40.270796198286753],[-3.1852636400041643,40.272496428179089],[-3.1852665438455032,40.272504113927987],[-3.1859881991663972,40.274133336637533],[-3.186513946885849,40.275320221285817],[-3.1866218895609664,40.277086218627964],[-3.186740413355079,40.278993845204646],[-3.1861639335709677,40.279928243706287],[-3.1855272439916029,40.280960198970448],[-3.1849441110658279,40.281897027083687],[-3.1838662710557259,40.283628549797427],[-3.1826889017259856,40.285967625915347],[-3.1823178674627282,40.286727825353125],[-3.1820946895055329,40.287185077751303],[-3.1814463919513312,40.288513289125099],[-3.1811191294913481,40.289678062313619],[-3.1809427584007737,40.290352315491688],[-3.1823243142849051,40.290350146701257],[-3.1836537066180655,40.290348044224089],[-3.1859759416980151,40.290344334888566],[-3.1870234443625742,40.290342646445531],[-3.1875168365692454,40.290341847873719],[-3.1878356100017977,40.290341330809419],[-3.1882417135753571,40.290340670819745],[-3.2000067547897642,40.290320931760014],[-3.2020193470387377,40.29031743526113],[-3.2022972575665793,40.290316949693249],[-3.2038163352500431,40.290314283750085],[-3.2117717840253506,40.290299996414397],[-3.2123652989086944,40.290298908583544],[-3.2131016829684409,40.290297554661215],[-3.2140745564980477,40.290295758741159],[-3.2149316207550469,40.2902941698269],[-3.2186194829629309,40.290287260455266],[-3.2192283225374068,40.290286108462766],[-3.2218265567522946,40.290281156304047],[-3.2235368005775031,40.290277864786546],[-3.2251645009818466,40.290274708652163],[-3.2353018037416228,40.29025453688034],[-3.2352765381671751,40.282967926566521],[-3.2352719120557527,40.281633463670133],[-3.2352705663352714,40.281245256038929],[-3.2352393430144168,40.272235961105324],[-3.2352384661200846,40.271982879830354],[-3.2352108572059297,40.264013000115931],[-3.2352081337719278,40.26322665208022],[-3.2352069379692283,40.262881373351661],[-3.235189151470232,40.257744953045446],[-3.235185422799121,40.256668011999373],[-3.2351817109590342,40.255595874345573],[-3.2351778191696505,40.254471697658474],[-3.2351769386006763,40.254217328964351],[-3.2351762788339302,40.254026740962566],[-3.2351647009703002,40.250681925808415],[-3.2351646586121725,40.250669687622207],[-3.2351609952362312,40.249611230005598],[-3.235158703684947,40.248949104481333],[-3.2351457574935401,40.245207991758427],[-3.2351245707184866,40.239084047736995],[-3.2351145904434015,40.236198640463179],[-3.235103639792499,40.233032205721351],[-3.2350963614584431,40.230927360931958],[-3.2350889383541763,40.228780420383636],[-3.2350851764700632,40.227692304504011],[-3.235083437443151,40.227189275079326],[-3.2350786081082288,40.225792279180325],[-3.2350766743982287,40.225232881729902],[-3.2350522984887919,40.218179896508524],[-3.2350515606992469,40.217966383725617],[-3.2350478066852602,40.216879954486863],[-3.2350307137291385,40.211932423426362],[-3.2350211735638874,40.209170502048728],[-3.2350175027153267,40.208107672583807],[-3.2350133477568814,40.206904609201146],[-3.2350131373566779,40.206843686134178],[-3.2350074565458002,40.205198691306855],[-3.23499006267068,40.200161094403448],[-3.2232406461207974,40.200184348527159],[-3.2114912162504687,40.200206410156142],[-3.1997417737607314,40.200227279286494],[-3.1879923193526465,40.200246955914622],[-3.1762428537272389,40.200265440037015],[-3.1644933775856199,40.200282731650525],[-3.1578264914329384,40.200292012948438],[-3.1565291645288549,40.200293774394133],[-3.1527438916288344,40.200298830752054],[-3.1520932229025869,40.200299687447156],[-3.1504717569627094,40.200301806418004],[-3.143808233135458,40.20031027602267],[-3.1437149586367616,40.200310391856185],[-3.140994396557947,40.200313737338845],[-3.1407564272389399,40.200314026929512],[-3.1356613176981427,40.200320109929443],[-3.1326444264822007,40.200323606062497],[-3.1304780424516725,40.2003260680831],[-3.1292448930740262,40.200327451408285],[-3.1174953818781517,40.200339972957948],[-3.1175109375020198,40.209349437292509],[-3.1175194825117449,40.214296779193589],[-3.1175234845894808,40.216613457219836],[-3.1175238115480921,40.216802711458563],[-3.117526500138756,40.218358886654528],[-3.1175283663911415,40.219439015171417],[-3.1175284298225869,40.219475726279633],[-3.1175296361419416,40.220173873737615],[-3.1175301410122764,40.220466056048238],[-3.1175337431244565,40.222550572773216],[-3.1175360734189885,40.223898981432079],[-3.1175393594505039,40.225800265479968],[-3.1175393883044222,40.225816959432564],[-3.1175398595621973,40.226089612092686],[-3.1175420697965768,40.227368323746134],[-3.1175576464743635,40.236377745863777],[-3.1175591932958882,40.237272192235842],[-3.1175598867055303,40.237673141895669],[-3.1175605661156363,40.238065988785237],[-3.117561677506334,40.238708597752378],[-3.1175631403890516,40.23955440869873],[-3.1175635593287869,40.239796625063001],[-3.117565215327835,40.240754037196908],[-3.1175732301772245,40.245387153907629],[-3.1175747814983104,40.246283796292751],[-3.1175766305160511,40.247352450533022],[-3.1175840423011145,40.251635573904672],[-3.1175888209087192,40.25439654787705],[-3.117604418672403,40.263405927771288],[-3.1176077219062854,40.265313376275593],[-3.117610536037728,40.266938248997931],[-3.1176158344933289,40.269997204644639],[-3.1176184835348812,40.271526398716965],[-3.1176200234733984,40.27241529449055],[-3.1176252978121544,40.275459490254363],[-3.1176257417532689,40.275715698985721],[-3.1176356353105885,40.281424645331356],[-3.1176385221598384,40.283090154973692],[-3.1176391308612246,40.28344131521385]]]},"properties":{"FID":35,"Malla10km_":"30TVK85","Sheet1__Ur":" ","Sheet1__CU":" ","Sheet1__Ob":0}},{"type":"Feature","id":36,"geometry":{"type":"Polygon","coordinates":[[[-3.5866871027154268,40.108818098657657],[-3.5867068950112202,40.111121621646035],[-3.5867122794483883,40.111748242380784],[-3.5867288859921733,40.113680725975051],[-3.5867311867673317,40.113948449641825],[-3.5867561617123598,40.116854362194012],[-3.5867645240565227,40.11782725225931],[-3.5867841692741611,40.120112625132087],[-3.5868355362698106,40.126087026202136],[-3.5868419802800928,40.126836390777832],[-3.5868435354381027,40.12701723361765],[-3.5868459226670897,40.127294831328037],[-3.5868549052052794,40.128339326566426],[-3.5869194714114823,40.135845515113331],[-3.5869969974683071,40.144854625265026],[-3.5870745584681982,40.153863721232049],[-3.5871521544287983,40.162872803013691],[-3.5872297853755275,40.171881871509981],[-3.587307451302761,40.180890924017461],[-3.5873851522514753,40.189899963238034],[-3.587462888231602,40.198908988269977],[-3.5915826125247903,40.198888008143548],[-3.5992115441662773,40.198848769856909],[-3.6109601643510758,40.198787359182383],[-3.6190324015828366,40.198744474043963],[-3.6212897914871207,40.198732380552016],[-3.6217153791998689,40.198730095623077],[-3.6227087480852842,40.198724756257135],[-3.6229314992330135,40.198723557797756],[-3.623768457027293,40.198719050914981],[-3.6282683372889726,40.198694716051115],[-3.6288395259011388,40.198691614613423],[-3.6309819502374445,40.198679956573564],[-3.6338839362950841,40.198664102132234],[-3.6340252517505038,40.198663328224796],[-3.6344572946681217,40.198660961092088],[-3.6357621466414916,40.198653802110293],[-3.6375111924698991,40.198644183016583],[-3.6401856287994327,40.198629423521773],[-3.6408273740432713,40.198625872709734],[-3.6443905425755139,40.198606092781446],[-3.6462058033988951,40.198595973698417],[-3.6524085301987967,40.198561182073462],[-3.6542573900558151,40.198550747358262],[-3.654603382977339,40.198548791340656],[-3.6548798827160645,40.198547227448564],[-3.6560156410426488,40.19854079663164],[-3.6579542735769111,40.198529794087428],[-3.6595785056119223,40.198520550899502],[-3.661079240891981,40.19851199024977],[-3.6665138701233131,40.198480826664472],[-3.6697027045014723,40.198462422270708],[-3.6735519694467409,40.198440089170141],[-3.6766864721880554,40.198421808498978],[-3.6769883469813225,40.198420043460033],[-3.6814510954719197,40.198393858260033],[-3.6821471460042607,40.198389758669137],[-3.6931994457875881,40.19832410206736],[-3.7049477547478391,40.198253153704897],[-3.7048544754678869,40.189244336452205],[-3.7047612382227335,40.180235504956627],[-3.7046680429911452,40.171226659218981],[-3.7045975291626583,40.164407633934601],[-3.7045796414362204,40.162677433776736],[-3.7045750925991436,40.162237421045759],[-3.7045748897519046,40.162217799240089],[-3.7045725129078209,40.16198788107522],[-3.7044817784838147,40.153208925020785],[-3.7043887091563836,40.144200035661029],[-3.7043200759673782,40.137553895573156],[-3.7043182310147063,40.137375207761735],[-3.7037285630343519,40.13720370968128],[-3.7029328075728034,40.137101325584183],[-3.6994485898994101,40.135831442775185],[-3.6960975258485416,40.13446137244344],[-3.694950835901333,40.133780834468858],[-3.6938468722606976,40.133456363929305],[-3.6919223251581994,40.132876452476921],[-3.691503583562243,40.132757258090159],[-3.6900684208997845,40.132677525203341],[-3.6883279155841056,40.132698692380579],[-3.6869258117221415,40.132988112903952],[-3.686047490330091,40.132839254720317],[-3.6837235722170574,40.132270077853903],[-3.682554546033137,40.133885749273809],[-3.6823053915309822,40.13423008608823],[-3.6814982706965726,40.135345517113869],[-3.6806696869602131,40.135738248613315],[-3.6799315667156143,40.136088093986913],[-3.6799224604437097,40.136093779281445],[-3.6793721964399038,40.136437303256628],[-3.679201579518895,40.13654381593097],[-3.6790239543474788,40.136654703909286],[-3.6788465849075416,40.137169876160435],[-3.6786204829435363,40.137826580717814],[-3.6782686513496428,40.138848432152656],[-3.677893798957955,40.139163257846597],[-3.6761463533226957,40.139763107655277],[-3.6704806568822912,40.14179122308078],[-3.6685915084840985,40.142689639780507],[-3.6673281952675247,40.143283424946155],[-3.6673127746488987,40.143290672741692],[-3.6672984379817244,40.143235448895936],[-3.6672310344487191,40.142975809429622],[-3.6662770256717585,40.140492880335643],[-3.6661869616298528,40.140255562655611],[-3.6660888444083897,40.140094851078061],[-3.6661624240301589,40.139574579884979],[-3.6662098080089942,40.138935506220889],[-3.6662718870012179,40.137975559866504],[-3.6662026640020029,40.137157371720782],[-3.6658318332915956,40.135287064783839],[-3.664865629069026,40.134077246014826],[-3.6643032105517643,40.133372997130174],[-3.6639525918961571,40.132955385433938],[-3.6637847211346171,40.132755437012783],[-3.6636511086370454,40.13253456658007],[-3.663176407558054,40.131628689418839],[-3.662547593224617,40.130863174267034],[-3.6622701851303825,40.130525452619132],[-3.6619370736362113,40.130169372904298],[-3.6614993613507671,40.129701471032604],[-3.6612967500564579,40.129504222835557],[-3.6612953186956694,40.129502829131269],[-3.6609249334473875,40.12887049557704],[-3.6607487501701166,40.128591453269372],[-3.6605554889287175,40.128371848260734],[-3.6601184312732822,40.128311089184727],[-3.6592533974641599,40.128218064585376],[-3.6566828159484253,40.127941589663834],[-3.6565516010626968,40.126696134698477],[-3.656424819719422,40.125715727346453],[-3.656344664531388,40.125392787248408],[-3.6563336808202864,40.125348538044648],[-3.6563315209655185,40.125339838093012],[-3.6559622646408525,40.125055509894274],[-3.6559104190294458,40.125015588710447],[-3.6555410902305763,40.124810099048887],[-3.6552942833282653,40.124755593647514],[-3.6542348600210142,40.12504087543568],[-3.6534176798878675,40.125251799499466],[-3.6533628064239405,40.125236028023437],[-3.6526091538089909,40.125019410284814],[-3.6518236366851249,40.124860762967394],[-3.6511855271429083,40.124775150506153],[-3.6505370530371049,40.124709422673547],[-3.6497528708012865,40.12456461761537],[-3.6492062673505985,40.124493270809374],[-3.6485474873192061,40.124430372631167],[-3.6484982790942175,40.124426653374982],[-3.6481492740465797,40.1244002695517],[-3.6478807970865494,40.124187969830956],[-3.6473832700980604,40.123794543540114],[-3.6468616952777779,40.12344541131791],[-3.6458223375554746,40.12274966737192],[-3.6455956328553927,40.122586438378441],[-3.6455038447923238,40.122520350793486],[-3.6453564777737189,40.122462598535293],[-3.645176669435517,40.122451674480182],[-3.6449623227052839,40.122445033717931],[-3.6446459798517599,40.122442883091381],[-3.6445021041804342,40.122443810897252],[-3.6443622678021383,40.12244471424836],[-3.6434979525768441,40.121931694514331],[-3.6434008285114898,40.121874045279725],[-3.6427621965229351,40.121506308438597],[-3.6418311250280819,40.120970165101667],[-3.641108016016751,40.120570751131233],[-3.640772488491518,40.120472618600019],[-3.6400080670000445,40.120319205943062],[-3.6372043603295192,40.119756477261859],[-3.6358634000865249,40.119487307411575],[-3.6356715119510263,40.119448366630017],[-3.6345714697167613,40.119225124045073],[-3.6333076907590884,40.118968637492891],[-3.631568709489954,40.118502329082638],[-3.6289758723652805,40.117817335514005],[-3.6288888717416805,40.117794349868262],[-3.6281330624757961,40.11742179206999],[-3.6267031783691093,40.116716938758245],[-3.6266796806378951,40.116705356223314],[-3.6262249361580499,40.116299719445429],[-3.6256211584470606,40.115711363668716],[-3.625293492035969,40.115392058768471],[-3.6251075204402308,40.115166002679835],[-3.6249510946519314,40.114908293136402],[-3.6247915402063788,40.114642866463477],[-3.6247489653927487,40.114596028534251],[-3.6246781698890764,40.114518142795134],[-3.6243599831880036,40.114310310337707],[-3.6240327029036878,40.114186175901487],[-3.6232133651161442,40.113883689614049],[-3.622563731426625,40.113694047887037],[-3.6222743465914133,40.113581090995815],[-3.6222563734919362,40.113574075435146],[-3.6221101677686356,40.113460746100678],[-3.6219570553699252,40.113307197264639],[-3.6217397448070638,40.113883373259206],[-3.6214095728992524,40.114693291387141],[-3.621250720360206,40.11508295628024],[-3.6212090406547524,40.115185193879149],[-3.6208546774900507,40.114962151243972],[-3.6197094078232905,40.114241283194026],[-3.6187591315006844,40.113665790458995],[-3.61755371348699,40.113116331279009],[-3.6155900771162575,40.11226572809565],[-3.6149656266464962,40.112034040629325],[-3.6135334297184829,40.111673654298727],[-3.6123890923925495,40.111383288596031],[-3.6118711783674438,40.111118256015246],[-3.6096877610183995,40.109962592201668],[-3.6087481326924316,40.109508292067893],[-3.6083327593543046,40.109307458825867],[-3.6076281647098161,40.108966781102815],[-3.6080191739637115,40.108757177100706],[-3.6080913951429352,40.108707699521965],[-3.6066409729218614,40.108715305523162],[-3.6050022217940429,40.108723877263927],[-3.6013484144080343,40.108742905580975],[-3.6004801325419802,40.10874741047239],[-3.5984202459784331,40.108758071705118],[-3.5982256320963142,40.108759077047502],[-3.5866871027154268,40.108818098657657]]]},"properties":{"FID":36,"Malla10km_":"30TVK44","Sheet1__Ur":" ","Sheet1__CU":" ","Sheet1__Ob":0}},{"type":"Feature","id":37,"geometry":{"type":"Polygon","coordinates":[[[-3.4693538672251969,40.10935300900298],[-3.4693993010052293,40.115961947618075],[-3.4694133843021451,40.118010102740115],[-3.4694149991204277,40.11824493474694],[-3.4694158064030507,40.11836233131401],[-3.4694244730746986,40.119622611542113],[-3.4694265205806438,40.119920341799563],[-3.4694385134407382,40.121664148414851],[-3.4694601288850406,40.124806729334345],[-3.4694777734946456,40.127371639487059],[-3.4695139387256644,40.132627769636329],[-3.4695247548027619,40.134199471723498],[-3.4695306727048889,40.135059359416253],[-3.4695370587307224,40.135987225161585],[-3.4695397685140668,40.136380933521295],[-3.4695558609882609,40.138718872205324],[-3.4695576583331538,40.138979976124915],[-3.4695665220963017,40.140267582838739],[-3.4695692645005582,40.140665945100139],[-3.4695732223622779,40.141240850944619],[-3.4695861507745103,40.143118673563336],[-3.4696017914754078,40.145390213415986],[-3.4696165780587762,40.147537469411759],[-3.4696193635882056,40.147941948363339],[-3.4696299444692071,40.149478293717614],[-3.4696356583758572,40.15030790447436],[-3.4696422638649369,40.151266922382462],[-3.4696473152765073,40.152000280403527],[-3.4696505399707482,40.152468423623127],[-3.4696576017371146,40.153493573264463],[-3.4696638423927739,40.154399479170323],[-3.4696768009669254,40.15628043982867],[-3.4696797029521824,40.156701643940359],[-3.4697079041119321,40.160794393452974],[-3.4697120787638065,40.161400176684239],[-3.4697126958895095,40.161489726158131],[-3.4697187746038809,40.162371770765283],[-3.4697259212802831,40.163408730783573],[-3.4697259464339045,40.163412380398704],[-3.4697353634782662,40.164778680919014],[-3.4697401512509649,40.165473293549638],[-3.4697880281520597,40.172417968254919],[-3.4698000598004159,40.174162810965271],[-3.4698031855096603,40.174616079704634],[-3.4698501630284548,40.18142719248452],[-3.4698561204605767,40.182290774192332],[-3.4698579213481264,40.182551821168616],[-3.4698858618811887,40.186601492365277],[-3.46988709262954,40.186779856792967],[-3.4699123259049731,40.190436400768881],[-3.4699745168144154,40.199445595809962],[-3.4747937676053606,40.199425930081247],[-3.4771570822091391,40.199416212875704],[-3.4772768267847662,40.199415719239425],[-3.4817234917041642,40.199397300555567],[-3.4835063144548903,40.199389867892769],[-3.4849886291276704,40.199383667155118],[-3.4934724378521582,40.199347812943891],[-3.5052213545575372,40.199297132983588],[-3.5089269293481951,40.19928090130653],[-3.5100653751351256,40.199275890707021],[-3.5110868263399899,40.199271385501866],[-3.5124185095245686,40.199265498454402],[-3.5135860658284672,40.19926032436792],[-3.5169702411194415,40.199245260683533],[-3.5233479219226806,40.199216603351076],[-3.5243205031245335,40.199212202297495],[-3.5255030871204713,40.199206839945823],[-3.5287190968370346,40.199192196052763],[-3.5357923182195945,40.19915967423568],[-3.5394157893969416,40.199142846535644],[-3.5404679210094794,40.199137939100545],[-3.550069617662353,40.19909271225476],[-3.5507500817427498,40.199089476845067],[-3.5522167129359614,40.199082489836364],[-3.5580993214920422,40.199054278437202],[-3.559989820414402,40.199045148641211],[-3.5639654719156684,40.199025848269933],[-3.5757141972478124,40.198968014411101],[-3.587462888231602,40.198908988269977],[-3.5873851522514753,40.189899963238034],[-3.587307451302761,40.180890924017461],[-3.5872297853755275,40.171881871509981],[-3.5871521544287983,40.162872803013691],[-3.5870745584681982,40.153863721232049],[-3.5869969974683071,40.144854625265026],[-3.5869194714114823,40.135845515113331],[-3.5868549052052794,40.128339326566426],[-3.5868459226670897,40.127294831328037],[-3.5868435354381027,40.12701723361765],[-3.5868419802800928,40.126836390777832],[-3.5868355362698106,40.126087026202136],[-3.5867841692741611,40.120112625132087],[-3.5867645240565227,40.11782725225931],[-3.5867561617123598,40.116854362194012],[-3.5867311867673317,40.113948449641825],[-3.5867288859921733,40.113680725975051],[-3.5867122794483883,40.111748242380784],[-3.5867068950112202,40.111121621646035],[-3.5866871027154268,40.108818098657657],[-3.5843525136011185,40.108829901024578],[-3.5749539245952837,40.108876938912651],[-3.5725709260479439,40.108888743910015],[-3.5632207122920136,40.108934589757084],[-3.5616487000120873,40.108942223501749],[-3.5585423013294344,40.108957245536907],[-3.5557598619109609,40.108970630219666],[-3.5514874665106206,40.108991052081812],[-3.5505232501598289,40.108995639195186],[-3.5504192136042367,40.108996133653555],[-3.5493645615933187,40.10900114086138],[-3.5447253486085986,40.109023052575012],[-3.5397541879483643,40.109046325877031],[-3.5280208773025286,40.109100411133078],[-3.5162875352703975,40.109153307840529],[-3.5045541625492818,40.109205015990142],[-3.4928207598364902,40.109255535572942],[-3.4810873278293522,40.109304866580082],[-3.4693538672251969,40.10935300900298]]]},"properties":{"FID":37,"Malla10km_":"30TVK54","Sheet1__Ur":" ","Sheet1__CU":" ","Sheet1__Ob":0}},{"type":"Feature","id":38,"geometry":{"type":"Polygon","coordinates":[[[-3.3520178417692583,40.109769059354363],[-3.3520642973888766,40.118778514490387],[-3.352088443207093,40.123459669345188],[-3.3520937744606987,40.124493092406617],[-3.3521030050650125,40.126282248290956],[-3.3521107739354221,40.127787953720862],[-3.3521222024673452,40.130002741093676],[-3.3521289808028891,40.131316229383025],[-3.3521329404711957,40.132083483579493],[-3.3521455949551817,40.134535310575451],[-3.352146733140593,40.134755821074798],[-3.3521503179743628,40.135450325964428],[-3.3521512054332168,40.135622253354107],[-3.3521548354989452,40.136325490484964],[-3.3521572714334003,40.136797379747932],[-3.3521579350868009,40.136925940758346],[-3.3521620733988526,40.137727583844274],[-3.3521999751964766,40.145068138566174],[-3.352203789888736,40.145806791669848],[-3.352222644123358,40.149457205385538],[-3.352224821406232,40.149878711283371],[-3.3522340122061527,40.151657884059397],[-3.3522410130729399,40.153013018752716],[-3.3522493887686737,40.15463415345188],[-3.3522503293120085,40.154816189485892],[-3.352251415506426,40.155026413268558],[-3.3522613709895031,40.15695310984497],[-3.3522784225008841,40.160252676451641],[-3.3522861301484115,40.161743971739305],[-3.3522920678858497,40.162892744188646],[-3.3522968897138057,40.163825573195304],[-3.3523285410527852,40.169947745007285],[-3.3523434711047218,40.172834942797294],[-3.3523502153362976,40.174139016097833],[-3.3523533193179937,40.174739177308091],[-3.3523561649070803,40.175289361891608],[-3.3523656977385063,40.177132390407074],[-3.3523900734953629,40.181844298291153],[-3.3523952080095003,40.182836673374432],[-3.3524187734255819,40.187390653629336],[-3.3524366968963384,40.190853639676099],[-3.3524490588569278,40.193241737950871],[-3.3524560433659296,40.194590887139775],[-3.3524571738868336,40.194809253433249],[-3.3524833413182691,40.199862966951436],[-3.3566983598787892,40.199850055978942],[-3.3573154260985327,40.19984815297201],[-3.3622787936819858,40.19983272651568],[-3.3631216065658567,40.19983008586415],[-3.3642325650757057,40.199826595699328],[-3.3664454944578677,40.199819611834521],[-3.3670403283868908,40.199817727362479],[-3.373325433570761,40.199797628975723],[-3.3743474777757467,40.199794328445314],[-3.3759817671005949,40.199789032014976],[-3.3791875061933454,40.19977857578823],[-3.3807546613413408,40.199773431857594],[-3.3877309466919727,40.199750275904918],[-3.3941061145634834,40.199728747555653],[-3.3961342001930266,40.199721825287313],[-3.3994801031489108,40.199710327375946],[-3.4021336114189964,40.199701140058991],[-3.4024398693077225,40.199700075778381],[-3.4025756446763151,40.199699603684479],[-3.405354564333928,40.199689906335237],[-3.4091270144771353,40.199676635200319],[-3.409503659315237,40.199675303448259],[-3.4096832423209698,40.199674668041851],[-3.4112292357704188,40.19966918643501],[-3.413373733025626,40.199661548537684],[-3.4135792753539431,40.199660814386384],[-3.4144892979305954,40.199657559604098],[-3.4163717735563028,40.199650804045149],[-3.4198292387366385,40.199638316643146],[-3.4229783438555792,40.19962685308932],[-3.427312570746329,40.199610935292043],[-3.434727426703474,40.199583327346261],[-3.4411767209068835,40.199558928295453],[-3.4417996081906255,40.19955655275303],[-3.4441529899777659,40.199547547266491],[-3.4442852340999144,40.199547039799313],[-3.4458855190762683,40.199540886967839],[-3.4464764836131785,40.199538609213455],[-3.4574921922800996,40.199495599118379],[-3.458225513883793,40.199492698698677],[-3.4587385619522739,40.199490666738669],[-3.4699745168144154,40.199445595809962],[-3.4699123259049731,40.190436400768881],[-3.46988709262954,40.186779856792967],[-3.4698858618811887,40.186601492365277],[-3.4698579213481264,40.182551821168616],[-3.4698561204605767,40.182290774192332],[-3.4698501630284548,40.18142719248452],[-3.4698031855096603,40.174616079704634],[-3.4698000598004159,40.174162810965271],[-3.4697880281520597,40.172417968254919],[-3.4697401512509649,40.165473293549638],[-3.4697353634782662,40.164778680919014],[-3.4697259464339045,40.163412380398704],[-3.4697259212802831,40.163408730783573],[-3.4697187746038809,40.162371770765283],[-3.4697126958895095,40.161489726158131],[-3.4697120787638065,40.161400176684239],[-3.4697079041119321,40.160794393452974],[-3.4696797029521824,40.156701643940359],[-3.4696768009669254,40.15628043982867],[-3.4696638423927739,40.154399479170323],[-3.4696576017371146,40.153493573264463],[-3.4696505399707482,40.152468423623127],[-3.4696473152765073,40.152000280403527],[-3.4696422638649369,40.151266922382462],[-3.4696356583758572,40.15030790447436],[-3.4696299444692071,40.149478293717614],[-3.4696193635882056,40.147941948363339],[-3.4696165780587762,40.147537469411759],[-3.4696017914754078,40.145390213415986],[-3.4695861507745103,40.143118673563336],[-3.4695732223622779,40.141240850944619],[-3.4695692645005582,40.140665945100139],[-3.4695665220963017,40.140267582838739],[-3.4695576583331538,40.138979976124915],[-3.4695558609882609,40.138718872205324],[-3.4695397685140668,40.136380933521295],[-3.4695370587307224,40.135987225161585],[-3.4695306727048889,40.135059359416253],[-3.4695247548027619,40.134199471723498],[-3.4695139387256644,40.132627769636329],[-3.4694777734946456,40.127371639487059],[-3.4694601288850406,40.124806729334345],[-3.4694385134407382,40.121664148414851],[-3.4694265205806438,40.119920341799563],[-3.4694244730746986,40.119622611542113],[-3.4694158064030507,40.11836233131401],[-3.4694149991204277,40.11824493474694],[-3.4694133843021451,40.118010102740115],[-3.4693993010052293,40.115961947618075],[-3.4693538672251969,40.10935300900298],[-3.4638213730300387,40.109375296457721],[-3.4625528258516551,40.109380369509211],[-3.4614401396434697,40.109384807818131],[-3.4597295087516726,40.109391610372867],[-3.45762037872138,40.109399962833237],[-3.4458868630152519,40.109445728062667],[-3.443713714165018,40.109454073712705],[-3.440881026127268,40.109464891007484],[-3.4402549069451589,40.109467272643748],[-3.440105131761475,40.109467841857892],[-3.4398069656525694,40.109468974448781],[-3.4395389900852718,40.109469991705232],[-3.4353919976041798,40.109485654976481],[-3.4348545240146691,40.109487674155289],[-3.4341533208041857,40.109490304683291],[-3.4340158980412498,40.109490819720243],[-3.4303191646471727,40.109504613253605],[-3.4252677184549722,40.109523270819885],[-3.4252501519495686,40.109523335317533],[-3.42501813760239,40.109524186937612],[-3.4242638128130829,40.109526952511906],[-3.422419752785554,40.109533692687336],[-3.420244784037036,40.10954160462213],[-3.4187762867432676,40.109546923511125],[-3.4159061269763669,40.109557265455187],[-3.4154431227465771,40.109558927119416],[-3.4121411699171049,40.109570723746614],[-3.4114049680617975,40.109573341082964],[-3.4106861596567497,40.109575892067234],[-3.3989525421151643,40.109616902815645],[-3.3948133916436789,40.109631086137711],[-3.3872189008581799,40.109656724925408],[-3.3787498121863502,40.109684729026917],[-3.3754852365832648,40.109695358389565],[-3.3637515499878119,40.109732803201389],[-3.3520178417692583,40.109769059354363]]]},"properties":{"FID":38,"Malla10km_":"30TVK64","Sheet1__Ur":" ","Sheet1__CU":" ","Sheet1__Ob":0}},{"type":"Feature","id":39,"geometry":{"type":"Polygon","coordinates":[[[-3.2346797237534415,40.110066243358609],[-3.2346969279001345,40.115071480080964],[-3.2346976166163106,40.115271823483177],[-3.2347106947499125,40.119075791827733],[-3.2347263354750879,40.123624174436493],[-3.2347294356266256,40.124525587067602],[-3.2347294420449244,40.124527453235721],[-3.2347390592394407,40.127323528007388],[-3.2347416797043005,40.128085326217807],[-3.2347726786205482,40.137094845627132],[-3.2347731586320467,40.13723432405677],[-3.2347814544751636,40.139644718673424],[-3.2347856611080927,40.140866863420243],[-3.2347878263887089,40.141495908892068],[-3.2347913224022875,40.142511509701521],[-3.234794460961492,40.143423225010395],[-3.2347984621522516,40.144585464359174],[-3.2348029907837765,40.145900829412852],[-3.2348036915150042,40.14610435275781],[-3.2348193108075769,40.150640346648373],[-3.2348205043587077,40.150986922990207],[-3.234834718385422,40.155113844906253],[-3.2348363177160193,40.155578143456964],[-3.2348425231965003,40.157379541970528],[-3.2348580075924263,40.161873820973184],[-3.2348621507283064,40.163076176337967],[-3.234865759241961,40.164123322972685],[-3.2348968140916834,40.173132786956344],[-3.234927882941661,40.182142236856521],[-3.2349589657989664,40.191151672672454],[-3.2349637138907323,40.192527558974163],[-3.2349711294463104,40.194676223981077],[-3.2349721182216196,40.194962705150751],[-3.2349728912665201,40.195186679159036],[-3.2349738798525673,40.195473098152966],[-3.2349753355427051,40.195894841807501],[-3.23499006267068,40.200161094403448],[-3.2397060491497252,40.200151425263613],[-3.2397843996066302,40.200151263000002],[-3.2414481136127637,40.200147804933799],[-3.2455790974729295,40.20013911520067],[-3.2467066346012934,40.200136717760053],[-3.2467394651990671,40.200136647789023],[-3.2472460242329224,40.200135566992273],[-3.2482069395754234,40.200133510688175],[-3.2493703249189436,40.200131010435399],[-3.2496830604662579,40.200130336335796],[-3.249961523565903,40.200129735399209],[-3.2509743191015854,40.200127544089739],[-3.2537127899388714,40.200121574696432],[-3.2541096633012381,40.20012070420654],[-3.2545140165375726,40.200119815911158],[-3.254822660200027,40.200119136922986],[-3.2568525422183217,40.200114650862893],[-3.258488853004927,40.200111008688182],[-3.2641558689234693,40.200098216023449],[-3.2683307008983338,40.200088614331627],[-3.270238225387224,40.200084177105389],[-3.2756500350072688,40.200071417228337],[-3.2760878528855955,40.200070373886618],[-3.2776487872473243,40.200066640626936],[-3.2805592552512826,40.200059623501225],[-3.2819875816449371,40.20005615304536],[-3.2918874443609063,40.200031614603326],[-3.2937369210770417,40.200026936512948],[-3.2947179756202138,40.200024443026777],[-3.2960393156059382,40.200021071517796],[-3.2965212936808963,40.200019837956525],[-3.2977361836485044,40.200016719696769],[-3.2992784869959171,40.200012742697432],[-3.2997648014952605,40.20001148442072],[-3.3041057632907735,40.20000016222631],[-3.3044460280406032,40.199999267860179],[-3.3046758906203055,40.199998663113725],[-3.3049509990314903,40.199997938729751],[-3.3053337123734612,40.199996929925419],[-3.3054862429825307,40.199996527513271],[-3.3056126620446586,40.199996193837315],[-3.3130953421856399,40.199976197803991],[-3.3133402842710704,40.199975535067523],[-3.3144271958304263,40.1999725879731],[-3.3146150029153776,40.199972077711593],[-3.3172355466603918,40.199964926051678],[-3.3289848314096311,40.199932132133632],[-3.329311806447405,40.199931202444859],[-3.3296571965165906,40.199930219393515],[-3.3306058530409945,40.19992751401913],[-3.3312183554425707,40.199925763157424],[-3.3355170550199689,40.199913383971982],[-3.3371871579465791,40.199908531434417],[-3.3407340965292489,40.199898145764905],[-3.3419486723129115,40.199894564427893],[-3.3421211167494418,40.199894054919611],[-3.3423519174933904,40.199893372588448],[-3.3428351429098777,40.199891942507627],[-3.3454197052395998,40.199884259381072],[-3.3466210570410264,40.199880668478485],[-3.34741769551575,40.19987828041009],[-3.3524833413182691,40.199862966951436],[-3.3524571738868336,40.194809253433249],[-3.3524560433659296,40.194590887139775],[-3.3524490588569278,40.193241737950871],[-3.3524366968963384,40.190853639676099],[-3.3524187734255819,40.187390653629336],[-3.3523952080095003,40.182836673374432],[-3.3523900734953629,40.181844298291153],[-3.3523656977385063,40.177132390407074],[-3.3523561649070803,40.175289361891608],[-3.3523533193179937,40.174739177308091],[-3.3523502153362976,40.174139016097833],[-3.3523434711047218,40.172834942797294],[-3.3523285410527852,40.169947745007285],[-3.3522968897138057,40.163825573195304],[-3.3522920678858497,40.162892744188646],[-3.3522861301484115,40.161743971739305],[-3.3522784225008841,40.160252676451641],[-3.3522613709895031,40.15695310984497],[-3.352251415506426,40.155026413268558],[-3.3522503293120085,40.154816189485892],[-3.3522493887686737,40.15463415345188],[-3.3522410130729399,40.153013018752716],[-3.3522340122061527,40.151657884059397],[-3.352224821406232,40.149878711283371],[-3.352222644123358,40.149457205385538],[-3.352203789888736,40.145806791669848],[-3.3521999751964766,40.145068138566174],[-3.3521620733988526,40.137727583844274],[-3.3521579350868009,40.136925940758346],[-3.3521572714334003,40.136797379747932],[-3.3521548354989452,40.136325490484964],[-3.3521512054332168,40.135622253354107],[-3.3521503179743628,40.135450325964428],[-3.352146733140593,40.134755821074798],[-3.3521455949551817,40.134535310575451],[-3.3521329404711957,40.132083483579493],[-3.3521289808028891,40.131316229383025],[-3.3521222024673452,40.130002741093676],[-3.3521107739354221,40.127787953720862],[-3.3521030050650125,40.126282248290956],[-3.3520937744606987,40.124493092406617],[-3.352088443207093,40.123459669345188],[-3.3520642973888766,40.118778514490387],[-3.3520178417692583,40.109769059354363],[-3.3403417663532089,40.109803957443965],[-3.3402841126250395,40.109804126842157],[-3.3347943140710021,40.10982012549735],[-3.3286599653099009,40.10983769470495],[-3.3285503632526052,40.109838005658638],[-3.3277749889323776,40.109840202522918],[-3.3241062475241345,40.109850526764681],[-3.3198349527824251,40.109862400250883],[-3.3187364008090667,40.109865428575887],[-3.3168165943494081,40.109870695797952],[-3.3111770670004899,40.109885984488706],[-3.3101170815816179,40.109888827439967],[-3.3070636187200928,40.109896962807824],[-3.3066028364675946,40.109898183483558],[-3.3053097892167078,40.109901599154092],[-3.3050828066129161,40.109902197254328],[-3.3046478951001252,40.109903342005531],[-3.3037664695490925,40.109905657038716],[-3.2933490007405908,40.109932510022311],[-3.290989059363234,40.109938463041452],[-3.2888982679535883,40.109943696950459],[-3.2816151774299174,40.109961634096621],[-3.2793953388877366,40.109967010155984],[-3.2781627508478728,40.109969976897474],[-3.2777260796258934,40.109971024783697],[-3.2756650637524838,40.109975948410586],[-3.2738768471118553,40.109980190623986],[-3.273316934882545,40.109981513236555],[-3.2724822216934455,40.109983479952611],[-3.2719665357540113,40.10998469198384],[-3.2705571920121317,40.109987992692268],[-3.2701884830685515,40.109988853385154],[-3.2698813373783708,40.109989569472191],[-3.2650769665222175,40.110000664486954],[-3.2593345950006536,40.110013664233321],[-3.2584114502298922,40.110015727511964],[-3.258147481283447,40.110016316144097],[-3.2569448211245882,40.110018990377078],[-3.2504121305444,40.110033298309851],[-3.2466469772522526,40.11004137738783],[-3.2464136098426351,40.110041874107736],[-3.2461361191345883,40.110042464131617],[-3.2445955701908247,40.110045727684501],[-3.2426473265737035,40.110049825569796],[-3.2346797237534415,40.110066243358609]]]},"properties":{"FID":39,"Malla10km_":"30TVK74","Sheet1__Ur":" ","Sheet1__CU":" ","Sheet1__Ob":0}},{"type":"Feature","id":40,"geometry":{"type":"Polygon","coordinates":[[[-3.1173402106541155,40.110244555833951],[-3.117347432618963,40.114446820415338],[-3.1173484860258269,40.115059695120159],[-3.1173556963283029,40.119254160844555],[-3.1173693281920523,40.127181844282475],[-3.1173711889815792,40.128263751790854],[-3.117373868107129,40.129821356251966],[-3.1173743605696953,40.130107653547419],[-3.1173752999740847,40.130653772859851],[-3.1173778740396143,40.132150119764027],[-3.1173803325713969,40.133579200074308],[-3.1173852053575981,40.136411320556107],[-3.1173866626456737,40.137258235281493],[-3.1173866886174668,40.137273328672102],[-3.1174021952394892,40.146282891487552],[-3.1174052877702172,40.148079207619446],[-3.1174157242537461,40.154140110125162],[-3.1174176945366909,40.155284128960574],[-3.117417708851173,40.155292440236494],[-3.117419444716262,40.156300292579033],[-3.1174197031387809,40.156450329683004],[-3.1174224496623038,40.158044859436274],[-3.1174247113576299,40.159357820095288],[-3.1174256742289201,40.159916760425034],[-3.1174268761101764,40.160614422433497],[-3.1174303200485367,40.162613407214742],[-3.1174332294560503,40.164301974918189],[-3.1174395503275423,40.167970001663569],[-3.1174445685668815,40.170881624931468],[-3.1174487570560956,40.173311494630966],[-3.1174642916595072,40.182321002076925],[-3.117467765746424,40.184335289243414],[-3.1174682200619279,40.184598687826025],[-3.1174798332636069,40.191330493651563],[-3.1174953818781517,40.200339972957948],[-3.1292448930740262,40.200327451408285],[-3.1304780424516725,40.2003260680831],[-3.1326444264822007,40.200323606062497],[-3.1356613176981427,40.200320109929443],[-3.1407564272389399,40.200314026929512],[-3.140994396557947,40.200313737338845],[-3.1437149586367616,40.200310391856185],[-3.143808233135458,40.20031027602267],[-3.1504717569627094,40.200301806418004],[-3.1520932229025869,40.200299687447156],[-3.1527438916288344,40.200298830752054],[-3.1565291645288549,40.200293774394133],[-3.1578264914329384,40.200292012948438],[-3.1644933775856199,40.200282731650525],[-3.1762428537272389,40.200265440037015],[-3.1879923193526465,40.200246955914622],[-3.1997417737607314,40.200227279286494],[-3.2114912162504687,40.200206410156142],[-3.2232406461207974,40.200184348527159],[-3.23499006267068,40.200161094403448],[-3.2349753355427051,40.195894841807501],[-3.2349738798525673,40.195473098152966],[-3.2349728912665201,40.195186679159036],[-3.2349721182216196,40.194962705150751],[-3.2349711294463104,40.194676223981077],[-3.2349637138907323,40.192527558974163],[-3.2349589657989664,40.191151672672454],[-3.234927882941661,40.182142236856521],[-3.2348968140916834,40.173132786956344],[-3.234865759241961,40.164123322972685],[-3.2348621507283064,40.163076176337967],[-3.2348580075924263,40.161873820973184],[-3.2348425231965003,40.157379541970528],[-3.2348363177160193,40.155578143456964],[-3.234834718385422,40.155113844906253],[-3.2348205043587077,40.150986922990207],[-3.2348193108075769,40.150640346648373],[-3.2348036915150042,40.14610435275781],[-3.2348029907837765,40.145900829412852],[-3.2347984621522516,40.144585464359174],[-3.234794460961492,40.143423225010395],[-3.2347913224022875,40.142511509701521],[-3.2347878263887089,40.141495908892068],[-3.2347856611080927,40.140866863420243],[-3.2347814544751636,40.139644718673424],[-3.2347731586320467,40.13723432405677],[-3.2347726786205482,40.137094845627132],[-3.2347416797043005,40.128085326217807],[-3.2347390592394407,40.127323528007388],[-3.2347294420449244,40.124527453235721],[-3.2347294356266256,40.124525587067602],[-3.2347263354750879,40.123624174436493],[-3.2347106947499125,40.119075791827733],[-3.2346976166163106,40.115271823483177],[-3.2346969279001345,40.115071480080964],[-3.2346797237534415,40.110066243358609],[-3.2241011434764828,40.11008719429708],[-3.222945823713367,40.110089423892511],[-3.2229096225617622,40.110089493569127],[-3.2221292244665052,40.110090992856257],[-3.2215213545886381,40.110092157042239],[-3.2192161330680142,40.110096542988607],[-3.2147148101909595,40.110104975004141],[-3.2138244074826865,40.11010662220901],[-3.2127213953207465,40.110108653239905],[-3.2112119104199293,40.110111415705347],[-3.2110646064004293,40.110111684228684],[-3.2053316585523959,40.110121989402082],[-3.2045939214720023,40.110123294902671],[-3.2040591583562419,40.110124238282651],[-3.2030043583885726,40.110126091825848],[-3.2024627191811565,40.110127039886464],[-3.1994779845706387,40.110132218793304],[-3.1984144889936705,40.11013404551241],[-3.1902993124404673,40.110147663039115],[-3.1899844884760387,40.11014817986689],[-3.1877440468630227,40.110151833152756],[-3.1859710598833808,40.11015469348451],[-3.1855945874115723,40.110155297348271],[-3.1796459683427685,40.110164676537721],[-3.1760100979945771,40.110170258780315],[-3.1642761386628826,40.110187495672719],[-3.1525421695654523,40.110203543826977],[-3.1513589054058531,40.110205096155909],[-3.1492481477886098,40.110207835252368],[-3.1425614464571354,40.110216258532503],[-3.1418968099134763,40.110217074687185],[-3.1408081913998207,40.110218403240282],[-3.1334813327249642,40.11022707878405],[-3.1331705130642455,40.110227436569524],[-3.1321065248229147,40.110228655015057],[-3.1319769766530348,40.110228802702018],[-3.1290742048635254,40.110232073910069],[-3.1275293874197194,40.110233785144409],[-3.1274879263798949,40.110233830787976],[-3.1270721209905523,40.110234287718249],[-3.1249959715867961,40.110236546873367],[-3.1173402106541155,40.110244555833951]]]},"properties":{"FID":40,"Malla10km_":"30TVK84","Sheet1__Ur":" ","Sheet1__CU":" ","Sheet1__Ob":0}},{"type":"Feature","id":41,"geometry":{"type":"MultiPolygon","coordinates":[[[[-3.7014904550175958,40.018083798076923],[-3.7014079448976043,40.018084297519614],[-3.7013230655242073,40.018084811242353],[-3.6978225526855413,40.018105943540881],[-3.6961022329230264,40.018116290209591],[-3.6946335923895806,40.018125102972839],[-3.6938678108111769,40.018129690758691],[-3.6913727748261151,40.018144603375085],[-3.6867797728877787,40.018171914876994],[-3.6868898755012647,40.018327046546574],[-3.6870142549133376,40.01853781641497],[-3.6870663936410666,40.01870418871583],[-3.6870298697146104,40.018917938709187],[-3.6868797676327878,40.019096752184637],[-3.6866501674701855,40.019315497056361],[-3.6865452573273281,40.019438865345087],[-3.6864826445577168,40.019539593071563],[-3.6863884269441143,40.019691163875194],[-3.686360142361178,40.019793146858547],[-3.686436606752395,40.020117741695778],[-3.6864569071458999,40.020561100229976],[-3.6864134355877396,40.020782994410588],[-3.6864700160009951,40.021049345093942],[-3.6865671532497699,40.021387536307401],[-3.6866777612285082,40.021576831504845],[-3.686685192986455,40.021589550544419],[-3.6868584830353957,40.021691237209723],[-3.6871239143692565,40.021749124634461],[-3.6874894076695188,40.021719341331149],[-3.6888743735110805,40.021644531427711],[-3.6907060030102214,40.02159717718181],[-3.6916112189130068,40.021533219842347],[-3.6921531858629346,40.021440898279053],[-3.6932185900496046,40.021257825175496],[-3.6943151966489438,40.021130282748146],[-3.6947523384601264,40.021033658695792],[-3.6947906723796353,40.021024311992569],[-3.6953135991376032,40.020896808012587],[-3.6956416714232754,40.020816813623647],[-3.6965562353678187,40.020576311992649],[-3.69659579329443,40.020565805901498],[-3.6975672927516277,40.020307805951184],[-3.6981175143820058,40.020156658472857],[-3.6982378759360657,40.020123593146444],[-3.6988476840709077,40.019974999577101],[-3.6989225292372319,40.019956028837797],[-3.6992592683015153,40.019870679671307],[-3.6996649966466397,40.019645077762803],[-3.7000852678366258,40.019374947352283],[-3.7007576446910382,40.018937261234512],[-3.7015156125867956,40.018333401561286],[-3.7018465936827281,40.018081641656877],[-3.7014904550175958,40.018083798076923]]],[[[-3.5865980100916621,40.09844577049487],[-3.5866058925522593,40.099363678872315],[-3.5866097162624389,40.099808932676403],[-3.5866366760841011,40.102947999997816],[-3.5866458126305925,40.104011701782426],[-3.5866612051205027,40.105803609254011],[-3.5866871027154268,40.108818098657657],[-3.5982256320963142,40.108759077047502],[-3.5984202459784331,40.108758071705118],[-3.6004801325419802,40.10874741047239],[-3.6013484144080343,40.108742905580975],[-3.6050022217940429,40.108723877263927],[-3.6066409729218614,40.108715305523162],[-3.6080913951429352,40.108707699521965],[-3.6083994193633142,40.108496675730599],[-3.6086969523011603,40.108135379265732],[-3.6089969174751184,40.107586539108368],[-3.6090565627809168,40.107478735266952],[-3.609324862100646,40.10699379606951],[-3.6097084144907936,40.106453900363576],[-3.6101067835141674,40.106047588279473],[-3.6109502548026047,40.105398842227977],[-3.6113847139995396,40.105075102468106],[-3.6114497748316579,40.105026621892925],[-3.6120081349891588,40.104487610911313],[-3.6122172822551719,40.104203432698753],[-3.612459360899543,40.103896647985088],[-3.6126844444313093,40.103627225174108],[-3.6129522152355626,40.103263621700762],[-3.613195105481414,40.102874031521111],[-3.6133685994439184,40.102465882860301],[-3.6134803569205332,40.10184542912247],[-3.6135316513692382,40.10146535691937],[-3.6135617600846324,40.101242263179707],[-3.6136241771070332,40.100913128771388],[-3.6136984123542688,40.100521678359186],[-3.6138621254033736,40.099933330920408],[-3.6141410594551999,40.099384123403922],[-3.6143145269235855,40.099064627316714],[-3.6144422707274813,40.09882934531587],[-3.6150991096454064,40.097968411144215],[-3.6158237683694394,40.096883542127451],[-3.6160945881954438,40.096536642007266],[-3.6162926225918208,40.096121150414497],[-3.6163456588443426,40.095758683768842],[-3.6163697743199696,40.095310776514019],[-3.6163582347042316,40.095072093470755],[-3.6162579011327129,40.094742875444595],[-3.6160358299836388,40.094383545265515],[-3.6158141564808037,40.094059610204717],[-3.6155671423565328,40.093725767304974],[-3.6152012730190575,40.093350210206673],[-3.614639995590863,40.092900008604303],[-3.6142265251712664,40.092710295347672],[-3.6137851339169322,40.092499801129399],[-3.6136889399662477,40.09247005217351],[-3.6132123709730735,40.092322664060426],[-3.6127947414362755,40.092249382132835],[-3.6121990932618764,40.092280457852141],[-3.6116562962850867,40.092450006928431],[-3.6112404603339909,40.092650417060121],[-3.6107658360586727,40.092966450977599],[-3.610396887551337,40.093418554425959],[-3.6100927967617991,40.093922305697276],[-3.6099525335463798,40.094110441604329],[-3.6097188531670716,40.094346827926969],[-3.6093542327355008,40.094635248209322],[-3.6093012220983707,40.094668839045561],[-3.608900727190103,40.094922612005995],[-3.6083821889948644,40.095216062815851],[-3.607962938343789,40.095298453755319],[-3.6077611446687157,40.095296811671446],[-3.6075023971143207,40.095291410950956],[-3.6073184906511542,40.095287571447528],[-3.6071597479071489,40.09528425745011],[-3.6065166256374188,40.095224958931453],[-3.6058730169931503,40.095110824451567],[-3.6053470373041896,40.094924742953552],[-3.6048749789913321,40.094740709163531],[-3.6044859947148931,40.094554070426568],[-3.6041937938798951,40.094276856010012],[-3.6039973987258995,40.094090531676976],[-3.603732245963911,40.093667332601591],[-3.6037385449043224,40.092786160109171],[-3.6039814375254342,40.092285002249973],[-3.6042474518622427,40.091833901149961],[-3.6045258564444413,40.091565403853686],[-3.6048235984236148,40.091211343698092],[-3.6050392454205658,40.091005508262818],[-3.6056648105076032,40.090408397251174],[-3.6066576372672188,40.089278638264254],[-3.6072077162107177,40.088597497988779],[-3.6074919165618669,40.088106793205164],[-3.6076068133571035,40.087748002184199],[-3.6080295427659248,40.086427898787115],[-3.6081590515958983,40.086082546601126],[-3.6084506178354721,40.08551150903012],[-3.6089938293246062,40.08447165063783],[-3.6094663614490448,40.08353217143069],[-3.6103640620073287,40.081869687422952],[-3.6106817882883644,40.081958783558854],[-3.610859558256359,40.082008631494183],[-3.6115340503468771,40.082197765238512],[-3.6155885197421469,40.08084789337309],[-3.6169320012857762,40.080400558484314],[-3.6190026964800723,40.079900648294917],[-3.6192293515360023,40.079845926287518],[-3.6218431663350437,40.080700082907335],[-3.6233443297603207,40.081190605177305],[-3.6250084432272631,40.080652772315545],[-3.6285797829446604,40.078492129482228],[-3.6289543580542762,40.078265499076991],[-3.6289681728762391,40.078200609101692],[-3.6290001569983645,40.077797014952807],[-3.6289192595023536,40.077254815707022],[-3.6288440468067025,40.076900932754555],[-3.6286719291706717,40.076375914152052],[-3.6286341340594328,40.076291205673975],[-3.6283533896923843,40.075661989007806],[-3.6281466953684984,40.075375095853566],[-3.6279361933555014,40.075202075363762],[-3.6276691525662357,40.074968647897855],[-3.6274635501488639,40.07481296146932],[-3.6273983104556464,40.074771022888783],[-3.6270434646032754,40.074542918425365],[-3.6270424842486122,40.074542288555506],[-3.6253911285005631,40.073429814431854],[-3.6248863386998464,40.073196202330621],[-3.6245307884397424,40.073084830308005],[-3.6242144439106081,40.072985738648882],[-3.6239697876364323,40.072925920260111],[-3.6231134317047027,40.072716536368084],[-3.6224084031558101,40.072435617753001],[-3.6209708855306899,40.071432456111374],[-3.6209008948585626,40.071401314778718],[-3.6196603475615103,40.070849349214143],[-3.6188131058695494,40.070400695905874],[-3.6178409180928934,40.069880625047738],[-3.6173651019894852,40.069485637268841],[-3.6165658937430787,40.068807168254246],[-3.6170920649984031,40.068086411046984],[-3.6173598076302018,40.067719645923781],[-3.6181690404138593,40.066611099739355],[-3.6188528200000469,40.066003543182177],[-3.619811097047732,40.065356293731163],[-3.61981765719035,40.065352726866834],[-3.6213684394947903,40.064509514390529],[-3.6214527810322212,40.064463653558953],[-3.6217685024761175,40.064291980617355],[-3.6224131632822276,40.063939538911484],[-3.6225804528194092,40.063535830226407],[-3.6229478472385535,40.062649196085843],[-3.6231024541845134,40.062305622758629],[-3.6234352178705067,40.061566127184676],[-3.6235489221687196,40.061313437060306],[-3.6236160804410935,40.061243265483064],[-3.6242353654280013,40.060596184348363],[-3.6234950552840743,40.060091401440772],[-3.62246556031584,40.059389412958232],[-3.6221569025340208,40.059170427156531],[-3.6215600808205757,40.058746985534164],[-3.6214805571234212,40.05870547056908],[-3.6203718922587926,40.058126672790671],[-3.6200616733396287,40.057966663965509],[-3.6199331253385152,40.057900359946267],[-3.6195282603547025,40.057691531109491],[-3.6201276657587185,40.057003551612127],[-3.6201909680259763,40.056930895231879],[-3.6203845129964334,40.056708746655772],[-3.6207027588484371,40.056362629440464],[-3.6212224480791813,40.056264338441309],[-3.6212418556263297,40.056076836016643],[-3.6213297318015516,40.05583415997264],[-3.6213739726308263,40.055653751852965],[-3.6215291110070451,40.055375302550821],[-3.6215724381271968,40.055297535986234],[-3.6218062081343918,40.054981660087364],[-3.6221646221162631,40.054662786340465],[-3.6225946064302028,40.054372157684114],[-3.6232148843007081,40.054073235909755],[-3.6236718096054101,40.053874940333102],[-3.6242101200414121,40.05366053676579],[-3.6247286881639122,40.053516737477665],[-3.6251967141757047,40.053420210033387],[-3.6256815493111421,40.053338340485617],[-3.6261397707166805,40.053316045642312],[-3.6266781563561237,40.053342864748444],[-3.6275138685051029,40.053447356064289],[-3.6282251262659244,40.053530890439426],[-3.6287994290669454,40.053638592445509],[-3.6293349332087725,40.053733889782372],[-3.62983526901436,40.053829367718862],[-3.6300362224650207,40.053853086718838],[-3.6301709536221702,40.053868988445743],[-3.6305778072032151,40.053841459559798],[-3.6308349788557805,40.053787894759274],[-3.6311929026482268,40.053665770491733],[-3.6343970953682461,40.051826978816877],[-3.6352180028346064,40.051441248580097],[-3.6358440266385079,40.051219777179107],[-3.636299236189914,40.051093855216379],[-3.6368106708085355,40.051034294584099],[-3.6372079011309655,40.050975338226941],[-3.6375335005306635,40.050936316565867],[-3.6379305815677654,40.050887129493738],[-3.6380463402573664,40.050873544333015],[-3.6384422080076932,40.050827087601895],[-3.6389365085816761,40.050654080803838],[-3.639321895016864,40.050367245274302],[-3.6396574529449182,40.05002032537007],[-3.6398332897938692,40.049729677824821],[-3.6398756647887458,40.049659633607291],[-3.640024743342325,40.049191370867966],[-3.640049381937525,40.048556719942525],[-3.6400552475330414,40.048094510658856],[-3.6399684295061521,40.04753097475367],[-3.6397932859967086,40.046868906130612],[-3.6394628847632933,40.046263476386464],[-3.639035431037061,40.045808143571556],[-3.6386519685905268,40.045417443233255],[-3.6379466202007755,40.044957064315049],[-3.6375977059989806,40.044749325267553],[-3.6367272150075172,40.044258757034761],[-3.6365331963221443,40.044157092500008],[-3.6360614669060678,40.04390990531153],[-3.6355898710608789,40.043642272582225],[-3.6354185335802085,40.043481461401079],[-3.6353291944635195,40.043343680386279],[-3.6352720281040556,40.043120552085156],[-3.6353350170408731,40.042911664196218],[-3.6353682820230584,40.042801347955169],[-3.6354778992702959,40.042557734295777],[-3.6354858516895523,40.042540060616581],[-3.635488341127131,40.042535980011408],[-3.6356948406017349,40.04219744433437],[-3.635817407356384,40.042019299917378],[-3.6360880880777531,40.04162587775069],[-3.6364275444301013,40.041321287955277],[-3.6367131263254553,40.041086829655512],[-3.6368056182443795,40.041010894439275],[-3.6368230679858415,40.04099656780518],[-3.6368425164355536,40.040986662926812],[-3.637094911794164,40.04085812323676],[-3.6375979988516893,40.040630117587],[-3.638324199571815,40.04031799030637],[-3.6387749853227067,40.040263239284918],[-3.6392831722734673,40.040204583985449],[-3.6400347607848751,40.04022655463443],[-3.6406592588780908,40.040321309330537],[-3.6412302794862654,40.040463205853868],[-3.6416582286628172,40.040598684237374],[-3.641985663671139,40.040703920338586],[-3.6427081786205986,40.040936126910452],[-3.6428859382342145,40.041011272213801],[-3.6433780214942408,40.04121929255458],[-3.6434802148869703,40.041262492986426],[-3.6441222408906908,40.041599507125518],[-3.6444172300274196,40.041804168661891],[-3.6445686514931679,40.041836344022968],[-3.6452673753084195,40.041984809686404],[-3.6456301816424634,40.04202085795572],[-3.6460217063250275,40.041996272283704],[-3.6467642020373194,40.041835457887593],[-3.6473425944629483,40.041565886775651],[-3.6478141994212017,40.041170766830469],[-3.6482015263002769,40.04078556396906],[-3.6484590724701209,40.040444578424875],[-3.6487195925306932,40.039980922013257],[-3.6489418782385128,40.039564338271795],[-3.6490836401975231,40.039229584775242],[-3.6492264916953419,40.038799623707959],[-3.6492450514077999,40.038620382812674],[-3.6492599406796118,40.038476577576759],[-3.6492862802012218,40.038059600686381],[-3.6492866153500541,40.037724429283543],[-3.6493201355777183,40.037301210757271],[-3.649283023716031,40.037089420899406],[-3.6492447125794634,40.036870788609576],[-3.6491049481528761,40.036103875115913],[-3.648950084511315,40.035239655231955],[-3.6488597001415854,40.034484251968195],[-3.6488626157962338,40.034173403670628],[-3.6488881887646438,40.033828283708679],[-3.6488895542277322,40.033809855834207],[-3.6491244267734686,40.032860127792311],[-3.6492748929369654,40.032535839214482],[-3.6495535036872586,40.032253167606946],[-3.6496296300290409,40.032202563387564],[-3.6498714699976298,40.032041804031024],[-3.6503209110264794,40.031852434928844],[-3.6506598013183198,40.031746922376314],[-3.6511467196116549,40.031678413125341],[-3.6514628071793269,40.031639697785828],[-3.6521096938676494,40.031653215249499],[-3.6527011587576652,40.031696885767431],[-3.6531509303253822,40.031801378839887],[-3.6536972667998677,40.031939744101045],[-3.6537596670605432,40.031958213215191],[-3.6540945346023448,40.032057333299377],[-3.6546462732211573,40.032270449976011],[-3.6549705200244227,40.032436096208791],[-3.655329273619488,40.032653405013953],[-3.6553446631242323,40.032667894687471],[-3.6555248942486376,40.032837591839218],[-3.6555751073079028,40.03306254446629],[-3.6556362488249885,40.03332798494904],[-3.6557676930099432,40.033739784781162],[-3.6558764835764883,40.034179845282281],[-3.655930976212197,40.034361533479618],[-3.6559347364929957,40.034371221888918],[-3.6562097943378178,40.035079822778449],[-3.6563977948966873,40.035416555636601],[-3.6564745486363268,40.035554030533397],[-3.6565270014368112,40.035611579767014],[-3.6567825430987253,40.035891950536481],[-3.6573409029490347,40.036547385569094],[-3.657748410195266,40.036749590107682],[-3.6582529975717399,40.036930524962983],[-3.6586278635829159,40.037029300939018],[-3.6588582948647024,40.03706930099851],[-3.6590399697202947,40.037100837671034],[-3.6596075954377776,40.037131844398601],[-3.6601657643810759,40.037126942946408],[-3.6601924363897855,40.037126708992538],[-3.6608966538378773,40.037101963246791],[-3.6616370837032779,40.037063500096565],[-3.6618607494299069,40.037036506495078],[-3.6621463683776239,40.037002034520427],[-3.6622863488160764,40.036972683859915],[-3.6625321816477774,40.036921136223505],[-3.6627382786821685,40.036877920420636],[-3.6632279239295307,40.036725554246004],[-3.66364353157446,40.036553790668421],[-3.6641168852979744,40.036292501000169],[-3.664238718205143,40.036227427861611],[-3.6645005332181197,40.036087586355414],[-3.6649544350475645,40.035876853396061],[-3.6653427405535846,40.03567010550055],[-3.6657846631169431,40.035432407345958],[-3.666312584473713,40.035119449194113],[-3.6666256583791048,40.034895685115004],[-3.6667141603630489,40.034832429164979],[-3.6670340944189075,40.034586426547996],[-3.6673019579244217,40.034289367063295],[-3.6675986901291164,40.033949788095612],[-3.6678401546757891,40.03359071470264],[-3.6680638684213891,40.033093893776453],[-3.6681736393487818,40.032693227215525],[-3.6682442914849505,40.032007186671052],[-3.6681877698001584,40.031138977282723],[-3.6681503980301873,40.030552667417922],[-3.66809700644089,40.030006087798135],[-3.6680142581276054,40.029453366985642],[-3.667924024873265,40.028974580051674],[-3.6678704285331527,40.028666002104757],[-3.6677636753080467,40.028007582948646],[-3.6677247402964128,40.027768436166461],[-3.6677731902640942,40.027689770287758],[-3.6678667584593114,40.027607477445521],[-3.6680533124681407,40.027452100052486],[-3.6680996060354478,40.027400166394649],[-3.6683616879766228,40.027106149436293],[-3.6687831443221048,40.0265802514811],[-3.6697402599556144,40.025703493566375],[-3.6706987419799479,40.024968156949818],[-3.6711321199564964,40.024705265100877],[-3.6714948704789467,40.024543164711801],[-3.6718750275955663,40.024381849714139],[-3.6721521272112367,40.024231638359623],[-3.6726811611087626,40.023944853511388],[-3.6741235489213686,40.023106696418722],[-3.674619472780694,40.022771352167233],[-3.6746625196459908,40.022742193163396],[-3.6754277147871961,40.022223870641],[-3.6754609231379822,40.022201375467318],[-3.6754723239832625,40.022192664244123],[-3.6759193928237188,40.021851090599633],[-3.676230144490336,40.021515922007325],[-3.6764306663196717,40.021349692907897],[-3.6765786166462116,40.021163564449651],[-3.6766621320028601,40.02105849898291],[-3.6768829413592976,40.02072035622583],[-3.6770476681770825,40.020451406058001],[-3.6772995280634202,40.020040191099888],[-3.6774337583466785,40.019753609202283],[-3.6777933926090958,40.019030817068057],[-3.6780427370201476,40.018488843470969],[-3.67816048966308,40.018222676577139],[-3.6773773018960259,40.018227257243659],[-3.6761307404772374,40.018234537147222],[-3.6736691832818096,40.018248873225133],[-3.6679379390864151,40.018282049308056],[-3.6562204615399052,40.018348995291397],[-3.6448708963417031,40.018412709599268],[-3.6445029451338069,40.018414756603725],[-3.6440227705921653,40.018417426177344],[-3.6411673430651321,40.0184332600858],[-3.6374464150120844,40.018453787777567],[-3.6368014665568387,40.018457333692453],[-3.6330251952395232,40.018478023522242],[-3.6327853905617791,40.01847933323355],[-3.6321577503082798,40.018482758788814],[-3.6303008202988916,40.018492873693681],[-3.6283639758004065,40.018503392195626],[-3.6279213358875593,40.018505791513881],[-3.6235628952539591,40.018529326037964],[-3.6210677985174908,40.018542725169667],[-3.614212924088239,40.018579260558838],[-3.6093501696946055,40.018604932401061],[-3.6042619698199423,40.018631575958118],[-3.6039759136682483,40.018633067212605],[-3.6033368474421232,40.018636396211591],[-3.5976325047868767,40.018665954916877],[-3.5972892679401371,40.018667724541416],[-3.5927500578681331,40.018691031695987],[-3.5922296207493845,40.018693692584804],[-3.5904165130371926,40.018702944378433],[-3.5859148044879854,40.018725792706505],[-3.5859267549736034,40.020122980384073],[-3.5859373078406627,40.021356684481241],[-3.5859589867587007,40.02389086242249],[-3.5859669561373178,40.024822369625397],[-3.5859677879149485,40.024919590111693],[-3.5859918778845197,40.027735087185022],[-3.5860310547635637,40.032313006535759],[-3.5860312822826654,40.032339589659657],[-3.5860353837622121,40.032818796702649],[-3.586068985995948,40.036744367489412],[-3.5861240682985911,40.043177669191486],[-3.5861259937150138,40.04340250940129],[-3.5861276908271984,40.043600687315873],[-3.5861342988302116,40.044372308906077],[-3.5861461288474628,40.045753634519762],[-3.5862233064411209,40.054762886473483],[-3.5862313022571004,40.055696037608094],[-3.5862534288266215,40.058278089651473],[-3.5862564086916469,40.058625798371736],[-3.5862565574435057,40.058643155481739],[-3.5863005187944093,40.0637721233497],[-3.586377765940286,40.072781346949462],[-3.5863930780979896,40.074566698396431],[-3.5864071332577527,40.076205346914733],[-3.5864305041660791,40.078929792131397],[-3.5864320375904515,40.079108536850462],[-3.5864448833362936,40.080605847530208],[-3.586455047888554,40.081790556371033],[-3.5865323646644884,40.090799752514549],[-3.5865980100916621,40.09844577049487]]]]},"properties":{"FID":41,"Malla10km_":"30TVK43","Sheet1__Ur":" ","Sheet1__CU":" ","Sheet1__Ob":0}},{"type":"Feature","id":42,"geometry":{"type":"Polygon","coordinates":[[[-3.4688860955231022,40.041181743908965],[-3.4688878763201663,40.041441713091501],[-3.4689210733840827,40.04628735702682],[-3.4689828175592328,40.055296778282084],[-3.4690196296882441,40.060666295079031],[-3.4690302630099579,40.062217030969848],[-3.4690395469735238,40.063570881347282],[-3.4690445895498261,40.064306185404831],[-3.4690460344637151,40.064516876482315],[-3.469051227932312,40.065274147164651],[-3.4690679650166136,40.067714421221559],[-3.4691063893698715,40.073315578394237],[-3.4691232784361943,40.075777016943604],[-3.4691293955777751,40.076668463601145],[-3.4691314457407185,40.076967223456833],[-3.469143862320506,40.07877653301793],[-3.4691475440642137,40.079312994927463],[-3.4691682170333955,40.082324957249526],[-3.4691746023989083,40.083255185425379],[-3.469195568397633,40.086309233525057],[-3.4692199941522746,40.089866662787742],[-3.4692300725544274,40.091334321969953],[-3.4692919559408208,40.100343671653768],[-3.469337336110299,40.106947797787043],[-3.4693470207156385,40.108356904415608],[-3.4693538672251969,40.10935300900298],[-3.4810873278293522,40.109304866580082],[-3.4928207598364902,40.109255535572942],[-3.5045541625492818,40.109205015990142],[-3.5162875352703975,40.109153307840529],[-3.5280208773025286,40.109100411133078],[-3.5397541879483643,40.109046325877031],[-3.5447253486085986,40.109023052575012],[-3.5493645615933187,40.10900114086138],[-3.5504192136042367,40.108996133653555],[-3.5505232501598289,40.108995639195186],[-3.5514874665106206,40.108991052081812],[-3.5557598619109609,40.108970630219666],[-3.5585423013294344,40.108957245536907],[-3.5616487000120873,40.108942223501749],[-3.5632207122920136,40.108934589757084],[-3.5725709260479439,40.108888743910015],[-3.5749539245952837,40.108876938912651],[-3.5843525136011185,40.108829901024578],[-3.5866871027154268,40.108818098657657],[-3.5866612051205027,40.105803609254011],[-3.5866458126305925,40.104011701782426],[-3.5866366760841011,40.102947999997816],[-3.5866097162624389,40.099808932676403],[-3.5866058925522593,40.099363678872315],[-3.5865980100916621,40.09844577049487],[-3.5865323646644884,40.090799752514549],[-3.586455047888554,40.081790556371033],[-3.5864448833362936,40.080605847530208],[-3.5864320375904515,40.079108536850462],[-3.5864305041660791,40.078929792131397],[-3.5864071332577527,40.076205346914733],[-3.5863930780979896,40.074566698396431],[-3.586377765940286,40.072781346949462],[-3.5863005187944093,40.0637721233497],[-3.5862565574435057,40.058643155481739],[-3.5862564086916469,40.058625798371736],[-3.5862534288266215,40.058278089651473],[-3.5862313022571004,40.055696037608094],[-3.5862233064411209,40.054762886473483],[-3.5861461288474628,40.045753634519762],[-3.5861342988302116,40.044372308906077],[-3.5861276908271984,40.043600687315873],[-3.5861259937150138,40.04340250940129],[-3.5861240682985911,40.043177669191486],[-3.586068985995948,40.036744367489412],[-3.5860353837622121,40.032818796702649],[-3.5860312822826654,40.032339589659657],[-3.5860310547635637,40.032313006535759],[-3.5859918778845197,40.027735087185022],[-3.5859677879149485,40.024919590111693],[-3.5859669561373178,40.024822369625397],[-3.5859589867587007,40.02389086242249],[-3.5859373078406627,40.021356684481241],[-3.5859267549736034,40.020122980384073],[-3.5859148044879854,40.018725792706505],[-3.5810476059854097,40.018750299310682],[-3.5756209967132873,40.018777381546251],[-3.5741970694916638,40.018784445759522],[-3.5722333537896063,40.0187941592011],[-3.5684795476861595,40.018812634645691],[-3.5650320097708565,40.018829495577677],[-3.5643555358424912,40.018832791982597],[-3.5624793004916468,40.018841914065746],[-3.5615574813407602,40.018846384736058],[-3.5606610656265478,40.018850725171134],[-3.5593943461988613,40.018856846789639],[-3.5577709492187912,40.018864671863376],[-3.5562384034415135,40.018872038148125],[-3.5507614981816906,40.018898197615158],[-3.5390436632555544,40.018953296397974],[-3.5273257964070202,40.019007210404581],[-3.5262780934315634,40.019011973186188],[-3.5259198935415674,40.019013599363944],[-3.5248647687759584,40.019307786544438],[-3.5238687234315904,40.019641677630631],[-3.5227828639291263,40.020005662257276],[-3.5212354638876158,40.020530808787989],[-3.5200143899797318,40.02095804258218],[-3.519922103594348,40.020990332108013],[-3.5196892618305431,40.021071796271833],[-3.5198121866914027,40.02139034075396],[-3.5198903167761069,40.021592801411799],[-3.5201196425764834,40.022187060595648],[-3.5201954805270317,40.022383579494637],[-3.5202654242774281,40.022564820017429],[-3.5204094072424605,40.022832098625649],[-3.5204370066475876,40.022885014794021],[-3.5209385114871017,40.023846522838447],[-3.521452893783199,40.024874854079592],[-3.5219973446750132,40.026007686903796],[-3.5220431704207895,40.026103035508434],[-3.5219100089546349,40.02642110460328],[-3.5215218042431391,40.027348346354088],[-3.5211145286094196,40.028321111029854],[-3.5209190371103944,40.02878036986715],[-3.520907269042179,40.02880763474446],[-3.520556329081213,40.029620685057928],[-3.5200275041389038,40.030881025873889],[-3.5194340870695111,40.032014554835186],[-3.5188615737855868,40.033112123915267],[-3.5182974164225298,40.034193371216965],[-3.518206891135176,40.034391420656405],[-3.5180138049640663,40.034813842648333],[-3.5179462848530751,40.034955129818684],[-3.5176423429334043,40.035591136445902],[-3.5175977599317894,40.035678202464169],[-3.5174721338240631,40.035923531418604],[-3.5171913064032663,40.036471940523583],[-3.51699615581169,40.036933630493344],[-3.5169007036144428,40.037159450633133],[-3.5168881537997669,40.037189141259333],[-3.5169430883105091,40.037878792643831],[-3.5169914347641043,40.038667246420587],[-3.5170701008174596,40.039708333967113],[-3.5172912577973334,40.040124492166811],[-3.5167704311613397,40.041007066907362],[-3.5164440555158007,40.041406743385245],[-3.5161876211552903,40.042019669964873],[-3.516115891402221,40.04219111562918],[-3.5160214621508277,40.04241681497966],[-3.5155915361953198,40.042868276400519],[-3.5152907323524563,40.043184141291533],[-3.5152182429023484,40.043260259313911],[-3.5151968636806665,40.043282709174967],[-3.5151439023423339,40.043268317449154],[-3.5146971518040853,40.043146912663715],[-3.5146123801721858,40.043123875762213],[-3.5142383036239759,40.042998445232264],[-3.514157739173001,40.042979266186883],[-3.5138342123270903,40.042902243336677],[-3.5135957072829562,40.042829420559592],[-3.5133836700599952,40.042805903483021],[-3.5132988784402559,40.042796499143435],[-3.5130150900412249,40.042726850759927],[-3.5129926701388015,40.042723447062691],[-3.5126274527581645,40.042667998876922],[-3.5125354120957146,40.042654025709794],[-3.5123181950805771,40.042634971362304],[-3.5122801404724524,40.042631633051919],[-3.5119384186763605,40.042707920968532],[-3.5116942044188217,40.042811712701457],[-3.5114813482563996,40.04303428958147],[-3.5114212419211115,40.043148075876744],[-3.5113262506327096,40.043328875973302],[-3.5113125889341479,40.043354878713608],[-3.5112763063421273,40.043519916729508],[-3.5114629743113315,40.043835247692904],[-3.5116156847922491,40.0440698124211],[-3.5116577933426147,40.044372120790392],[-3.5116125591758425,40.044594180074213],[-3.51152933620049,40.044751319390635],[-3.5115299536493221,40.044991877565856],[-3.5116319385608978,40.045450945661607],[-3.5116208704215253,40.045672601765638],[-3.5115407712228102,40.045812607998251],[-3.5114522299666677,40.045886878153077],[-3.5113049985948277,40.045950590240153],[-3.5111632403631301,40.045962033628406],[-3.5107413435337764,40.045842367215506],[-3.5106721856672909,40.045822750766071],[-3.5104815860506147,40.045689539401081],[-3.5097600905985136,40.045185272384181],[-3.5093171420422857,40.044939713849587],[-3.5084940623356036,40.044605464481847],[-3.5082453459281764,40.044504459936832],[-3.5079004406625827,40.044413486252722],[-3.50784902179283,40.044399924133891],[-3.5077227703836704,40.044366623586917],[-3.5075476768012255,40.044348981242088],[-3.5072362427163051,40.044402610148062],[-3.5071308569008881,40.044485458597002],[-3.5067187783208742,40.044809404986445],[-3.5065537965561573,40.045121301512594],[-3.5064500507758458,40.045428100059823],[-3.5064751992603527,40.045795228805012],[-3.5065439474072595,40.046057105161779],[-3.5068532188226693,40.04661911197126],[-3.507071163644583,40.046964781034781],[-3.5073818855946484,40.047578187340925],[-3.5075104771265764,40.047872828595224],[-3.5073954965164718,40.048269032220354],[-3.5071739376474338,40.048495068225066],[-3.506927649585152,40.048655639651734],[-3.50654400876383,40.048760907952321],[-3.5061139531891823,40.048786207033068],[-3.5059047784716499,40.048718654304388],[-3.5058290245407084,40.048620354435087],[-3.5057860080826599,40.048564535437883],[-3.5057698341678027,40.048543547748913],[-3.5056011959531128,40.048195405157337],[-3.5053653216506895,40.047648774386047],[-3.5053078380347467,40.047515558583257],[-3.5050749772579333,40.04715819813191],[-3.504849986025047,40.046957017941665],[-3.5047515924243937,40.046871903420545],[-3.5046416791835737,40.046776822037472],[-3.5045725942243409,40.046717059951263],[-3.5042795614909839,40.046517711069313],[-3.5042060767669465,40.046467719075238],[-3.5039314447009735,40.046288339345409],[-3.5037971337502016,40.046197925754434],[-3.5036173130566128,40.046135645209127],[-3.5033037438587562,40.046008868593702],[-3.5026273659224794,40.04574351742324],[-3.5023427220259946,40.045641525352494],[-3.5020920217129934,40.045570909433614],[-3.5016668474261752,40.045526042253172],[-3.5014092601633333,40.045461863251333],[-3.501272581610265,40.045427807951199],[-3.5010315107458752,40.045350094398891],[-3.5002950010561538,40.045112661869794],[-3.4997304542973073,40.045033616445963],[-3.4990558878723035,40.044984382192759],[-3.4985406539859607,40.045058046949372],[-3.4983273178212499,40.045088547038091],[-3.4982031534337854,40.04514631223266],[-3.4979676557510966,40.045255874029188],[-3.4979596398681307,40.045259602445284],[-3.4979432586145198,40.045270100641424],[-3.4979097306398446,40.045291586838509],[-3.4978114476134512,40.0453545723148],[-3.4973630726034375,40.045641912578773],[-3.4967611669868757,40.046056670126895],[-3.4965259726511202,40.046370536408759],[-3.4963579223844055,40.046705759414202],[-3.4963373428017732,40.046939200755084],[-3.4962497372668193,40.047144992889031],[-3.4960662471592059,40.047384535796219],[-3.495881767670769,40.047488037524175],[-3.4956514581332474,40.047575514911408],[-3.4954178574914998,40.047602777170106],[-3.4953469146897787,40.047611055847227],[-3.4948190260551373,40.047518481097725],[-3.4941867311271824,40.0473439225254],[-3.4940819408078401,40.047334265083052],[-3.4938969811842475,40.047317219913928],[-3.4934777584953487,40.047341700631783],[-3.4930358972028599,40.047395674724655],[-3.4925691906638732,40.047540911707245],[-3.4923166775384895,40.047639293873722],[-3.491976275183156,40.047743452711693],[-3.4917808529198271,40.047767973262715],[-3.4917385127961387,40.047773285774262],[-3.4913736445094963,40.047735192076622],[-3.491340304815528,40.047728984347856],[-3.4911857292184472,40.04770020514858],[-3.4907234001004812,40.047614123473934],[-3.4904212167469666,40.047501377420403],[-3.4902712588423852,40.047244512933048],[-3.490218193560779,40.046938402305642],[-3.490182178375381,40.046369872245386],[-3.4901418633027541,40.045977226438531],[-3.4900817500087062,40.045648430302968],[-3.4900432432187829,40.045356088680379],[-3.4900089504116014,40.045095742386366],[-3.4899306381935484,40.044677902073474],[-3.4897350121295712,40.044329273485985],[-3.4895551737832884,40.044096690951676],[-3.4894495912033854,40.043920544632549],[-3.4894103682369693,40.0436819529628],[-3.4893510295608161,40.042759609834633],[-3.489263445824824,40.042394554315379],[-3.4890019280794573,40.041805157561974],[-3.4887756861191903,40.041476366842794],[-3.4885670878441504,40.04131866989718],[-3.4868733079097711,40.041327604039175],[-3.4859480644842589,40.041771166008509],[-3.4857487094153088,40.041926071072723],[-3.4856135716121917,40.042076864041697],[-3.4855704817456639,40.042124945495132],[-3.4853809789716097,40.042609694474024],[-3.4851724375612765,40.043099414183892],[-3.4850141466547511,40.04340752407748],[-3.4849454380458895,40.043541262128187],[-3.4849985860166761,40.043762676865683],[-3.4850240900089124,40.043804754323332],[-3.485239363938565,40.044159899239574],[-3.4852850798910855,40.044324585778092],[-3.4852416633623235,40.044484231691882],[-3.4849605089642819,40.04490739053572],[-3.4846792644067244,40.04531267745633],[-3.4843222481205918,40.045593565790377],[-3.4842479658633456,40.045625324539913],[-3.4837120532907848,40.045854450132403],[-3.4833006333920542,40.04601498592983],[-3.4830336886236415,40.04606205114905],[-3.4826322771347757,40.046070791986736],[-3.4825059882106588,40.046050833567783],[-3.4823308728924385,40.046023159673396],[-3.4819780605787809,40.045900793445142],[-3.4818184706860635,40.045817529360477],[-3.4818036618552952,40.045809802976692],[-3.4815597978617263,40.04568256853856],[-3.4812456485768051,40.045463879093248],[-3.480662708025358,40.045176245804463],[-3.4803221689284194,40.045057936505906],[-3.4792764486582559,40.044815176370356],[-3.4792431007336839,40.044807434442667],[-3.4783956116639052,40.044781529093441],[-3.4779315197808667,40.044833580479199],[-3.4770837533849521,40.045131121338073],[-3.4767324575086396,40.04525441325822],[-3.4758365026896891,40.045484594991215],[-3.4751469532030668,40.045568485728474],[-3.475131376129764,40.045570380372624],[-3.4750861506156085,40.045582215332594],[-3.4736249434241739,40.045964583990845],[-3.473400406130438,40.045986459022387],[-3.4732165198761562,40.046004372724418],[-3.4725541284049397,40.04599807367503],[-3.4724433136564352,40.045907526025395],[-3.4723692484278277,40.04570780684071],[-3.4724897410675868,40.045159530689425],[-3.47265837535552,40.044769232828934],[-3.4730009404763469,40.044024785846574],[-3.4732656058420215,40.043265233204785],[-3.473287627492986,40.04255708943375],[-3.4732226849042092,40.042141903774457],[-3.4730456510937335,40.041799361313707],[-3.4728154236680804,40.041560637095834],[-3.4725090050442562,40.041322232145895],[-3.47196176696146,40.041039188790293],[-3.4717716212617482,40.040973274345355],[-3.4716028822981637,40.040914780232441],[-3.4712158516105678,40.040780612210696],[-3.4709957042742738,40.040756186467284],[-3.4706832683023014,40.040721520021606],[-3.4704512386576356,40.0407143103686],[-3.4700677340280603,40.040702392840259],[-3.4700557880551886,40.04070648124619],[-3.4695215987233317,40.040889304818158],[-3.4692263757463184,40.041025158600021],[-3.4688860955231022,40.041181743908965]]]},"properties":{"FID":42,"Malla10km_":"30TVK53","Sheet1__Ur":" ","Sheet1__CU":" ","Sheet1__Ob":0}},{"type":"Feature","id":43,"geometry":{"type":"Polygon","coordinates":[[[-3.3518514818379375,40.077472292790688],[-3.3518523685612953,40.077644578207277],[-3.3518541161156614,40.077984113941611],[-3.3518678558814328,40.080653438246394],[-3.3518786004361485,40.082740612034996],[-3.3518807224646228,40.083152798917915],[-3.3518931889705614,40.085574144826296],[-3.3518938988661717,40.085712017658153],[-3.3519249933104027,40.091750109477339],[-3.3519714070799527,40.100759591016427],[-3.3520178417692583,40.109769059354363],[-3.3637515499878119,40.109732803201389],[-3.3754852365832648,40.109695358389565],[-3.3787498121863502,40.109684729026917],[-3.3872189008581799,40.109656724925408],[-3.3948133916436789,40.109631086137711],[-3.3989525421151643,40.109616902815645],[-3.4106861596567497,40.109575892067234],[-3.4114049680617975,40.109573341082964],[-3.4121411699171049,40.109570723746614],[-3.4154431227465771,40.109558927119416],[-3.4159061269763669,40.109557265455187],[-3.4187762867432676,40.109546923511125],[-3.420244784037036,40.10954160462213],[-3.422419752785554,40.109533692687336],[-3.4242638128130829,40.109526952511906],[-3.42501813760239,40.109524186937612],[-3.4252501519495686,40.109523335317533],[-3.4252677184549722,40.109523270819885],[-3.4303191646471727,40.109504613253605],[-3.4340158980412498,40.109490819720243],[-3.4341533208041857,40.109490304683291],[-3.4348545240146691,40.109487674155289],[-3.4353919976041798,40.109485654976481],[-3.4395389900852718,40.109469991705232],[-3.4398069656525694,40.109468974448781],[-3.440105131761475,40.109467841857892],[-3.4402549069451589,40.109467272643748],[-3.440881026127268,40.109464891007484],[-3.443713714165018,40.109454073712705],[-3.4458868630152519,40.109445728062667],[-3.45762037872138,40.109399962833237],[-3.4597295087516726,40.109391610372867],[-3.4614401396434697,40.109384807818131],[-3.4625528258516551,40.109380369509211],[-3.4638213730300387,40.109375296457721],[-3.4693538672251969,40.10935300900298],[-3.4693470207156385,40.108356904415608],[-3.469337336110299,40.106947797787043],[-3.4692919559408208,40.100343671653768],[-3.4692300725544274,40.091334321969953],[-3.4692199941522746,40.089866662787742],[-3.469195568397633,40.086309233525057],[-3.4691746023989083,40.083255185425379],[-3.4691682170333955,40.082324957249526],[-3.4691475440642137,40.079312994927463],[-3.469143862320506,40.07877653301793],[-3.4691314457407185,40.076967223456833],[-3.4691293955777751,40.076668463601145],[-3.4691232784361943,40.075777016943604],[-3.4691063893698715,40.073315578394237],[-3.4690679650166136,40.067714421221559],[-3.469051227932312,40.065274147164651],[-3.4690460344637151,40.064516876482315],[-3.4690445895498261,40.064306185404831],[-3.4690395469735238,40.063570881347282],[-3.4690302630099579,40.062217030969848],[-3.4690196296882441,40.060666295079031],[-3.4689828175592328,40.055296778282084],[-3.4689210733840827,40.04628735702682],[-3.4688878763201663,40.041441713091501],[-3.4688860955231022,40.041181743908965],[-3.4688835843578065,40.041182899454896],[-3.4676043686401186,40.041993543841663],[-3.4661256151822659,40.042769831055182],[-3.4657165347045873,40.042946263888723],[-3.4652632112707638,40.04316972329579],[-3.4647656911588371,40.043442909671413],[-3.4644680875169809,40.043636907547253],[-3.4640510622060625,40.04385391531698],[-3.4637026547973018,40.043990456311583],[-3.4623164175066528,40.04441650556813],[-3.4622532322163257,40.044435924861666],[-3.4622229462502068,40.044451479269703],[-3.4609816957125639,40.045088949910486],[-3.4605661569478756,40.045280532800774],[-3.460098323981053,40.045440061801258],[-3.4597461849866282,40.045488028825297],[-3.4592804368702081,40.045552403114556],[-3.4591056727532714,40.045576556935295],[-3.4585368976668898,40.045676382279829],[-3.4583491979459482,40.045714890822417],[-3.4581527717528231,40.045755189553958],[-3.4576319683554511,40.045886707824991],[-3.4570686115223794,40.046062007493973],[-3.456800418208462,40.046101810382829],[-3.4566378882095714,40.04616461513632],[-3.4563922108398106,40.046238565129315],[-3.4561252991985314,40.046295469890772],[-3.4558106022006725,40.046345212835305],[-3.4555599130505308,40.046421126870698],[-3.4552853357482483,40.046558249600118],[-3.4550694153033445,40.046700557033468],[-3.4548914013584442,40.046905774900722],[-3.4547792132233441,40.047134154800865],[-3.4549995754054623,40.048012631647758],[-3.455354078385231,40.048522565239978],[-3.4556073023301441,40.048788686894767],[-3.455844153982623,40.048971546399152],[-3.4564738670835853,40.049347474525604],[-3.4565778692897111,40.049473198400456],[-3.4566740397679863,40.049655723013878],[-3.4566731417671255,40.04987285612836],[-3.4564877294541603,40.050021346351244],[-3.4560963201469717,40.050115671228355],[-3.4559371487974486,40.050138799359601],[-3.4556316213968237,40.050183193626346],[-3.4549356727730824,40.050220257908819],[-3.4539108123111175,40.050186432327372],[-3.4535294978828155,40.050110155832073],[-3.4529756407705916,40.050066663257986],[-3.4523146737099646,40.049924189676943],[-3.4519520379160524,40.049867040988097],[-3.4517359116544415,40.049803915131484],[-3.4511587892117439,40.049398921907034],[-3.4507800137251645,40.049204889789671],[-3.4504315372807128,40.049159395620258],[-3.4500962371571111,40.049178580148009],[-3.4500347424966931,40.049182098541792],[-3.4499416801551246,40.049187422503408],[-3.4493691157047746,40.049295957855001],[-3.449065129497813,40.0494214744975],[-3.4490128939740328,40.049466648745558],[-3.448655948011222,40.049775338065501],[-3.4483287868429677,40.049763992712698],[-3.4479807264898064,40.049604062158835],[-3.4475583020388201,40.049187643803691],[-3.4473318469149055,40.048689488438868],[-3.4472704752957424,40.048554481071378],[-3.4471001972876629,40.048331697312342],[-3.4469151064271548,40.048172039992444],[-3.4467943564790233,40.047992141799533],[-3.4467884372665099,40.047983323425456],[-3.4467675471127763,40.047835646119218],[-3.4467930277983174,40.047788271367672],[-3.4468937976859051,40.047600909340169],[-3.4474825271187037,40.046916603331816],[-3.4476710909838593,40.046666632889313],[-3.4477098009891716,40.046582304055725],[-3.4478025746850958,40.046380195322612],[-3.4479895182918843,40.045746992014088],[-3.4480053793383254,40.045599062857796],[-3.4480580353309018,40.045107944082076],[-3.448281379556525,40.044663804601363],[-3.4485575273147817,40.044406859915362],[-3.448624503669294,40.044252530481614],[-3.4486353775822658,40.044007340229918],[-3.4486365480144978,40.04398095083215],[-3.4485847649354127,40.042120095830256],[-3.4483933663581459,40.041008180498558],[-3.4483639892643922,40.040901641060913],[-3.4482980935397771,40.040662672509377],[-3.448192262961248,40.040357150628225],[-3.4479906227474642,40.039775030338348],[-3.4479266981451224,40.039606734947277],[-3.4478520166906801,40.039410121280355],[-3.4478524826559283,40.03895010343485],[-3.4478526464671617,40.038788445461279],[-3.4478651030950132,40.038543339928886],[-3.4477297825365016,40.038326862583069],[-3.4474314439150358,40.038065223790227],[-3.4470930088438561,40.037823065631883],[-3.4466428587682012,40.037511944459588],[-3.446187797156758,40.037289358900473],[-3.4459670509255238,40.037228940068779],[-3.4456259234186635,40.037224842164562],[-3.4453193088656686,40.037299900462784],[-3.4450375599279042,40.03741270227691],[-3.4431026010126904,40.038176928756869],[-3.4418312310878081,40.038604346453766],[-3.4411302103292831,40.0387772997531],[-3.4406506772884367,40.038941291689049],[-3.4401519461976555,40.039036888088432],[-3.439691401673981,40.039053953091127],[-3.4385923307835666,40.03875358983489],[-3.4381266147218899,40.038695890412804],[-3.4375842604395728,40.038751102474876],[-3.4368797146562291,40.038740242870148],[-3.4361814730846878,40.038765084104],[-3.4349242356880225,40.038875530650877],[-3.4346563787983246,40.038886741927307],[-3.4345222827418422,40.038892354268718],[-3.4341081810137926,40.038840756418239],[-3.4337486113990896,40.03869884247716],[-3.4328246019912889,40.038226982954299],[-3.4324870949658619,40.038099015265971],[-3.4316711645755547,40.038080434535416],[-3.4312097157345005,40.03814251408081],[-3.4303507052659743,40.038356529189876],[-3.4295163017498025,40.038759663000867],[-3.4293342113762098,40.038881963355387],[-3.4292840618877705,40.03910919084737],[-3.429284170228537,40.039126467442436],[-3.4292868683082127,40.039558768857695],[-3.4292464864061536,40.039791851560636],[-3.429218007222917,40.039956225451625],[-3.4290062937164651,40.040613940678419],[-3.4288004973896467,40.041071487689734],[-3.42833712374884,40.04180670331322],[-3.4277909575901067,40.042510131983242],[-3.4276587057127803,40.042723206586039],[-3.427657352503219,40.042725386520345],[-3.4275694608744005,40.042917619133469],[-3.4274556050077809,40.043457717057649],[-3.427374782241094,40.043656222998941],[-3.4271636122682319,40.043907525164222],[-3.4270272629803067,40.044041805443634],[-3.4269312316520737,40.044136379964407],[-3.4268444231608326,40.044248392020492],[-3.4268206766039198,40.044279033159455],[-3.4267256035296061,40.0444478690506],[-3.4267016457571624,40.044815448111351],[-3.4266117149423447,40.045312357286782],[-3.4265516479795801,40.045695444241204],[-3.4264591631098549,40.045846225745422],[-3.4263971705173231,40.046114064148526],[-3.4262485553522946,40.046345261666829],[-3.4259804264510825,40.046585902719549],[-3.4256344001647512,40.046743936605935],[-3.425183359746073,40.046878863909662],[-3.4248113754672835,40.046921745885989],[-3.4246772913971597,40.046903434198001],[-3.4244194954703842,40.046868227427339],[-3.4241277675448591,40.046708017762704],[-3.4238522904632638,40.046519821483699],[-3.4223497200414523,40.045238725664611],[-3.4220559522000293,40.045124481089402],[-3.4218581651303497,40.045086431778188],[-3.4217249805663088,40.04506081013124],[-3.4212409104578083,40.045073379924709],[-3.4211212977323924,40.045093502695025],[-3.420786535133939,40.045149820372693],[-3.4204869426692839,40.045241995959252],[-3.4198867370808745,40.045423368100955],[-3.4195212757372357,40.045472449569417],[-3.419180072444179,40.045460165424849],[-3.4183503345614805,40.045303833282112],[-3.4180075352503181,40.045225646459734],[-3.4176196294338177,40.045051351758488],[-3.4169642057084313,40.044644675854173],[-3.4166755308613945,40.044404256383473],[-3.4163818096777763,40.044101690138838],[-3.4160527539143004,40.043664405536589],[-3.4154352075650785,40.042843728125682],[-3.414972473504073,40.042431450250398],[-3.414929600780733,40.042393252214929],[-3.4146908119433652,40.042264533234139],[-3.4144779950879522,40.042149812019993],[-3.4137554696595975,40.041990993718436],[-3.4132760493738776,40.04188561001402],[-3.4126386443754608,40.041722101486066],[-3.4125035433016646,40.041687443812791],[-3.4118786750695236,40.041480641714145],[-3.4118086638587366,40.041472954817401],[-3.4115607966701096,40.041445741446914],[-3.4112996443047647,40.041486310513285],[-3.4109783140512508,40.041621277127746],[-3.410596339006049,40.041882519649988],[-3.4103797907763718,40.041935552062206],[-3.4103363818119288,40.041929832375494],[-3.4101733219694643,40.041908344965655],[-3.4099393795208459,40.04179475602389],[-3.4096333774356355,40.041394907578628],[-3.4094828888242223,40.041263306868515],[-3.4088927703339795,40.040842523318403],[-3.4086180270811188,40.040570498633961],[-3.4084466627974184,40.040334150419042],[-3.4083277617112877,40.040053470440135],[-3.4084102428801519,40.039730634262625],[-3.4085906621491984,40.039583881570643],[-3.4086983809437683,40.039496263443439],[-3.4096571545128374,40.038895539906981],[-3.4099065750626214,40.038461292045994],[-3.4100286550408918,40.038098669154429],[-3.4098742240087407,40.037755045750501],[-3.4093815070571623,40.03729188774313],[-3.4090825985617244,40.037093828930594],[-3.4088511072574503,40.036996439278042],[-3.4083625539588001,40.036837792925112],[-3.4075495164348957,40.036710914728886],[-3.4071926693576886,40.036599222705092],[-3.4068811256663274,40.036467299584984],[-3.4061536126323393,40.036027055447825],[-3.4054222011535518,40.035616109995345],[-3.4043930631108883,40.035130838500478],[-3.4043386169763776,40.035114279451541],[-3.4035325217911025,40.034869108941791],[-3.4033837569914498,40.034812386431298],[-3.403091864533629,40.034701091664004],[-3.4022632759477869,40.034312945166285],[-3.401798457871902,40.034197431621038],[-3.4015223991171806,40.034147796298853],[-3.401488706972593,40.034141738686571],[-3.4014549435854091,40.034144918968032],[-3.4010817831054747,40.034180070593756],[-3.4010716735238167,40.034181022774469],[-3.4010620470502255,40.034184411309987],[-3.4009816875815835,40.034212695204566],[-3.4009246222796747,40.034232779797989],[-3.400527798730284,40.034394747511151],[-3.3999315741491709,40.034638100425354],[-3.3992355171243331,40.034869384298894],[-3.3987051141434512,40.034963997941858],[-3.3983249732273033,40.035010747594754],[-3.3971897370851498,40.035189928380753],[-3.3963582470128024,40.035308993598413],[-3.3959739812698633,40.035327953792816],[-3.3958312799796415,40.035332798449311],[-3.3955944952392421,40.035340837365091],[-3.3947014061439469,40.035397525837851],[-3.3945250652428549,40.035470155401725],[-3.3945073018070828,40.03547747230138],[-3.3941781386748673,40.035512823099282],[-3.3941635906051526,40.035514695251997],[-3.3938849260165136,40.035550560868849],[-3.3936041965319199,40.035692560909418],[-3.3933983122227871,40.035854238370497],[-3.393094192061211,40.036181216545181],[-3.3925614759299805,40.037095036610317],[-3.3924172078189261,40.037362170290095],[-3.3922387231414213,40.03779945801346],[-3.3920505134152767,40.038298610150292],[-3.3917658802610196,40.038783390459244],[-3.3916478459424031,40.039099913011135],[-3.3916091891999804,40.039876787418685],[-3.3915050311530361,40.040503208377132],[-3.3914730732745624,40.040705076035323],[-3.3914370865383581,40.040932397985159],[-3.3914838078256433,40.04119116096259],[-3.3916033423803071,40.041317464078787],[-3.3917973436256799,40.041420416221719],[-3.3921393424192781,40.041525153925939],[-3.3926379086488438,40.041666462127061],[-3.3930809750442115,40.04177316370771],[-3.3935644587458187,40.041914518175012],[-3.3937832017117331,40.042060593457506],[-3.3940341073625517,40.042272314444681],[-3.3941914974469807,40.042538429275105],[-3.3943343870315452,40.042905069389739],[-3.3943828773881566,40.043469120495921],[-3.3942071075688527,40.045255111636173],[-3.3941334960846086,40.045497497608629],[-3.3940255596091515,40.045686161927314],[-3.3936457722875901,40.04609919586283],[-3.3924537027066219,40.047149243438277],[-3.3923196213641118,40.047325697348448],[-3.3920138727224627,40.047728069835529],[-3.3918020847150436,40.048001962744799],[-3.3917723235093602,40.048126391712863],[-3.3917376700020307,40.04821661119734],[-3.3916585561189736,40.048322283026593],[-3.3913721624410851,40.048505058217259],[-3.3911561274891673,40.048614995103783],[-3.3909081917050696,40.048707567626764],[-3.3903547699582086,40.048911397372038],[-3.3896184231220672,40.049152456919174],[-3.3895595390947983,40.049170296787203],[-3.3886897584870805,40.049433809654616],[-3.3882470564885279,40.049556350828766],[-3.3879136492450321,40.049613696124503],[-3.3878090327515848,40.049631690007452],[-3.3874751133458485,40.049667039499617],[-3.3871644572478319,40.049670780888249],[-3.3867115854563679,40.04976137749324],[-3.386702862411723,40.049763122952967],[-3.3865392372502825,40.049812506866829],[-3.3863071478158941,40.050036874377312],[-3.3861425641648784,40.05027702847746],[-3.3858873485887315,40.050634554312389],[-3.3858840468210487,40.050805379988461],[-3.3859488502150175,40.051148800844722],[-3.3859656330705183,40.051421738465635],[-3.3859134741908381,40.051529122076559],[-3.3856779354921214,40.051710352370264],[-3.3853868859338343,40.051819530773159],[-3.3852177319905712,40.051846465547669],[-3.3850151090287048,40.05187872970879],[-3.3842455465213295,40.051846489012959],[-3.3831788904515561,40.051741813391239],[-3.3818804663119875,40.051519927331157],[-3.3811802689262742,40.051334880176633],[-3.3803215745733435,40.05109809566175],[-3.37915751006331,40.050755814449715],[-3.3787628260962705,40.050615651427833],[-3.3779917723346862,40.050253266197586],[-3.3778296410818229,40.050189828916238],[-3.377802454451472,40.050181862904367],[-3.3774738351636202,40.050085576161067],[-3.3773657574363014,40.050066287090459],[-3.3769234745836592,40.049987351291016],[-3.3766834057278703,40.050254141340858],[-3.3757826781563516,40.051255099269063],[-3.3752757529575521,40.05269893118362],[-3.3752101102296872,40.052885889363786],[-3.3751036273400032,40.053566461863127],[-3.3747132904252823,40.054279736927128],[-3.3743154800323722,40.055006652881346],[-3.3743014941681686,40.055032208984386],[-3.3743549046577561,40.056114212850645],[-3.3744321756329758,40.057369900069965],[-3.374508095642001,40.058378263949038],[-3.374734565916556,40.059614865810367],[-3.3758648685453361,40.061323924690818],[-3.3773241283760576,40.062099455933648],[-3.3776711796167942,40.062283891031171],[-3.3776744752757564,40.062292304330967],[-3.3777928117153966,40.062594435349546],[-3.3780492563567672,40.063249169499166],[-3.3781574720911509,40.063525452839187],[-3.3787063829060573,40.065010402927662],[-3.3791183800948175,40.066136671962319],[-3.3791290533869169,40.066165848172083],[-3.3791152328298937,40.066283074909151],[-3.3788779370956963,40.068295655955509],[-3.3785956041120921,40.06999690918974],[-3.3785871190280714,40.070732866593481],[-3.3785868709663132,40.070754359944452],[-3.3782544268709338,40.071831040420598],[-3.3781449343958556,40.072185640446797],[-3.3778979168160683,40.072993863894801],[-3.3777827626180472,40.073370634018808],[-3.3777502967470472,40.073980231271761],[-3.3777083756003914,40.074767348534515],[-3.3772874589058728,40.074876288167339],[-3.3752900422526975,40.075393227825352],[-3.3746679227698371,40.075426656386419],[-3.37296696624156,40.075518036788218],[-3.3718321492723229,40.0755016589994],[-3.370401174921219,40.075480989984946],[-3.3695812623324977,40.075487015166928],[-3.368816770438718,40.075492628372565],[-3.3679304904825424,40.075495932213464],[-3.3670984572315752,40.075499025854462],[-3.3661077281928131,40.075502702543638],[-3.3660126487993938,40.075478317432129],[-3.3652196130213157,40.075274924461731],[-3.3643344033102554,40.075047882722956],[-3.3639459443357391,40.075100916477766],[-3.3632491235820714,40.075196045308239],[-3.3632199069558721,40.075200033591358],[-3.3620013014069059,40.075260131232319],[-3.3618938284934319,40.075265431335431],[-3.3610610226582671,40.075408247188626],[-3.3604865990630515,40.075506749306832],[-3.3601734349281958,40.075601983275092],[-3.3588190464256495,40.07601384152786],[-3.3581728462975153,40.076210338042287],[-3.3577087338095404,40.076311521528481],[-3.3561289202436111,40.076655927580653],[-3.3555194717929542,40.076788782754328],[-3.3544596568316942,40.077320874465912],[-3.3522710110473986,40.077447941093581],[-3.3518514818379375,40.077472292790688]]]},"properties":{"FID":43,"Malla10km_":"30TVK63","Sheet1__Ur":" ","Sheet1__CU":" ","Sheet1__Ob":0}},{"type":"Feature","id":44,"geometry":{"type":"Polygon","coordinates":[[[-3.2344908887801878,40.055045328731012],[-3.2344912686063729,40.055156151404447],[-3.2344931528777958,40.0557059200761],[-3.2344941904971081,40.056008656925307],[-3.2345250778936925,40.065018289853136],[-3.2345254487689408,40.065126446775601],[-3.2345272953704955,40.065664955350698],[-3.2345559792060441,40.074027908706391],[-3.2345828045973244,40.081845846952085],[-3.2345868944411755,40.083037513484314],[-3.2345900283509623,40.083950599254941],[-3.234592009339937,40.084527752187178],[-3.2345956022775133,40.085574497023742],[-3.2346178236061029,40.092047104186157],[-3.2346205150186913,40.092830913549641],[-3.2346215380060368,40.093128825992913],[-3.2346323599123101,40.096280088399183],[-3.2346339945287568,40.096756033810095],[-3.2346340809281844,40.096781190105141],[-3.2346364013152513,40.097456788517292],[-3.2346443426769924,40.099768803317907],[-3.2346462272888616,40.100317441947624],[-3.2346487667078496,40.101056680811169],[-3.2346494972876676,40.10126935154365],[-3.2346511012447365,40.101736253174785],[-3.2346534862862311,40.102430503254354],[-3.2346558861691412,40.103129049038472],[-3.2346566504380792,40.103351503436187],[-3.2346589367791516,40.104016969832848],[-3.2346797237534415,40.110066243358609],[-3.2426473265737035,40.110049825569796],[-3.2445955701908247,40.110045727684501],[-3.2461361191345883,40.110042464131617],[-3.2464136098426351,40.110041874107736],[-3.2466469772522526,40.11004137738783],[-3.2504121305444,40.110033298309851],[-3.2569448211245882,40.110018990377078],[-3.258147481283447,40.110016316144097],[-3.2584114502298922,40.110015727511964],[-3.2593345950006536,40.110013664233321],[-3.2650769665222175,40.110000664486954],[-3.2698813373783708,40.109989569472191],[-3.2701884830685515,40.109988853385154],[-3.2705571920121317,40.109987992692268],[-3.2719665357540113,40.10998469198384],[-3.2724822216934455,40.109983479952611],[-3.273316934882545,40.109981513236555],[-3.2738768471118553,40.109980190623986],[-3.2756650637524838,40.109975948410586],[-3.2777260796258934,40.109971024783697],[-3.2781627508478728,40.109969976897474],[-3.2793953388877366,40.109967010155984],[-3.2816151774299174,40.109961634096621],[-3.2888982679535883,40.109943696950459],[-3.290989059363234,40.109938463041452],[-3.2933490007405908,40.109932510022311],[-3.3037664695490925,40.109905657038716],[-3.3046478951001252,40.109903342005531],[-3.3050828066129161,40.109902197254328],[-3.3053097892167078,40.109901599154092],[-3.3066028364675946,40.109898183483558],[-3.3070636187200928,40.109896962807824],[-3.3101170815816179,40.109888827439967],[-3.3111770670004899,40.109885984488706],[-3.3168165943494081,40.109870695797952],[-3.3187364008090667,40.109865428575887],[-3.3198349527824251,40.109862400250883],[-3.3241062475241345,40.109850526764681],[-3.3277749889323776,40.109840202522918],[-3.3285503632526052,40.109838005658638],[-3.3286599653099009,40.10983769470495],[-3.3347943140710021,40.10982012549735],[-3.3402841126250395,40.109804126842157],[-3.3403417663532089,40.109803957443965],[-3.3520178417692583,40.109769059354363],[-3.3519714070799527,40.100759591016427],[-3.3519249933104027,40.091750109477339],[-3.3518938988661717,40.085712017658153],[-3.3518931889705614,40.085574144826296],[-3.3518807224646228,40.083152798917915],[-3.3518786004361485,40.082740612034996],[-3.3518678558814328,40.080653438246394],[-3.3518541161156614,40.077984113941611],[-3.3518523685612953,40.077644578207277],[-3.3518514818379375,40.077472292790688],[-3.3514299977839013,40.077496756410447],[-3.3513424091955573,40.077510446469013],[-3.3511979449538303,40.077533024837706],[-3.3499428818567489,40.077729170868288],[-3.3498265938183818,40.077769096988455],[-3.3489898802401363,40.078056368912137],[-3.3489697533443663,40.078071363943245],[-3.3470253996063493,40.079519955371332],[-3.3461669569080312,40.080159487087606],[-3.3450993475823791,40.080110356086166],[-3.3450266683624021,40.080107010159438],[-3.344906129470306,40.080124996486376],[-3.3437515540152143,40.080297277235204],[-3.3432094020621959,40.080317087828583],[-3.3429238687006628,40.080327520592078],[-3.3425729835018649,40.080340340679228],[-3.3416351609396773,40.080374598034872],[-3.3408119614654761,40.080404662613518],[-3.3406269301732876,40.080419906972026],[-3.339855922938487,40.08048342358115],[-3.3388180865947112,40.080568912788827],[-3.338571027659941,40.080596064928521],[-3.3368527213294956,40.0807848890828],[-3.3368345161626305,40.08078688990512],[-3.3361876106632371,40.080857970405035],[-3.3344180452594161,40.081052389571141],[-3.3322407713032982,40.080482008012581],[-3.3300191573601481,40.079709896439738],[-3.3296600120499988,40.079619064709945],[-3.3277469200794507,40.079135194955605],[-3.3261975813455571,40.077892791163102],[-3.3256689351298698,40.077468857849965],[-3.3254449411754448,40.077342507026614],[-3.3253851714112082,40.077308791403091],[-3.3246577925298189,40.076898483557486],[-3.3243879064763711,40.076746241185297],[-3.3234534490933418,40.076219102323456],[-3.3224546895387661,40.076068698998448],[-3.3207046837780587,40.075088670300261],[-3.3206182433933193,40.075040260996026],[-3.3190976141411239,40.074188639770938],[-3.3190166133792673,40.074096066027863],[-3.3171460343294101,40.071958140557193],[-3.3160371704891252,40.070692505079542],[-3.3156432446024438,40.070242871221517],[-3.3152775998198654,40.070046750606352],[-3.3147959139822278,40.069788385551163],[-3.3146676776706592,40.06971960272692],[-3.3134335240175967,40.069057611081043],[-3.3117901145416111,40.068254917693707],[-3.3112246424510481,40.067737356606919],[-3.3111252493950571,40.067646383501227],[-3.3107880250582267,40.067337725221989],[-3.31078473883669,40.066612009183032],[-3.3107828593842408,40.066197132142868],[-3.3103567110217029,40.065311727667009],[-3.3096427681444718,40.063970307448166],[-3.3095806203825209,40.063853535988692],[-3.3082652829378718,40.061079140014641],[-3.3080703593476288,40.06066797443183],[-3.3072812640496436,40.059730483110464],[-3.3061691608297217,40.058445821205964],[-3.3060989474579565,40.05834547391192],[-3.3053896671520713,40.05733177874751],[-3.3044575316185623,40.056047330753216],[-3.3038109705034202,40.055156360087217],[-3.303153160057724,40.054238337350313],[-3.3028500061142521,40.053812924647914],[-3.3026934030502568,40.053593163009189],[-3.3025784896352914,40.053431903070262],[-3.3024942205411789,40.053313647385934],[-3.3014583790369074,40.053075667454543],[-3.3005953014338774,40.052861768970608],[-3.2999578712988753,40.052631250929366],[-3.2995442188250492,40.052408403030093],[-3.2994706362360353,40.052368762259533],[-3.2993148643325947,40.05228484299473],[-3.2988861982862776,40.052106708814613],[-3.2987933855007672,40.05206814071844],[-3.2980031315534259,40.051801539118472],[-3.2974092236926995,40.051679384462268],[-3.2966145471887174,40.051642760950827],[-3.2961419047354137,40.051651693980077],[-3.2957147105847033,40.051706875720981],[-3.2950616114647562,40.051851513006717],[-3.2943907682735385,40.051991935513669],[-3.2937151328114025,40.052129295778336],[-3.2933353065090487,40.05219010405628],[-3.2929235633020868,40.052233691357323],[-3.2926144997282814,40.052239664603093],[-3.2923628466207675,40.052229775650247],[-3.2920244464050148,40.052176520392649],[-3.2918081623645756,40.052163536349042],[-3.2915966747344263,40.052192651174117],[-3.2913015901074019,40.052277184566961],[-3.2911435556112543,40.0523325274483],[-3.2907025039684297,40.052552563415581],[-3.2905518284093791,40.052610588132751],[-3.2900654860584382,40.052734343152778],[-3.2899646910167704,40.052740895934576],[-3.2899451136444076,40.052736922997816],[-3.2898813792359221,40.052723986874312],[-3.2897367241215436,40.052615334024445],[-3.2894384298055761,40.052217839974418],[-3.2891511579024053,40.051932053240371],[-3.2887072632172951,40.051755660937694],[-3.2883011318161759,40.051673731597838],[-3.287437874094965,40.051546165514111],[-3.2872280782546457,40.051560196740141],[-3.2869809668521786,40.051634476902883],[-3.286875602864058,40.051692698147122],[-3.2867460672804132,40.051800127947104],[-3.2866750834162066,40.051929150453269],[-3.2866515258209525,40.052002054883786],[-3.2866345849926466,40.052054476500317],[-3.2864294103697747,40.052335177520398],[-3.2861574306880943,40.052515657986646],[-3.2859893000866531,40.052595297217323],[-3.2858526405411617,40.052627603581264],[-3.2857405530311059,40.052634544540226],[-3.285643952528893,40.052624509873276],[-3.2855758876173558,40.052585883684898],[-3.2852309907032833,40.052235827000651],[-3.2849610561682212,40.052016204887337],[-3.2848109422546297,40.051934019885543],[-3.2847088023019619,40.05187810082608],[-3.2845026162399664,40.051816371874757],[-3.2843013463291557,40.051785945516912],[-3.2840698571610822,40.051744000118404],[-3.2838434388528053,40.05171363461919],[-3.2836018888082124,40.051671711129366],[-3.2834157231376651,40.051645117729066],[-3.2832514894316369,40.051582518995581],[-3.2831632274308835,40.051500750938921],[-3.2831127360584369,40.051336691397324],[-3.2829680340783054,40.050791255025196],[-3.2829491386653822,40.050191265625109],[-3.2829851495068114,40.05010828478364],[-3.283273279724634,40.04976071513768],[-3.2833321057594627,40.049662848424404],[-3.2833465174039578,40.049328985534551],[-3.283298995451406,40.049175929512771],[-3.283220579789798,40.049105828383361],[-3.2831542607860076,40.049046540821351],[-3.2831168754615243,40.04903174183471],[-3.2829087875589225,40.048949368908922],[-3.2828010025811039,40.048906702582038],[-3.2814001955812566,40.048409293206042],[-3.2812449429119002,40.048362835891368],[-3.2807415490186935,40.048212200758471],[-3.27954937642739,40.047901099365852],[-3.2794075281654989,40.047879319072813],[-3.279010191394756,40.047818309570758],[-3.2780511744943848,40.047673945871608],[-3.2778982448298097,40.047650924456761],[-3.277616303671218,40.047562709626767],[-3.2772990561589634,40.047447530559083],[-3.2769820870687285,40.047335997084716],[-3.2762277378936675,40.047256515904813],[-3.2762127293421548,40.047254934441192],[-3.2758401377134425,40.047269362748608],[-3.2748661577818798,40.047352708007963],[-3.2743308572311327,40.047461187696598],[-3.273980932760566,40.047586760514797],[-3.2737752118656598,40.047695443498462],[-3.2736106132409395,40.047847811703569],[-3.2730365029252728,40.048529340538799],[-3.2730343501527632,40.048531896260485],[-3.2727296356972504,40.049038852342044],[-3.2726419650468701,40.049331934561501],[-3.2726412652757797,40.049449962483834],[-3.272636955280801,40.049546376500906],[-3.2726584353927857,40.049587903955064],[-3.2727222544361521,40.049711284958256],[-3.2730249278401522,40.049954045963148],[-3.2733729062293717,40.050208283962029],[-3.2736608111689924,40.050529636456581],[-3.2737957290973423,40.050756668638194],[-3.2739110331430181,40.05095069491832],[-3.2740496973293758,40.051448501008515],[-3.2741945609154355,40.051968556997508],[-3.2742346561004472,40.05243111488727],[-3.2741827680300624,40.052909867339899],[-3.2741815221106556,40.052921367569596],[-3.2740885130084543,40.053116548579496],[-3.273813934959553,40.053646604275315],[-3.2738046790146869,40.053751292749986],[-3.273794794863965,40.053863074242244],[-3.2738746247850368,40.054164513232649],[-3.2739003051151463,40.054431135152115],[-3.2738023185550236,40.054556602484382],[-3.2737576883941979,40.054598530971695],[-3.2736021826320711,40.054744617575459],[-3.2733920987323009,40.054882800617868],[-3.2730876335328416,40.054972712868398],[-3.2730631046742578,40.054970949820358],[-3.2729175816643887,40.054960490968959],[-3.2727471933091414,40.054896492670728],[-3.2726471602115268,40.054858920710224],[-3.2724489071556899,40.054739958095347],[-3.2723445752266316,40.054643217568554],[-3.2722633610334437,40.05445405247422],[-3.2722265937849468,40.054262063766046],[-3.2722137310276129,40.053680070000979],[-3.2721651398263742,40.053548647014445],[-3.2721345478995536,40.053514800948506],[-3.2720497449097072,40.053420979355828],[-3.2720158557680334,40.053403824264755],[-3.2719416596839639,40.053366268504909],[-3.271836101966362,40.053356605538866],[-3.2715198169622779,40.053365999187896],[-3.2714499469600957,40.053369697410325],[-3.2694584711394912,40.05347511414697],[-3.2691617013936889,40.053456477242293],[-3.2688212097709948,40.053391896042555],[-3.2688194897133642,40.053391569377268],[-3.2684170326089248,40.053266309842584],[-3.2681547383857095,40.053145773633666],[-3.2679687629566647,40.053036436894381],[-3.267750885971636,40.052908346003363],[-3.2674040527835788,40.052784234657985],[-3.2670902612125663,40.052763001793103],[-3.2668510157440815,40.052816412989955],[-3.266579956984009,40.052940689737412],[-3.266309260411318,40.053161589578117],[-3.2662083560086863,40.053298391440151],[-3.2661444562165758,40.053448091196969],[-3.2661089908336414,40.05367701910108],[-3.2661416466810218,40.054027608003913],[-3.2663188550759741,40.054582002902549],[-3.2665889363752747,40.055296751085052],[-3.2666447392504065,40.055778631677903],[-3.266615259569051,40.056035472330429],[-3.2665477793412845,40.05631055673765],[-3.2664129636761827,40.056477397567811],[-3.2661667580292866,40.05661284762347],[-3.2659256037101714,40.056725392819317],[-3.2657970853578093,40.056785371566392],[-3.2656850876150556,40.056837639629194],[-3.2652027246898694,40.057009218138312],[-3.2647809717180252,40.057101866336417],[-3.2645233752593521,40.057126517846086],[-3.2644820990001815,40.0571304673269],[-3.2639609660366982,40.057116363620338],[-3.2638161295102557,40.057083166620686],[-3.2632764251699231,40.056959466715618],[-3.2630295899943267,40.05685182178221],[-3.262853142988011,40.056719706684852],[-3.2627318273187638,40.056574029245596],[-3.2627160441574965,40.056396524423953],[-3.2627919957478939,40.056057646067366],[-3.2629470785658592,40.055530238506947],[-3.2629678781884226,40.055182532200845],[-3.2629168498000292,40.054678903924774],[-3.2625402795801448,40.053830933099533],[-3.2619741169665768,40.053059316329055],[-3.2615355594307269,40.052673093446522],[-3.2612475399087448,40.052419443411672],[-3.2611149421992196,40.052330158818528],[-3.2603551931929169,40.051818575692572],[-3.2593063687119779,40.051111058354202],[-3.2583147347933865,40.050538435126491],[-3.2578311794677881,40.05039354949708],[-3.2575428926567289,40.050421211671377],[-3.2574083622882206,40.050498998622317],[-3.257296552675629,40.050694753130536],[-3.2573264767877022,40.050958276490142],[-3.2573377739578029,40.051057746501101],[-3.2574292691532243,40.051429511716364],[-3.2574578374054557,40.051545585162089],[-3.2575189627679948,40.051793949640725],[-3.2576079098359481,40.052068829052047],[-3.2576614136523352,40.052234175129094],[-3.2576644170386984,40.052265848376841],[-3.2577347096566096,40.053006913255942],[-3.2576650833604255,40.053925680387522],[-3.2575192908004915,40.054439550362112],[-3.2570658816964078,40.055375447114038],[-3.2566928998639879,40.056145314143315],[-3.2564708598633123,40.056603610310859],[-3.2562576537914998,40.05692445073992],[-3.2561238752918138,40.057054032119026],[-3.2560730668533715,40.057103246380812],[-3.2559600647467586,40.057184403171057],[-3.2557293532048641,40.057351070383667],[-3.2554707376485745,40.057504591348831],[-3.2551606757885549,40.057675547090597],[-3.254983393783009,40.057763863924286],[-3.2548645879858524,40.057823050552159],[-3.2545273900466749,40.057951718706086],[-3.2542481034892741,40.057998436343702],[-3.2541617975457928,40.05801287364023],[-3.2537100186767227,40.057981511806645],[-3.2532369267365442,40.05788592412145],[-3.2529750293882431,40.057782150447551],[-3.2525268904828759,40.05756010651789],[-3.2521286084362777,40.057362762364974],[-3.2520497113758462,40.057310564256781],[-3.2517043880131382,40.057082101039427],[-3.2514125677560153,40.056838737580179],[-3.2512459616971112,40.056661326808147],[-3.2511029585794748,40.056460623216893],[-3.2510892626761994,40.056441401873236],[-3.2509253696306692,40.056305350082063],[-3.2504602524234936,40.056075708145016],[-3.2500141672059555,40.055926203292579],[-3.2497432342454529,40.055898850334849],[-3.2494443067958136,40.05591209706774],[-3.2493289428424679,40.055938760925855],[-3.2492908544516217,40.055947563373799],[-3.2492230721825792,40.056010780706004],[-3.2491937922200651,40.056072618697868],[-3.24894747779565,40.056592829522849],[-3.2487522883257522,40.056852159597035],[-3.2486699050591201,40.056942521733731],[-3.2484939243166688,40.057135546496177],[-3.2484920254142247,40.057137629106442],[-3.2483386908096938,40.057206423473872],[-3.2479842126596599,40.057228637527025],[-3.247557652615654,40.057160329121125],[-3.2471022171244037,40.057015339715576],[-3.2467712625094478,40.0569645591602],[-3.2461698503052383,40.056942520542385],[-3.2460434692793516,40.056955569255088],[-3.2459012631694319,40.05697025154069],[-3.2458717844817748,40.056996991822814],[-3.2457859731393919,40.057074832999746],[-3.2456558970370928,40.057264463919438],[-3.2455855844801036,40.057494235071232],[-3.2455130378006496,40.057775614854982],[-3.2454424506382833,40.058049388946785],[-3.245383609300994,40.058292488016448],[-3.2453485998650904,40.05843713086491],[-3.2453867008020616,40.058601927635387],[-3.2454174042464348,40.058660428336644],[-3.2454725438947909,40.058728987039409],[-3.2454914770325893,40.058752002738522],[-3.245742426799012,40.059057059825179],[-3.2457475306624275,40.059073344837458],[-3.2457542785083162,40.059094880817263],[-3.2457614069080218,40.059446234834574],[-3.2456430306423862,40.059460893280018],[-3.2456279740491727,40.059418726489476],[-3.2444433296674045,40.056101046298231],[-3.2444497472754135,40.055925348087349],[-3.2436955635577966,40.053641077808301],[-3.2436224787111185,40.053419717089334],[-3.2433379273013974,40.053514914263253],[-3.2399565242811508,40.053797588822945],[-3.2392845236571075,40.053891733530257],[-3.2373440234584017,40.05416356449674],[-3.2372284818623345,40.054179749204479],[-3.2370211439956935,40.054245310106083],[-3.2369175293684753,40.054278072287161],[-3.2344908887801878,40.055045328731012]]]},"properties":{"FID":44,"Malla10km_":"30TVK73","Sheet1__Ur":" ","Sheet1__CU":" ","Sheet1__Ob":0}},{"type":"Feature","id":45,"geometry":{"type":"Polygon","coordinates":[[[-3.1172572442338766,40.061904989104214],[-3.1172572684474811,40.061919114039],[-3.11726288684644,40.065196319841831],[-3.1172783376779152,40.074205995163005],[-3.1172937954709106,40.08321565642354],[-3.1173017827673162,40.087869501456105],[-3.11730282146334,40.088474623939419],[-3.1173092602289345,40.092225303622705],[-3.1173247319554984,40.101234936759752],[-3.1173402106541155,40.110244555833951],[-3.1249959715867961,40.110236546873367],[-3.1270721209905523,40.110234287718249],[-3.1274879263798949,40.110233830787976],[-3.1275293874197194,40.110233785144409],[-3.1290742048635254,40.110232073910069],[-3.1319769766530348,40.110228802702018],[-3.1321065248229147,40.110228655015057],[-3.1331705130642455,40.110227436569524],[-3.1334813327249642,40.11022707878405],[-3.1408081913998207,40.110218403240282],[-3.1418968099134763,40.110217074687185],[-3.1425614464571354,40.110216258532503],[-3.1492481477886098,40.110207835252368],[-3.1513589054058531,40.110205096155909],[-3.1525421695654523,40.110203543826977],[-3.1642761386628826,40.110187495672719],[-3.1760100979945771,40.110170258780315],[-3.1796459683427685,40.110164676537721],[-3.1855945874115723,40.110155297348271],[-3.1859710598833808,40.11015469348451],[-3.1877440468630227,40.110151833152756],[-3.1899844884760387,40.11014817986689],[-3.1902993124404673,40.110147663039115],[-3.1984144889936705,40.11013404551241],[-3.1994779845706387,40.110132218793304],[-3.2024627191811565,40.110127039886464],[-3.2030043583885726,40.110126091825848],[-3.2040591583562419,40.110124238282651],[-3.2045939214720023,40.110123294902671],[-3.2053316585523959,40.110121989402082],[-3.2110646064004293,40.110111684228684],[-3.2112119104199293,40.110111415705347],[-3.2127213953207465,40.110108653239905],[-3.2138244074826865,40.11010662220901],[-3.2147148101909595,40.110104975004141],[-3.2192161330680142,40.110096542988607],[-3.2215213545886381,40.110092157042239],[-3.2221292244665052,40.110090992856257],[-3.2229096225617622,40.110089493569127],[-3.222945823713367,40.110089423892511],[-3.2241011434764828,40.11008719429708],[-3.2346797237534415,40.110066243358609],[-3.2346589367791516,40.104016969832848],[-3.2346566504380792,40.103351503436187],[-3.2346558861691412,40.103129049038472],[-3.2346534862862311,40.102430503254354],[-3.2346511012447365,40.101736253174785],[-3.2346494972876676,40.10126935154365],[-3.2346487667078496,40.101056680811169],[-3.2346462272888616,40.100317441947624],[-3.2346443426769924,40.099768803317907],[-3.2346364013152513,40.097456788517292],[-3.2346340809281844,40.096781190105141],[-3.2346339945287568,40.096756033810095],[-3.2346323599123101,40.096280088399183],[-3.2346215380060368,40.093128825992913],[-3.2346205150186913,40.092830913549641],[-3.2346178236061029,40.092047104186157],[-3.2345956022775133,40.085574497023742],[-3.234592009339937,40.084527752187178],[-3.2345900283509623,40.083950599254941],[-3.2345868944411755,40.083037513484314],[-3.2345828045973244,40.081845846952085],[-3.2345559792060441,40.074027908706391],[-3.2345272953704955,40.065664955350698],[-3.2345254487689408,40.065126446775601],[-3.2345250778936925,40.065018289853136],[-3.2344941904971081,40.056008656925307],[-3.2344931528777958,40.0557059200761],[-3.2344912686063729,40.055156151404447],[-3.2344908887801878,40.055045328731012],[-3.2333669899643498,40.055400660570321],[-3.2329268101210999,40.055539824563823],[-3.2324368452374075,40.055602941263459],[-3.2300807827097984,40.055906412014231],[-3.2292400485357255,40.056014690333889],[-3.2289984737763935,40.056045801946482],[-3.228388614732832,40.056263307964848],[-3.2280376285299823,40.056388484566526],[-3.2275634049656854,40.056557610989451],[-3.226338968544284,40.056994277088386],[-3.223501272770966,40.057801867369598],[-3.2224441112921771,40.058102706798927],[-3.221169349936297,40.05865575886267],[-3.2202010085180586,40.059075857004011],[-3.217871288998849,40.059909606002002],[-3.2166047947175356,40.060217439207747],[-3.2161048149968532,40.060338959568817],[-3.2153242373709952,40.060528674146788],[-3.215168077270762,40.060566627505551],[-3.2123879303599052,40.061242268018908],[-3.2122907761448176,40.061265877597201],[-3.212127679929583,40.061321797692031],[-3.2120066208579905,40.061363304412197],[-3.2112975134505031,40.06160642909002],[-3.2109858508238016,40.061627579722668],[-3.2104855226980598,40.061661531038723],[-3.2104792519473353,40.061661956877039],[-3.2104384150365184,40.061685613938337],[-3.2095527309240857,40.062198704209031],[-3.2094808224526652,40.062240361736919],[-3.2089970912543602,40.062800712193024],[-3.2086991170254948,40.062717688019227],[-3.2082741845213683,40.062599288667329],[-3.2079802663991499,40.062424725855266],[-3.2074483910120288,40.062108830959424],[-3.2073547231522155,40.062019399014972],[-3.2069994058316671,40.06168014360501],[-3.2062607132190593,40.060974826900114],[-3.2047184628587031,40.060060353348781],[-3.2035922261289365,40.059853301155975],[-3.2020980032723951,40.060103646134465],[-3.2020774666882694,40.060110550049529],[-3.2014149663990219,40.060333283710918],[-3.2009559254206086,40.060487610601683],[-3.2008990046550747,40.060609960118789],[-3.2008363264440027,40.060744684496271],[-3.2007252081100286,40.060983527756292],[-3.2003184891360128,40.061437407779167],[-3.2003508966680587,40.0614879267779],[-3.2006400528877199,40.061938690577321],[-3.2010009647978288,40.061821023626251],[-3.2018290531315672,40.061551038285188],[-3.2035272020133223,40.061749271241816],[-3.2050341236485504,40.06203436410992],[-3.2051066274739646,40.062048080075449],[-3.2056571738990964,40.062385294759252],[-3.2069356565283806,40.063168352832818],[-3.2074510158011424,40.063826365040093],[-3.2074535855483575,40.063829646273767],[-3.2073227326964195,40.063879295069789],[-3.2067934173810775,40.064080128309129],[-3.2061903287063962,40.064308948413967],[-3.2046694977842853,40.064885951691913],[-3.2017714322317574,40.066291952899491],[-3.2010650189846714,40.067325663474072],[-3.1995967380061909,40.06768494549155],[-3.1989725456435565,40.068377040593596],[-3.1982465962921465,40.068757569488788],[-3.1973701955883427,40.069838388359159],[-3.1973474977145084,40.069860695362749],[-3.1970243057469596,40.0701783187735],[-3.1958218836686605,40.071359989890404],[-3.1953423788034678,40.072231106741327],[-3.1941987205411917,40.073101596037908],[-3.1941792829552744,40.073116390079072],[-3.1940565497996478,40.073209804473059],[-3.192809828554835,40.074098463775478],[-3.1919115869472674,40.074974767952035],[-3.1906395171278463,40.075963375577125],[-3.1891821007822596,40.077374827432003],[-3.1884184898121428,40.078619371636009],[-3.1885973143675597,40.079251547865418],[-3.1888509786784853,40.07976345331376],[-3.1888582476598666,40.079778125423871],[-3.1893544853245106,40.080776536330596],[-3.1889708932446807,40.082126020730641],[-3.1889432617474731,40.082223229646694],[-3.1886179463514144,40.082499444755541],[-3.1881351775874092,40.082109531935188],[-3.1875809064674252,40.081785808873001],[-3.1872973997841987,40.081686196322678],[-3.1870372633471615,40.08167073708308],[-3.186077534030666,40.081664710927008],[-3.1859075534149639,40.08169831420188],[-3.1856341611670715,40.081856531716419],[-3.1854698120381113,40.082041371503742],[-3.1853611942727218,40.082212722714097],[-3.1849685408508601,40.082749405649324],[-3.1845709959326309,40.083212226560136],[-3.1843397769357615,40.083589184300763],[-3.1842222088609495,40.084053355515806],[-3.1841331740750078,40.084404871246669],[-3.1839669312860095,40.084865657085089],[-3.1838824445946061,40.085252233659872],[-3.1837547551771972,40.085446053911276],[-3.1835368826994417,40.085558113707357],[-3.1832917577720967,40.085564801375234],[-3.18314681108264,40.085520330094134],[-3.1830346691716449,40.08548592285085],[-3.1827938943439542,40.085367367392188],[-3.1824460535610073,40.08516698767432],[-3.1813196832300443,40.084518109875916],[-3.1808934073428099,40.084356739317272],[-3.1804897691484957,40.084303308231277],[-3.1800722388201303,40.084315657968567],[-3.1794804696959993,40.084530083745001],[-3.1791104203135134,40.084758591063455],[-3.1788654930011679,40.084885130913129],[-3.1783512280769735,40.085096697677145],[-3.1779208618666632,40.085350286829971],[-3.177549561849883,40.085737285424464],[-3.1772464985028508,40.086079508517557],[-3.1769875489111969,40.086310067947849],[-3.1763780527119154,40.086817781059814],[-3.1761544127007353,40.087107384598376],[-3.1760872711410162,40.087325452867631],[-3.1761896743145175,40.087462248485991],[-3.1764476841730493,40.087536017879785],[-3.1764876018936943,40.087547429969874],[-3.1770486000064575,40.087619231397099],[-3.1771343557413392,40.087630206503441],[-3.1775146350955592,40.087715221545572],[-3.1780699311959859,40.087899081684178],[-3.1785517293565371,40.088054417968941],[-3.1788235336227118,40.088106960171174],[-3.1791254132342015,40.088099913106532],[-3.1795982124385787,40.088045095163203],[-3.1802717896975841,40.087957885923892],[-3.1804688535796477,40.087954888797732],[-3.1807915731043397,40.088011150025793],[-3.1809842565179092,40.088127979199491],[-3.1810503871909415,40.088298156586234],[-3.1809488390886198,40.088490209243716],[-3.1807487870505469,40.088689634085206],[-3.1805231046850437,40.088962059619519],[-3.1804286185390547,40.089164917788153],[-3.1804081163170017,40.089394693244621],[-3.180521582689781,40.089724269867624],[-3.1806373793719032,40.090042128373035],[-3.1805851875043984,40.090271043262987],[-3.1804296715354492,40.090457141252941],[-3.1801099975299856,40.090674503812266],[-3.1798481105973697,40.091010056309329],[-3.1796600037874434,40.091298643594442],[-3.1795019907168469,40.091435827173825],[-3.1790340613238079,40.0916649685511],[-3.1787358669756465,40.091837925146336],[-3.1783951979983547,40.092107820870012],[-3.1781373846916336,40.092207318393044],[-3.1777854902724902,40.09222045901101],[-3.1774685169360954,40.092123633620169],[-3.1771529362010593,40.091930595660699],[-3.1766696122867644,40.091650938116608],[-3.1760870441115054,40.091361709832164],[-3.1757879257709645,40.09136575989568],[-3.1751817222091541,40.09147207767554],[-3.1749166363918624,40.091479675174988],[-3.174804964654625,40.091450139822811],[-3.174442393430378,40.091354244365789],[-3.1739813287490533,40.091247464325654],[-3.1733167745901114,40.091093872005594],[-3.1724106257359312,40.090901980684542],[-3.1714285048264919,40.09075684310848],[-3.1696123508024701,40.090596894137391],[-3.1687044524519865,40.090605102420319],[-3.1685960191763907,40.09060608287168],[-3.1677107583170754,40.090719420117665],[-3.167087166643924,40.090851691055548],[-3.1666548424811976,40.091006883477334],[-3.1664462752120799,40.091109964590004],[-3.1663569363793522,40.091021323504748],[-3.1662046973076206,40.090870273542883],[-3.166081754148093,40.09074828886947],[-3.1661849977455483,40.090553286286784],[-3.1663037488674131,40.090328988972807],[-3.1663643461249951,40.090214533392086],[-3.1664916907230491,40.089551016298309],[-3.1665732107653461,40.089126249641716],[-3.1666516290285767,40.088717651586919],[-3.1667488181328931,40.088517151343964],[-3.1669352522522836,40.088132536196113],[-3.1673614407800845,40.087680565240333],[-3.1673716628494093,40.087669723563501],[-3.1674052314394303,40.087613884541781],[-3.1677256467201143,40.087080905997425],[-3.1677605477466964,40.087002804769845],[-3.1679227151180482,40.086639915639616],[-3.1679965665519876,40.086474651559676],[-3.1680277980930516,40.086404762466003],[-3.1680296391709866,40.08624615821752],[-3.1680356266968954,40.085730204023093],[-3.1680377589495068,40.085546439850262],[-3.1680469981278021,40.085138893256307],[-3.1657734523567873,40.084371008507141],[-3.1639136091042146,40.083695998483485],[-3.1632150534958638,40.083707913536571],[-3.1631664920028171,40.083708742362369],[-3.1631326998631923,40.082623327809301],[-3.1631119114112769,40.081955574884923],[-3.162821592500288,40.081198268300589],[-3.1627665550893957,40.080349514838389],[-3.1627054398327203,40.079407032225042],[-3.1626792916228634,40.079003794176657],[-3.1625582600923607,40.076963266373369],[-3.1620184354501353,40.075823400129217],[-3.1616312431784892,40.074749103364319],[-3.1616923196721904,40.074560586978315],[-3.1628933155740881,40.070853450633855],[-3.1620083129388008,40.070515010218195],[-3.1612335600532533,40.069180855317001],[-3.1611989262468674,40.067663770815827],[-3.161578907746883,40.064927891383874],[-3.1613768206121255,40.064877896246401],[-3.1609636515047517,40.064775680301949],[-3.160654424480505,40.064722835181605],[-3.1603372677213506,40.064689588189644],[-3.1598870483490962,40.064657351129142],[-3.1592658850763171,40.064642735252377],[-3.1586605397831686,40.064516521008613],[-3.1582265820706779,40.06447475810144],[-3.157815111472591,40.06452215442912],[-3.1574213863045988,40.064640706290199],[-3.156846053098942,40.06481986687843],[-3.1567715987419724,40.064826045592213],[-3.1566584786485454,40.064835433545412],[-3.1564699469514608,40.064818064455856],[-3.1563981075603453,40.064811445629573],[-3.156416600990855,40.06469249627812],[-3.1559536799982233,40.064816910864565],[-3.1550998820788929,40.065046369922179],[-3.1547297426765049,40.065145843565119],[-3.154034953449576,40.065332560135786],[-3.1537159056755342,40.065418299393578],[-3.1533306033493691,40.065521842141216],[-3.1532191025739778,40.065551806340437],[-3.152762019028895,40.065674635457697],[-3.1527040200483443,40.065690221207305],[-3.1505101987003736,40.065926401681132],[-3.1496125647247664,40.066023026564842],[-3.1495986583733764,40.066018745096137],[-3.149204779993132,40.065897488803131],[-3.1484301849756191,40.065659024106552],[-3.147444137296719,40.065355451868768],[-3.1469737351877596,40.065290523858408],[-3.1459535837275685,40.065104364997424],[-3.14554083482866,40.064950296768167],[-3.1431348921873177,40.064079881512448],[-3.1419870378812949,40.063532523114347],[-3.1413327144643954,40.063293713818865],[-3.1409004442314137,40.063201579179449],[-3.1409000019677782,40.063201484214503],[-3.1405378358562186,40.063178734033237],[-3.1395719085876173,40.063048487124789],[-3.1394809763837621,40.063036951597226],[-3.1373133898663657,40.062761977253459],[-3.1364327549163313,40.062650250415935],[-3.1342898312416176,40.062444023644815],[-3.1338875354578968,40.062475395224311],[-3.1330572723898706,40.062622422402995],[-3.1330529294608174,40.062623191413252],[-3.1328618521086598,40.062638865033321],[-3.1313302628544646,40.062432309703382],[-3.1296220873457052,40.062201914652604],[-3.128133224816009,40.062118518346111],[-3.1272882875358889,40.062127173745253],[-3.1269330729123399,40.062149102956546],[-3.1269060903325201,40.062150768677341],[-3.1262018108205609,40.062058779489711],[-3.125839726774442,40.06208235890427],[-3.1253670633285453,40.062136967382344],[-3.1244114203887059,40.062114788529279],[-3.1239988207181417,40.062014753753765],[-3.122197574180873,40.061614742017092],[-3.121463287005851,40.061615497939499],[-3.1212219740233769,40.061669847637788],[-3.1208699134420259,40.061670212760561],[-3.1202964208971387,40.061593517199796],[-3.1197909645936401,40.061594027402826],[-3.1183323134106189,40.061524013668205],[-3.1182467514820682,40.061485457505725],[-3.1181901158565903,40.061428704608147],[-3.1172572442338766,40.061904989104214]]]},"properties":{"FID":45,"Malla10km_":"30TVK83","Sheet1__Ur":" ","Sheet1__CU":" ","Sheet1__Ob":0}},{"type":"Feature","id":46,"geometry":{"type":"Polygon","coordinates":[[[-3.5858670677705433,40.013143690875779],[-3.5858680104381908,40.013253937017375],[-3.5858706975028469,40.013568189191176],[-3.5858743203382968,40.013991871905752],[-3.5859062626958327,40.017727071465288],[-3.5859088153358951,40.018025535836223],[-3.5859148044879854,40.018725792706505],[-3.5904165130371926,40.018702944378433],[-3.5922296207493845,40.018693692584804],[-3.5927500578681331,40.018691031695987],[-3.5972892679401371,40.018667724541416],[-3.5976325047868767,40.018665954916877],[-3.6033368474421232,40.018636396211591],[-3.6039759136682483,40.018633067212605],[-3.6042619698199423,40.018631575958118],[-3.6093501696946055,40.018604932401061],[-3.614212924088239,40.018579260558838],[-3.6210677985174908,40.018542725169667],[-3.6235628952539591,40.018529326037964],[-3.6279213358875593,40.018505791513881],[-3.6283639758004065,40.018503392195626],[-3.6303008202988916,40.018492873693681],[-3.6321577503082798,40.018482758788814],[-3.6327853905617791,40.01847933323355],[-3.6330251952395232,40.018478023522242],[-3.6368014665568387,40.018457333692453],[-3.6374464150120844,40.018453787777567],[-3.6411673430651321,40.0184332600858],[-3.6440227705921653,40.018417426177344],[-3.6445029451338069,40.018414756603725],[-3.6448708963417031,40.018412709599268],[-3.6562204615399052,40.018348995291397],[-3.6679379390864151,40.018282049308056],[-3.6736691832818096,40.018248873225133],[-3.6761307404772374,40.018234537147222],[-3.6773773018960259,40.018227257243659],[-3.67816048966308,40.018222676577139],[-3.6784079763155306,40.017663253176451],[-3.67877691041094,40.017007911864255],[-3.6789166237384512,40.016713339578068],[-3.6791501171537688,40.016402954265928],[-3.6794915783214273,40.01613028509567],[-3.6797961168255906,40.016018827953502],[-3.6800829449293864,40.015939788019466],[-3.6804054996879576,40.015827245995553],[-3.68060934961624,40.015783209764749],[-3.6807409847367651,40.015754772392079],[-3.6811362823858009,40.015694840907145],[-3.6814120317590047,40.015617656627676],[-3.6816212845671621,40.015565844841902],[-3.6818397929650679,40.015535123008164],[-3.6819489283227669,40.015519778853651],[-3.6822363739227471,40.015526626320892],[-3.6824406685060804,40.015580257148372],[-3.6826193094657853,40.015650069629714],[-3.6827060896621138,40.015633527517764],[-3.6829327753447889,40.01559326556751],[-3.6831519856009285,40.015602781501926],[-3.6833811969611339,40.015673503774337],[-3.6836968560214718,40.015886192650555],[-3.6837829439182492,40.015955490703277],[-3.6840044889699701,40.016133830570602],[-3.6843271599704943,40.016411220666306],[-3.6843383550126991,40.016419653372552],[-3.6846212545435635,40.016632753877147],[-3.685004161489553,40.016850496278003],[-3.6853182485228482,40.01705164497811],[-3.6856772640113942,40.017292370416207],[-3.6861883696199831,40.017620126743211],[-3.6865024963909754,40.017862426286783],[-3.6867348559185387,40.018108627820006],[-3.6867797728877787,40.018171914876994],[-3.6913727748261151,40.018144603375085],[-3.6938678108111769,40.018129690758691],[-3.6946335923895806,40.018125102972839],[-3.6961022329230264,40.018116290209591],[-3.6978225526855413,40.018105943540881],[-3.7013230655242073,40.018084811242353],[-3.7014079448976043,40.018084297519614],[-3.7014904550175958,40.018083798076923],[-3.7018465936827281,40.018081641656877],[-3.7022890036333425,40.01774511933484],[-3.7029213875326668,40.017318270049209],[-3.7030816434423537,40.017247046680808],[-3.7030783957309312,40.016930593015836],[-3.7030757808044052,40.016675793610993],[-3.7030726942595575,40.016375035352858],[-3.7029976890318967,40.009065001497198],[-3.7029052880448705,40.000055885318915],[-3.702904866080321,40.000014734346315],[-3.7028129286500642,39.991046754915359],[-3.7027536049828265,39.98525792315062],[-3.702720610826574,39.982037610287342],[-3.702708003664863,39.980806982182095],[-3.702653819921474,39.975517057238164],[-3.7026283345535123,39.973028451435788],[-3.7026265512814223,39.972854306116197],[-3.7026113657768862,39.971371305051107],[-3.7025898345904444,39.969268402043994],[-3.7025360998100085,39.964019278361519],[-3.7025029320774245,39.960778573016292],[-3.7024758995514326,39.958136928132305],[-3.7024567204835868,39.956262518666783],[-3.7024439065752008,39.955010091065368],[-3.7023972919745245,39.950453330312151],[-3.7023891461695961,39.949656938944251],[-3.7023841986592245,39.949173219898036],[-3.702382736202765,39.949030233000791],[-3.6991275367060212,39.947787969680981],[-3.6989012446606173,39.947701606030172],[-3.6975883280758737,39.946718448263965],[-3.6924060874547799,39.950320133954726],[-3.6875412684404605,39.953095298450044],[-3.6862778489396528,39.953815953997733],[-3.6833928172203541,39.955461486886229],[-3.6776431908025362,39.960770466294271],[-3.6740474086302575,39.961503476312963],[-3.6713432664336536,39.962151425065628],[-3.6683263152877577,39.962864661335978],[-3.6663708468316902,39.96339497058726],[-3.6659540748361898,39.963507990078902],[-3.6658260799359104,39.96354281191833],[-3.6658176061124159,39.963547982633798],[-3.6651131904587468,39.963977794886958],[-3.6645908143237906,39.964296525944626],[-3.6638578238459845,39.964743755252464],[-3.662639033953345,39.965487367667443],[-3.6615966308754317,39.965820379252257],[-3.6605339729240054,39.965999172485951],[-3.6601166618511671,39.966069382264571],[-3.6600601986072205,39.966060339953678],[-3.6594639327655183,39.965964848917288],[-3.6590518219526795,39.965898848308228],[-3.6573868148175404,39.965941213423953],[-3.6552535526546914,39.965995457270061],[-3.652619741864306,39.965998570239925],[-3.6523311486650401,39.965998908046252],[-3.6496555832623865,39.965987643278808],[-3.6476889627177109,39.965979325010338],[-3.6456131691546583,39.965932252079305],[-3.6454445617565656,39.965924671387171],[-3.6451989421839577,39.965913627804227],[-3.6438388003796076,39.965852459319208],[-3.6422670808927418,39.965781757252238],[-3.6413569845090521,39.965740807661767],[-3.6391641802015022,39.965642112657562],[-3.6385832205319599,39.965627219316183],[-3.6375098673511315,39.965599694742195],[-3.6366949710169729,39.965578791153391],[-3.6344989093108384,39.965891759104039],[-3.633514818642996,39.967229694484438],[-3.6335460413305514,39.967355855044389],[-3.633911654020189,39.968833189551098],[-3.6339514828839583,39.968994123795682],[-3.6337813427850629,39.968976332794142],[-3.6305125579363522,39.968634473142387],[-3.630624458393882,39.968751911142846],[-3.6313922510517389,39.969557688694131],[-3.6314198283379562,39.969604597323702],[-3.6317085380213618,39.970095687527603],[-3.632379725394693,39.971226156455927],[-3.6331567247187939,39.972655881430718],[-3.6335910427490856,39.973455019916209],[-3.6335896215421712,39.973478402571878],[-3.6335760566931881,39.973701667963851],[-3.633514356910744,39.97471726749275],[-3.6335046385276208,39.974877236370695],[-3.6337156612358741,39.975687830181286],[-3.6342307367119147,39.977666281379513],[-3.6349693923658313,39.97889747347547],[-3.6349997715033266,39.979051172654465],[-3.6350492654479067,39.979301570419914],[-3.6350454457312402,39.979616518602882],[-3.6351040728026418,39.980457013006124],[-3.6351950402875901,39.981257688100982],[-3.6357273661708254,39.982713449974128],[-3.6361965469873327,39.983798341211269],[-3.6366994965114046,39.98444551077089],[-3.636963494500391,39.984785202843945],[-3.6378303233355456,39.987061701391141],[-3.6379196388087056,39.988073549629462],[-3.6379442333867047,39.988352163374365],[-3.6352795051803337,39.988983078131348],[-3.6341736457443883,39.989854974774175],[-3.6330332025207221,39.991170327023902],[-3.6321941976617609,39.991410966512575],[-3.6319572359964614,39.991478928912883],[-3.630808777952276,39.991677094931667],[-3.6292631619447144,39.992633323786471],[-3.6285651874043179,39.992604660891026],[-3.6268565368073964,39.992534476077751],[-3.6268023486511005,39.992532250025626],[-3.6267234784753275,39.992496572784837],[-3.6257178705768656,39.992041671582619],[-3.6256482583575753,39.992027254315801],[-3.6246394781943221,39.991818317199737],[-3.6238143394429736,39.991647408633447],[-3.6224723540619927,39.991044661930019],[-3.6210929989257181,39.991616080335348],[-3.6197082134162502,39.992031411608302],[-3.6189458633038227,39.992260049889644],[-3.6179936144097091,39.992918344199289],[-3.6166521722027669,39.993415627861516],[-3.6163039214247181,39.993615487753075],[-3.615920659208542,39.993835438736518],[-3.6156522790976506,39.993989458690834],[-3.6148634317456603,39.994501687304044],[-3.6142687007524041,39.994887862106559],[-3.6140982042773979,39.995060157506948],[-3.6135290127936437,39.995635346815753],[-3.6130183850318005,39.996151344142369],[-3.6112298011419179,39.997636760710151],[-3.6112243601597322,39.997641278946638],[-3.6111055363987106,39.997739959183015],[-3.610357199165211,39.998230895761829],[-3.6103426839059631,39.998240418890163],[-3.6102343293592281,39.998231941901452],[-3.6097985094096772,39.998197844652999],[-3.6097262449871201,39.998192190143342],[-3.60924724205596,39.998154712305016],[-3.609069588157944,39.998140811555167],[-3.6087755824845469,39.998153652631352],[-3.6080145027183281,39.998186892488128],[-3.607303108529925,39.998437880522303],[-3.6065161817623324,39.998715509300837],[-3.6061415790994475,39.998829206669335],[-3.6056747233940021,39.998970901548446],[-3.6046345672468449,39.999286588572915],[-3.6045346582538964,39.999316911191414],[-3.6038313825567037,39.999547277203028],[-3.6034357617522756,39.999676865760456],[-3.6030056071043819,39.999817764154315],[-3.6022147595067175,40.000076800693492],[-3.6015422104993982,40.000129167502166],[-3.6001598409299813,40.000236788947447],[-3.5990443632504943,40.000323620395484],[-3.5979249401758797,40.000406510705645],[-3.5978352441194197,40.000413151386994],[-3.5968821179537036,40.000483717836019],[-3.5953273685913314,40.001140420444919],[-3.5945964855017607,40.001697373527016],[-3.5936795604627907,40.003905852769613],[-3.5933326282666456,40.004796335651299],[-3.5933116623161361,40.004850148069991],[-3.5933033534126753,40.004903334383776],[-3.5931192393861409,40.006081771946199],[-3.5929190562410716,40.006628862983632],[-3.5925260448819172,40.007702928153812],[-3.5925230677961193,40.00771106292224],[-3.5919288362413049,40.009149449225717],[-3.5917502516019941,40.009696606969648],[-3.5917023497984069,40.009843368249641],[-3.5916413585754805,40.010042458915606],[-3.5910053926824661,40.012118361416483],[-3.5904230105130339,40.012656513343984],[-3.5902714358991217,40.012839186804385],[-3.5899950789687267,40.013172241105245],[-3.5891971519037735,40.013189058415797],[-3.5886261282726046,40.013201090642866],[-3.5878088985182872,40.013218305470232],[-3.5858670677705433,40.013143690875779]]]},"properties":{"FID":46,"Malla10km_":"30SVK42","Sheet1__Ur":" ","Sheet1__CU":" ","Sheet1__Ob":0}},{"type":"Feature","id":47,"geometry":{"type":"Polygon","coordinates":[[[-3.5858670677705433,40.013143690875779],[-3.5855487631846312,40.013131456942304],[-3.5851201993554964,40.013114983198854],[-3.5841905778941561,40.012909457921623],[-3.5832994315885891,40.012712431284122],[-3.5829022345809047,40.012767473531099],[-3.5828253899802891,40.012778122074103],[-3.5819369635222214,40.012901231908003],[-3.5814500325263094,40.012968701750999],[-3.5809111077385571,40.013043374867941],[-3.5803655001974519,40.01311897090784],[-3.5786160157295517,40.01331568581611],[-3.5785653326258222,40.01332138522551],[-3.5752321813680874,40.01369609197544],[-3.5748274919973597,40.014341390918219],[-3.5746869973610265,40.015613356402433],[-3.574355034675408,40.01565804238593],[-3.5725813630166749,40.015896783958524],[-3.5713317468232391,40.016002091485092],[-3.5706904888240607,40.016056127163353],[-3.5652824077712606,40.01660244912933],[-3.5635715915707395,40.016793291255986],[-3.5630708495236467,40.016847354559275],[-3.5618324077180392,40.01698105533707],[-3.5618014341656541,40.01698439853601],[-3.5604337350318329,40.017137470026128],[-3.5598534754611793,40.017202407470421],[-3.5590113934852012,40.017272021773927],[-3.5584223077775428,40.017320717705019],[-3.557805595851788,40.017371694238598],[-3.5566518622800261,40.017543733086555],[-3.5560610057260984,40.017617440059603],[-3.5559997753030439,40.017625077658074],[-3.5510995454819372,40.018119172217595],[-3.5506465615251752,40.017598763712826],[-3.5497465692834758,40.018176056448027],[-3.5487985085882721,40.018174349608671],[-3.5480442138336623,40.018197467640974],[-3.5466403028406503,40.018197377303721],[-3.5453230017205541,40.018197276872542],[-3.5417367544646101,40.018155449549909],[-3.5399310076290167,40.018144326805881],[-3.5373114030624184,40.01813044009473],[-3.5327252393282533,40.018138585500601],[-3.5305762621038128,40.018095179078131],[-3.5284635585083728,40.018451424502345],[-3.5271543082271135,40.018669407649071],[-3.5259198935415674,40.019013599363944],[-3.5262780934315634,40.019011973186188],[-3.5273257964070202,40.019007210404581],[-3.5390436632555544,40.018953296397974],[-3.5507614981816906,40.018898197615158],[-3.5562384034415135,40.018872038148125],[-3.5577709492187912,40.018864671863376],[-3.5593943461988613,40.018856846789639],[-3.5606610656265478,40.018850725171134],[-3.5615574813407602,40.018846384736058],[-3.5624793004916468,40.018841914065746],[-3.5643555358424912,40.018832791982597],[-3.5650320097708565,40.018829495577677],[-3.5684795476861595,40.018812634645691],[-3.5722333537896063,40.0187941592011],[-3.5741970694916638,40.018784445759522],[-3.5756209967132873,40.018777381546251],[-3.5810476059854097,40.018750299310682],[-3.5859148044879854,40.018725792706505],[-3.5859088153358951,40.018025535836223],[-3.5859062626958327,40.017727071465288],[-3.5858743203382968,40.013991871905752],[-3.5858706975028469,40.013568189191176],[-3.5858680104381908,40.013253937017375],[-3.5858670677705433,40.013143690875779]]]},"properties":{"FID":47,"Malla10km_":"30SVK52","Sheet1__Ur":" ","Sheet1__CU":" ","Sheet1__Ob":0}},{"type":"Feature","id":48,"geometry":{"type":"Polygon","coordinates":[[[-3.8312951583907142,40.918117411455867],[-3.831303812466321,40.918808141920607],[-3.8313226590640852,40.920312311636202],[-3.8313373692849573,40.921486272802511],[-3.8313429803938122,40.921934053598029],[-3.8313649772691707,40.923689362785957],[-3.8313862832124483,40.92538938869869],[-3.831389746639752,40.925665725799853],[-3.831408034774662,40.927124820647315],[-3.8314277919576707,40.928701000869474],[-3.8314317971747847,40.929020512111947],[-3.8314431562149256,40.92992663747372],[-3.8314684364592546,40.931943126655703],[-3.831480255934129,40.932885841591485],[-3.831496727127814,40.934199500324169],[-3.8315044981719737,40.93481924909716],[-3.8315061806452868,40.934953425523943],[-3.831513240776844,40.935516457671156],[-3.831518161627129,40.935908876720504],[-3.8315188758179977,40.93596583007389],[-3.831520962312942,40.936132217266831],[-3.8315268297163709,40.936600104891959],[-3.8315283656183747,40.936722581357955],[-3.831551585995892,40.938574137077445],[-3.8316075929406685,40.943039329465286],[-3.8316160693689221,40.943715030918213],[-3.8316287348889642,40.944724624362195],[-3.8316339410093385,40.945139599512203],[-3.8316433852947043,40.945892372783341],[-3.8316529086318036,40.946651418056206],[-3.8317469708789189,40.954146966481943],[-3.831800707625213,40.958427820136905],[-3.8318600519480639,40.963154318175256],[-3.8318991355546368,40.966266529153707],[-3.831915239349843,40.967548725326594],[-3.8319731842658,40.972161656392892],[-3.8320068975434305,40.974845039230786],[-3.8320189336884733,40.975802959062399],[-3.8320236423881679,40.976177697411323],[-3.8320493973394378,40.978227260573348],[-3.8320532464265771,40.978533550346647],[-3.8320549751680533,40.978671112808719],[-3.8320577847109094,40.978894676664531],[-3.832067012496839,40.979628941859829],[-3.8320698689003896,40.979856223553604],[-3.832086367847257,40.981168980233413],[-3.8321357710182373,40.985099277231363],[-3.8321402822833353,40.985458134610013],[-3.8350387198513891,40.984245871289275],[-3.835170485597009,40.984190758056094],[-3.8357706221431798,40.984150386813674],[-3.8392767507303134,40.983914465537353],[-3.8396364384590203,40.983806689861396],[-3.8411917668921207,40.983340644862409],[-3.8440291383735796,40.982490370977672],[-3.844507316929628,40.982347065426168],[-3.8447849162084302,40.982100503983432],[-3.8459635423400602,40.981053625132922],[-3.8473935357950442,40.979374496722819],[-3.8477769413953884,40.979380483173095],[-3.848697108635402,40.979394847296668],[-3.849810223482081,40.979192105585525],[-3.8561419162304613,40.979399728015125],[-3.8566259532282672,40.979367454794868],[-3.8592987608140645,40.979189208404286],[-3.859512717666377,40.979035793055331],[-3.8596954203327711,40.978904784800584],[-3.8607974953416839,40.978114524561782],[-3.8617345815651452,40.977442549636095],[-3.8623411436780146,40.976647462159349],[-3.8634864892326379,40.975146072026462],[-3.8638702255528927,40.974643027702179],[-3.8639876737138259,40.974585924164849],[-3.8647924306168306,40.974194644542983],[-3.8669023264578493,40.97292905952699],[-3.8677870443008882,40.972398350397334],[-3.8685442488620438,40.971944120343608],[-3.8691808205698748,40.971554300451956],[-3.8699545610472126,40.971080470758181],[-3.8708498044490884,40.972330621153567],[-3.8722784325927071,40.973273121307081],[-3.8739624067637988,40.974799161283137],[-3.8790336727031094,40.975203531259695],[-3.879482707939188,40.974934645889277],[-3.8801490786338588,40.974535610409447],[-3.8802584811742546,40.974470711979912],[-3.880836779656712,40.974127655793453],[-3.8807934796151686,40.972986291832093],[-3.8807870723241722,40.972817407716903],[-3.8835310815131407,40.9712359368257],[-3.8869664221098201,40.971148597957139],[-3.890454798971422,40.969029193675311],[-3.895185734657808,40.965538786422698],[-3.8986417295629074,40.95883340136249],[-3.9014438481473075,40.957469594739464],[-3.9023696454590366,40.956944675662534],[-3.9042298156758033,40.95653953040059],[-3.9071594821362932,40.955148517537062],[-3.9083449465183513,40.952960934748106],[-3.9093926737634228,40.951879372947573],[-3.909917333894545,40.949760919694981],[-3.9103645547591239,40.949723451950703],[-3.912217048892034,40.949248974858669],[-3.9125039296709869,40.949175492495812],[-3.9118479491825808,40.947625679117778],[-3.9114527122944853,40.946691860307148],[-3.911910651051548,40.945752871502229],[-3.9118820471584108,40.944699916626021],[-3.9172234279427744,40.943147432962895],[-3.9185087649757824,40.940687303234306],[-3.9196458212810374,40.9385108184769],[-3.9199776306189396,40.937875660116866],[-3.9200135119307284,40.937724695054513],[-3.9201727812190033,40.937016416911312],[-3.9212157441398734,40.932377941085683],[-3.9217613489740635,40.929951158675401],[-3.9273717054486412,40.927640180278182],[-3.9298026434679083,40.927052259893337],[-3.9324591658960006,40.927168929157332],[-3.9328512370492876,40.927186142482746],[-3.9337331925006822,40.927224859110325],[-3.9358920169289942,40.92679503268878],[-3.9376015701530775,40.926461685314024],[-3.9376508371298273,40.926456736461908],[-3.9378257253463493,40.926439168800428],[-3.9375864150422828,40.925215487847986],[-3.9372153682272342,40.923565395323678],[-3.937058968997948,40.922862292934866],[-3.936692435925651,40.921214442190674],[-3.9366260465550429,40.920912703568256],[-3.9364975082370868,40.920328495370356],[-3.9369067163148088,40.917307683347119],[-3.9262890808327713,40.917393463173703],[-3.9218233988301243,40.917429249289036],[-3.9144150321637285,40.917488235367017],[-3.9075942182995069,40.917542122403077],[-3.9061748936903098,40.91755328489073],[-3.9055589792209888,40.917558123404753],[-3.9028627316991633,40.9175792659154],[-3.9025409272824665,40.917581785119246],[-3.9022961761710304,40.917583700520012],[-3.894612706993009,40.917643566504857],[-3.8906667669184678,40.917674112413806],[-3.885864698833323,40.9177111035183],[-3.8849418333989778,40.917718189587646],[-3.8836937161991085,40.917727761298117],[-3.8814956076544886,40.917744585565224],[-3.8808141129249294,40.917749793198297],[-3.8800346497867948,40.917755744517322],[-3.8787925518012343,40.917765217234304],[-3.8706803818829338,40.917826754686217],[-3.8692752857514989,40.917837355499159],[-3.8669182826602886,40.917855099564576],[-3.8614365293065918,40.917896181130615],[-3.8609611619473747,40.917899731366496],[-3.8569310085330875,40.917929751440468],[-3.855263721893218,40.917942129641546],[-3.8550439602251734,40.917943759388741],[-3.8466092531934395,40.918005994411388],[-3.8460448819882096,40.918010136568753],[-3.8431695852254535,40.918031196690997],[-3.840754207562231,40.918048832717467],[-3.8376452749353747,40.918071458298812],[-3.8312951583907142,40.918117411455867]]]},"properties":{"FID":48,"Malla10km_":"30TVL23","Sheet1__Ur":" ","Sheet1__CU":" ","Sheet1__Ob":0}},{"type":"Feature","id":49,"geometry":{"type":"MultiPolygon","coordinates":[[[[-3.9626670726423225,40.827012957718729],[-3.9612829871377113,40.827024499264631],[-3.9606080726288342,40.827030121185516],[-3.960553815617661,40.827030572965498],[-3.9561393118526404,40.827067245548605],[-3.9558107676976655,40.82706996810672],[-3.9492205674287297,40.827124381695562],[-3.9488155641792311,40.827127713422392],[-3.9487502729993822,40.827128250401948],[-3.9487505045219531,40.827144493957611],[-3.9487593963666137,40.827768333104125],[-3.9487634363294659,40.828051764655989],[-3.9487660712968236,40.828236623798922],[-3.9488129063679684,40.831522104209597],[-3.9488259330590756,40.832435829898785],[-3.9488503824586076,40.834150660149952],[-3.9488786844008414,40.836135514617318],[-3.9488852449406404,40.836595586013033],[-3.9488904141629577,40.8369580808805],[-3.9489943678229951,40.844246488553331],[-3.9490071539587146,40.845142766191159],[-3.949135681664361,40.854150002420475],[-3.9492291045745489,40.860694523700452],[-3.9497080918274792,40.860435836260365],[-3.9503682392732373,40.860079302171208],[-3.950611529802492,40.859679665650418],[-3.9515807020149181,40.858087624116408],[-3.9519185089390509,40.857532693126679],[-3.9519190404039302,40.856315893308022],[-3.951919296997132,40.855727149454601],[-3.9523794868603339,40.855022705312329],[-3.9531152608221776,40.854356406215963],[-3.9533770763670706,40.854051069584337],[-3.9537137106131577,40.85339479502619],[-3.956007817743989,40.850034241785778],[-3.9563490222060698,40.849737511603259],[-3.9568858076292779,40.849270686857814],[-3.9569541854640371,40.849211220694613],[-3.9569061910882035,40.848593718493923],[-3.9568997638321419,40.848511021638352],[-3.9570964897466947,40.848326195965655],[-3.9595524118528496,40.846018731517646],[-3.9597293177563659,40.845852510674298],[-3.960562858112104,40.845372127171302],[-3.9617642247187912,40.844679738393772],[-3.9624758789193719,40.844269574281363],[-3.9627965460468766,40.843436129652098],[-3.9634699449526338,40.841685827518262],[-3.9634380115184529,40.841566382927986],[-3.9630868894413731,40.840253002125564],[-3.9630313536252797,40.840045261378535],[-3.964574101674919,40.838765326605802],[-3.965506083456185,40.837992077962596],[-3.9658800839599904,40.836629026131995],[-3.9657341286771182,40.834945407085968],[-3.9656610939660846,40.834712746499115],[-3.9639090546042155,40.82913094514042],[-3.9638520780514384,40.828949405403719],[-3.9638043532987828,40.828797341931761],[-3.9632428280894847,40.827008151745417],[-3.9626670726423225,40.827012957718729]]],[[[-3.9497525163405736,40.897320995927153],[-3.9512347148823093,40.896016056638494],[-3.9513608183289159,40.895781278263016],[-3.9522651907349302,40.893626112962345],[-3.9496629848385409,40.891060699027705],[-3.9497525163405736,40.897320995927153]]]]},"properties":{"FID":49,"Malla10km_":"30TVL12","Sheet1__Ur":" ","Sheet1__CU":" ","Sheet1__Ob":0}},{"type":"Feature","id":50,"geometry":{"type":"Polygon","coordinates":[[[-3.8301692009009951,40.828042520164502],[-3.8301743064054099,40.828451877638734],[-3.8301763872849626,40.828618719375605],[-3.830213207466997,40.831570673084713],[-3.8302317018814898,40.833053244575595],[-3.8302815674238233,40.837050073948781],[-3.8302882469348978,40.837585389810513],[-3.8303029920291309,40.838767054314445],[-3.8303181337510179,40.83998043108879],[-3.8303249372429859,40.840525602449922],[-3.8303455239194104,40.842175144395661],[-3.8303523621981119,40.842723042578996],[-3.8303530879147485,40.842781187730544],[-3.8303593440181465,40.843282425997771],[-3.83037275044807,40.844356504921713],[-3.8303873948443359,40.845529699146361],[-3.8303939848159536,40.846057613367307],[-3.8305064531035402,40.855065138419299],[-3.8306189723127599,40.864072649103981],[-3.8306768343177136,40.868703088873517],[-3.8306931391698007,40.870007698640563],[-3.8307112496341467,40.871456681307365],[-3.8307315424698083,40.873080145420587],[-3.8308441636009003,40.882087627368378],[-3.8308792937201299,40.884896510822955],[-3.8308933894829944,40.886023447650778],[-3.8309253508359702,40.888578476522966],[-3.8309372830169024,40.889532264960557],[-3.8309520546349285,40.890712957752278],[-3.8309568357322736,40.891095094946557],[-3.831033171732237,40.897195379790332],[-3.831058833590137,40.899245689792494],[-3.8310695588901793,40.900102548154372],[-3.8311823331008945,40.909109986991055],[-3.8312254103885088,40.912549552001465],[-3.831231925488328,40.913069707108875],[-3.8312723481721593,40.916296684226587],[-3.8312901812537365,40.917720147247401],[-3.8312951583907142,40.918117411455867],[-3.8376452749353747,40.918071458298812],[-3.840754207562231,40.918048832717467],[-3.8431695852254535,40.918031196690997],[-3.8460448819882096,40.918010136568753],[-3.8466092531934395,40.918005994411388],[-3.8550439602251734,40.917943759388741],[-3.855263721893218,40.917942129641546],[-3.8569310085330875,40.917929751440468],[-3.8609611619473747,40.917899731366496],[-3.8614365293065918,40.917896181130615],[-3.8669182826602886,40.917855099564576],[-3.8692752857514989,40.917837355499159],[-3.8706803818829338,40.917826754686217],[-3.8787925518012343,40.917765217234304],[-3.8800346497867948,40.917755744517322],[-3.8808141129249294,40.917749793198297],[-3.8814956076544886,40.917744585565224],[-3.8836937161991085,40.917727761298117],[-3.8849418333989778,40.917718189587646],[-3.885864698833323,40.9177111035183],[-3.8906667669184678,40.917674112413806],[-3.894612706993009,40.917643566504857],[-3.9022961761710304,40.917583700520012],[-3.9025409272824665,40.917581785119246],[-3.9028627316991633,40.9175792659154],[-3.9055589792209888,40.917558123404753],[-3.9061748936903098,40.91755328489073],[-3.9075942182995069,40.917542122403077],[-3.9144150321637285,40.917488235367017],[-3.9218233988301243,40.917429249289036],[-3.9262890808327713,40.917393463173703],[-3.9369067163148088,40.917307683347119],[-3.936972579800516,40.916821448804519],[-3.9370966622770065,40.915716500406909],[-3.9376226978681359,40.915218107554132],[-3.9376320375517437,40.91521046202238],[-3.9384850173926238,40.914512089807715],[-3.9398691646480759,40.913374887040867],[-3.9416437491069876,40.911916822841306],[-3.9425515819002892,40.909202006684133],[-3.9431087999208283,40.907493429648298],[-3.94409880595687,40.905755364353688],[-3.9454052955092047,40.903483028608832],[-3.9468321131198989,40.90147573728769],[-3.9470037964882168,40.901234198251061],[-3.9474904304387244,40.900549549189094],[-3.9476744009270885,40.900259885370474],[-3.9492227810043206,40.897787362144641],[-3.9497525163405736,40.897320995927153],[-3.9496629848385409,40.891060699027705],[-3.948973415742993,40.890380835829305],[-3.9467336980011303,40.888895149894324],[-3.9462083487370041,40.888815107345486],[-3.9454677006475154,40.888702259447633],[-3.944650242404717,40.888771393373169],[-3.9423523457620351,40.88896570015423],[-3.9424392256220777,40.884860967848283],[-3.9425064481952732,40.882990496230455],[-3.9432890789114836,40.880267288757118],[-3.9437104047262745,40.879027849740964],[-3.9444715160082877,40.876788758315222],[-3.9459301715445472,40.875613141234687],[-3.9465012050115211,40.875152895425565],[-3.9467537895869307,40.874510418156717],[-3.9472333727756039,40.873290510668369],[-3.9469737489780767,40.871354956896148],[-3.9467243034691473,40.869537743663855],[-3.9466517299667525,40.869009028120914],[-3.9465306414279375,40.868126851520785],[-3.9465803018657351,40.867680572595773],[-3.9470087686292255,40.863829838592629],[-3.9471042850881441,40.862971357676095],[-3.9479531671016086,40.862026842550819],[-3.948492033411676,40.861427253807634],[-3.9487154391539492,40.861178668974233],[-3.9490764479046647,40.860776968404345],[-3.9492291045745489,40.860694523700452],[-3.949135681664361,40.854150002420475],[-3.9490071539587146,40.845142766191159],[-3.9489943678229951,40.844246488553331],[-3.9488904141629577,40.8369580808805],[-3.9488852449406404,40.836595586013033],[-3.9488786844008414,40.836135514617318],[-3.9488503824586076,40.834150660149952],[-3.9488259330590756,40.832435829898785],[-3.9488129063679684,40.831522104209597],[-3.9487660712968236,40.828236623798922],[-3.9487634363294659,40.828051764655989],[-3.9487593963666137,40.827768333104125],[-3.9487505045219531,40.827144493957611],[-3.9487502729993822,40.827128250401948],[-3.9460309181311146,40.827150582588345],[-3.9453313867057869,40.827156316990411],[-3.9368924152690732,40.827225161079426],[-3.9250345001635805,40.827320853200803],[-3.9131765284085982,40.82741532674914],[-3.9013185007298454,40.827508581707683],[-3.8894604178530607,40.827600618059961],[-3.8859700528213725,40.827627476264801],[-3.8809621297420414,40.827665827533089],[-3.8776022805040036,40.82769143578966],[-3.8739482276011907,40.827719175327616],[-3.8707803559220681,40.827743130371772],[-3.865744089408456,40.827781034880708],[-3.8556111128059833,40.827856632539721],[-3.8551553677169248,40.827860011734465],[-3.8538858452922198,40.827869415317259],[-3.8452511408019578,40.82793300344219],[-3.8450502886229567,40.827934474875505],[-3.8444344240107426,40.82793898448957],[-3.8442974485301904,40.82793998703341],[-3.8440012853110632,40.827942154139834],[-3.843659301858064,40.827944655579358],[-3.8420275488811195,40.827956577083668],[-3.8332863428027406,40.828020046863507],[-3.8310239456470376,40.828036366191284],[-3.8305038009267438,40.828040111872681],[-3.8301692009009951,40.828042520164502]]]},"properties":{"FID":50,"Malla10km_":"30TVL22","Sheet1__Ur":" ","Sheet1__CU":" ","Sheet1__Ob":0}},{"type":"Feature","id":51,"geometry":{"type":"Polygon","coordinates":[[[-4.0668019267164617,40.793409829939407],[-4.0669366635208997,40.793430538895471],[-4.0700915504095931,40.793915396488181],[-4.0711942514079551,40.793073789909805],[-4.0721946509377425,40.792310234778249],[-4.0766208436633793,40.788931629808637],[-4.0766982274946102,40.788872556234899],[-4.0770411014476879,40.787770638436101],[-4.0779465660595395,40.784860509145972],[-4.0784666918602648,40.783188724825202],[-4.0787806956889492,40.782154552327569],[-4.0792856944883482,40.780838025785002],[-4.0796715031521167,40.779894928876338],[-4.0802329706135554,40.778522396008611],[-4.0806816282985956,40.777425584031995],[-4.0809133214743474,40.776859163262266],[-4.081016336019319,40.776607320169866],[-4.0817140036056676,40.776043765028831],[-4.0838199570651632,40.774342556921077],[-4.0854392450005124,40.773034397840853],[-4.0862831031348268,40.772352648207509],[-4.0866173483311456,40.772164130842725],[-4.0925400458210976,40.768823355226779],[-4.0932320663957924,40.768161056650499],[-4.0936366511811864,40.767773840719521],[-4.095852321969482,40.765653184686407],[-4.0962496431820972,40.765272882069027],[-4.0966841820318827,40.764218743954622],[-4.094374406958516,40.761148959870084],[-4.0943395022452602,40.760846325059582],[-4.0943281368352968,40.760747787604643],[-4.0941896672411664,40.759547200418297],[-4.0941058431040869,40.759133087668864],[-4.0940106588617802,40.75875084153742],[-4.0938378478856832,40.758056847810991],[-4.0940845450851846,40.756598711859084],[-4.0941480386670879,40.756223415524687],[-4.0943126297947927,40.75529927916822],[-4.095868312053657,40.750893991115085],[-4.0962877813051239,40.749706058693633],[-4.0966496472221481,40.748693673361849],[-4.0969907722685237,40.747739290733648],[-4.0983071556393638,40.747602538286912],[-4.0997892827115967,40.747452137325183],[-4.1040932977041376,40.747015269810291],[-4.1049964352538257,40.746583484028783],[-4.1071562753111506,40.745550821247477],[-4.10905975337102,40.744640036811241],[-4.110435575516342,40.743981692085214],[-4.1105386577732901,40.743892962110408],[-4.111300334775823,40.743237317263272],[-4.1123337900339747,40.742347699295721],[-4.1124564908679204,40.742243852510981],[-4.1131443993554457,40.741661635716412],[-4.1133517662474075,40.741486125745475],[-4.1137255538931079,40.741169757833426],[-4.1138386550155825,40.741074031389857],[-4.1141247850653295,40.740831853556706],[-4.1146535851825927,40.74037783327455],[-4.1149151166235631,40.740153283549887],[-4.1156888779069787,40.739488923187785],[-4.1177392908836472,40.737728322385863],[-4.1189384486674783,40.736688838511832],[-4.1194896393762201,40.736211023741077],[-4.120770302707661,40.735661643475744],[-4.1208247341341648,40.735501473518681],[-4.1203596107324501,40.735505989649589],[-4.1180939264193555,40.735527961575471],[-4.1174280366799021,40.735534410715289],[-4.113248907283154,40.735574797830964],[-4.1014079282472169,40.735688407102927],[-4.0895668820244806,40.735800801918089],[-4.0846480274717658,40.735847134300293],[-4.0842629747804944,40.735850752394519],[-4.0831208576961648,40.735861476581547],[-4.08255491500727,40.73586678644984],[-4.0822210537743375,40.735869917548662],[-4.0777257693365954,40.735911982256603],[-4.07576521220264,40.735930273362335],[-4.0754343732519676,40.735933356654321],[-4.071029731511727,40.735974315844132],[-4.070266666502472,40.735981394572853],[-4.0688088884696132,40.73599490392084],[-4.0658845909052364,40.736021948098802],[-4.0659464903658193,40.739899561177815],[-4.0659880044156305,40.742499731673128],[-4.0660131541819933,40.74407478401357],[-4.0660263836098505,40.744903252124544],[-4.0660283921688229,40.745029031339428],[-4.0660354273629107,40.745469580296771],[-4.0660578455389178,40.746873357503119],[-4.0660751910780268,40.747959429128798],[-4.0660891560763295,40.748833788761537],[-4.0660924649642762,40.749040955217552],[-4.0660981758932522,40.749398506183361],[-4.0661224832580771,40.750920274400954],[-4.0661587397972276,40.753189906607112],[-4.0661709507017747,40.753954241653226],[-4.0661722584875291,40.754036100058308],[-4.0663161898947155,40.763043154254554],[-4.0664601864237788,40.772050193927306],[-4.0665956783519777,40.780521535127981],[-4.0665998396425662,40.780781653620522],[-4.0666042481081313,40.781057219075691],[-4.0666295093198794,40.782636179339725],[-4.0667103481177502,40.787688190309709],[-4.0667374804521605,40.789383533955956],[-4.0667483749812154,40.790064229698793],[-4.0667939278463123,40.792910143005912],[-4.0667979546180302,40.793161695757533],[-4.0668005272120116,40.793322404239547],[-4.0668019267164617,40.793409829939407]]]},"properties":{"FID":51,"Malla10km_":"30TVL01","Sheet1__Ur":" ","Sheet1__CU":" ","Sheet1__Ob":0}},{"type":"Feature","id":52,"geometry":{"type":"Polygon","coordinates":[[[-3.9474693494869824,40.737054805056992],[-3.9474770043022702,40.73759430147468],[-3.9474947466166199,40.738844688717251],[-3.9475272486495712,40.741135060826181],[-3.9475615231166268,40.743550047520735],[-3.9475971812201438,40.746062213657112],[-3.9477250708119547,40.755069609623938],[-3.9477528843370444,40.757028003712982],[-3.9477577561989192,40.757371019284662],[-3.9477670517386052,40.758025478462528],[-3.9477850213718408,40.759290582258799],[-3.9477853259902607,40.75931202740577],[-3.9477895886256493,40.759612114648746],[-3.9477937851253451,40.759907541541082],[-3.9477943997400242,40.75995080906587],[-3.9478433336428767,40.76339534569923],[-3.9478530182537219,40.764076990254424],[-3.9478565260422869,40.764323877720045],[-3.9478797667479952,40.765959542648865],[-3.9479122435642209,40.768245012853654],[-3.9479810235879191,40.773084356448479],[-3.9481090868442554,40.782091708205314],[-3.9482372080396453,40.791099044623323],[-3.9483653872422875,40.800106368403902],[-3.9484289928587781,40.804574502149016],[-3.9484522013434264,40.806204588929482],[-3.9484936244435169,40.809113676844042],[-3.9484998308084998,40.809549504656701],[-3.94862191968594,40.818120970843673],[-3.9486339956979606,40.818968587406665],[-3.9487025317292219,40.823778452639182],[-3.9487123551459709,40.824467765398772],[-3.9487502729993822,40.827128250401948],[-3.9488155641792311,40.827127713422392],[-3.9492205674287297,40.827124381695562],[-3.9558107676976655,40.82706996810672],[-3.9561393118526404,40.827067245548605],[-3.960553815617661,40.827030572965498],[-3.9606080726288342,40.827030121185516],[-3.9612829871377113,40.827024499264631],[-3.9626670726423225,40.827012957718729],[-3.9632428280894847,40.827008151745417],[-3.9625205041295661,40.824706456887895],[-3.9624282971440135,40.824412625957358],[-3.9623291344116796,40.824096625811819],[-3.9621242195513728,40.823443610581513],[-3.9622130385944412,40.823221816228212],[-3.9639978464006522,40.818764637375295],[-3.9641087639477006,40.818487624846348],[-3.9642383808067962,40.818163908941088],[-3.9644599817633748,40.818022772399999],[-3.9646848644571402,40.817879542379671],[-3.9649756419067455,40.815974432599461],[-3.9662651733687695,40.81412482551189],[-3.9674197455755982,40.812787235469152],[-3.9677182308563199,40.812441423327272],[-3.9677787745664905,40.812371280981843],[-3.9683155093962093,40.811749433773976],[-3.971394858176474,40.810180918083582],[-3.9717799977836492,40.809984731237009],[-3.9727985667384744,40.809372893533151],[-3.9735216886426046,40.808869924279847],[-3.9735708874343327,40.80883570440492],[-3.9755300131999638,40.806855587313386],[-3.9755067861039177,40.805526885483204],[-3.9754991195475409,40.805088357118258],[-3.9754768300854373,40.803813194407795],[-3.9754738313939586,40.803641597116844],[-3.9759518112079171,40.803187585837946],[-3.9767173595388114,40.802460410418405],[-3.9797385777901426,40.799590427929985],[-3.9799540326394753,40.799385746165711],[-3.9789902452885961,40.797284322309942],[-3.9788593082238637,40.796998815984026],[-3.9791086054558034,40.796189520778114],[-3.9793218465707874,40.795497256865822],[-3.9796927546808147,40.793475993621151],[-3.9795826499734881,40.791917911378022],[-3.9794832607254138,40.79130988120086],[-3.9792664993177116,40.790847690886373],[-3.9786150396964191,40.789819605514843],[-3.9784926627459019,40.788848961419362],[-3.9784907377887229,40.788833693234089],[-3.9781493237027274,40.787534063346023],[-3.9781189068576994,40.787418274380833],[-3.9788112508154705,40.786538838392055],[-3.979182337180208,40.786067463188751],[-3.9792360914326057,40.785892466063331],[-3.9796757225738353,40.784554831896507],[-3.9804208335049949,40.784783003951055],[-3.9834404373598584,40.785707619091447],[-3.9841977627112808,40.785939499192025],[-3.9842239826114656,40.785947527215406],[-3.9854965044332338,40.785837033082807],[-3.9897483675377861,40.785467739027872],[-3.9900290355540888,40.785535893788193],[-3.9902133094059593,40.785580640807531],[-4.001308764455703,40.788274267552303],[-4.0020015733638994,40.788442416460136],[-4.0028538853647264,40.788649270314345],[-4.0036411610805525,40.788716298118203],[-4.0041614493710549,40.788611406413708],[-4.0069591535147904,40.788047335249431],[-4.0076523669724109,40.787907557886633],[-4.0105276158319469,40.785806381497679],[-4.0125283920585453,40.784344131053963],[-4.0138078958082186,40.783693561419817],[-4.015172264808756,40.782999812376083],[-4.016817738860806,40.782515649899146],[-4.0170783333515763,40.782438970173288],[-4.0212490999760604,40.781211610743298],[-4.0213170884579883,40.781191602253344],[-4.0214214481874588,40.781197699618417],[-4.0257303927716057,40.781449372309055],[-4.0279445483033172,40.781578631600262],[-4.0282478259029242,40.781596334246586],[-4.0293783619420047,40.7816623126743],[-4.0295219985082529,40.781670694459557],[-4.0323923595554252,40.781611926405894],[-4.0341670038733879,40.782569273721862],[-4.0341964884127544,40.782582556232015],[-4.0363123425533809,40.783535683623093],[-4.0395422637899792,40.784169263539745],[-4.0402916003433083,40.784062121858511],[-4.0416633370909887,40.783865974097345],[-4.0422006570883608,40.783789137205453],[-4.0422126584802829,40.783807749068963],[-4.0422987479245833,40.783941264405698],[-4.0423405132050929,40.784006038255583],[-4.0440936504364728,40.786724845451921],[-4.0443552892634331,40.78713451055669],[-4.0451977242223336,40.788453524866668],[-4.045236686384091,40.788514528677133],[-4.0454900999633958,40.788911288127096],[-4.0469675695148233,40.790177578877611],[-4.0506880619984296,40.790448168241014],[-4.0516392216415262,40.790512696511144],[-4.0519697582177896,40.790535118418767],[-4.0526178132983421,40.790579076426823],[-4.0534600497047215,40.79063620016003],[-4.0535136919379413,40.790639838901647],[-4.053600823030183,40.790663742366249],[-4.0554214822264596,40.791163214757184],[-4.0595913562118149,40.792307026085602],[-4.0654952846036121,40.793209041182429],[-4.0655482444874176,40.793217131635274],[-4.0668019267164617,40.793409829939407],[-4.0668005272120116,40.793322404239547],[-4.0667979546180302,40.793161695757533],[-4.0667939278463123,40.792910143005912],[-4.0667483749812154,40.790064229698793],[-4.0667374804521605,40.789383533955956],[-4.0667103481177502,40.787688190309709],[-4.0666295093198794,40.782636179339725],[-4.0666042481081313,40.781057219075691],[-4.0665998396425662,40.780781653620522],[-4.0665956783519777,40.780521535127981],[-4.0664601864237788,40.772050193927306],[-4.0663161898947155,40.763043154254554],[-4.0661722584875291,40.754036100058308],[-4.0661709507017747,40.753954241653226],[-4.0661587397972276,40.753189906607112],[-4.0661224832580771,40.750920274400954],[-4.0660981758932522,40.749398506183361],[-4.0660924649642762,40.749040955217552],[-4.0660891560763295,40.748833788761537],[-4.0660751910780268,40.747959429128798],[-4.0660578455389178,40.746873357503119],[-4.0660354273629107,40.745469580296771],[-4.0660283921688229,40.745029031339428],[-4.0660263836098505,40.744903252124544],[-4.0660131541819933,40.74407478401357],[-4.0659880044156305,40.742499731673128],[-4.0659464903658193,40.739899561177815],[-4.0658845909052364,40.736021948098802],[-4.0580193766312256,40.73609431862581],[-4.0543028430822261,40.736128329210509],[-4.0540433474521054,40.736130699425281],[-4.0497822890771529,40.736169536167189],[-4.0456883120854474,40.736206701859473],[-4.0451498783611841,40.736211579028037],[-4.0444149960250986,40.736218231586655],[-4.0422020396989025,40.736238236216835],[-4.0409595179000624,40.736249449732092],[-4.0401274001466883,40.736256951951169],[-4.0387261466986537,40.736269571831684],[-4.0321474919240385,40.73632859262775],[-4.0303606683674307,40.736344558454434],[-4.0254048833766083,40.736388695155036],[-4.0226018857021639,40.736413564690451],[-4.0220400342621607,40.736418541513352],[-4.018519234179438,40.736449666119341],[-4.0176426015744804,40.736457399030826],[-4.0119966341478381,40.736507043413496],[-4.0086219463540367,40.736536584775983],[-4.0075301997009269,40.736546120586077],[-4.0067134090320575,40.736553248051472],[-4.0066777378567249,40.736553559192942],[-4.0061173129961984,40.736558446045677],[-4.0048686937618481,40.736569324102192],[-4.0007909025881165,40.736604755987599],[-4.000489173932122,40.736607371979119],[-4.0000652780698429,40.736611045829214],[-3.9995524127746829,40.736615488684095],[-3.9985203080648946,40.736624422702462],[-3.9948361801211147,40.736656237656931],[-3.9829945616944529,40.736757701493133],[-3.9711528832986103,40.736857950683657],[-3.9593111456554833,40.736956985210767],[-3.9563964705938797,40.736981174792575],[-3.9557575498719166,40.736986467510079],[-3.9511880980794918,40.73702421700218],[-3.9488899120598306,40.737043134560473],[-3.9474693494869824,40.737054805056992]]]},"properties":{"FID":52,"Malla10km_":"30TVL11","Sheet1__Ur":" ","Sheet1__CU":" ","Sheet1__Ob":0}},{"type":"Feature","id":53,"geometry":{"type":"Polygon","coordinates":[[[-3.8290483277438394,40.737966192374238],[-3.829054677039498,40.73847759193832],[-3.8291601870079539,40.746973889773663],[-3.8292679572350714,40.755648443421229],[-3.8292720968808811,40.755981572815067],[-3.8293840573885842,40.764989241497702],[-3.8294055700209162,40.766719550183453],[-3.8294790634998286,40.772629655478013],[-3.8294933741214185,40.77378026413168],[-3.8294960685570421,40.773996895820765],[-3.8295154821580368,40.775557672689153],[-3.8295254514147077,40.776359113851349],[-3.8295439913142912,40.777849473763808],[-3.8295856977028571,40.781201700341761],[-3.8295986495441268,40.782242612808062],[-3.8295999582760678,40.782347789826218],[-3.8296081304122551,40.783004535783455],[-3.8296137110897801,40.783453009136252],[-3.8296995036806467,40.790346181495167],[-3.8297202429802417,40.79201216138501],[-3.8297484448982844,40.794277386061189],[-3.8297540394002652,40.794726714964625],[-3.8297555841428101,40.794850780957418],[-3.8297574132043568,40.794997681026715],[-3.8297603903486506,40.795236786402356],[-3.8297631551568667,40.795458835707919],[-3.8297651484912043,40.795618924295567],[-3.8297657104882408,40.795664059145551],[-3.8297683068735089,40.795872577523618],[-3.8297688198473021,40.795913774718649],[-3.8297739201458203,40.796323377719403],[-3.8297766301590994,40.796541014396524],[-3.8297767562015617,40.796551136599732],[-3.8297793188465623,40.796756936073159],[-3.8297821781369392,40.796986555858872],[-3.8298324062870406,40.801019772624684],[-3.8298324401917472,40.80102249482573],[-3.8298382764485761,40.801491080963579],[-3.8298430311884442,40.801872825205407],[-3.8298513567110564,40.802541239519883],[-3.8299102091710902,40.807265565135872],[-3.8299446203587104,40.810027369501647],[-3.8299455815292416,40.810104506479369],[-3.8299513872952966,40.810570431205022],[-3.8300568852213295,40.819034952015166],[-3.8301347343192989,40.82527878119096],[-3.8301677225397399,40.82792398412299],[-3.8301692009009951,40.828042520164502],[-3.8305038009267438,40.828040111872681],[-3.8310239456470376,40.828036366191284],[-3.8332863428027406,40.828020046863507],[-3.8420275488811195,40.827956577083668],[-3.843659301858064,40.827944655579358],[-3.8440012853110632,40.827942154139834],[-3.8442974485301904,40.82793998703341],[-3.8444344240107426,40.82793898448957],[-3.8450502886229567,40.827934474875505],[-3.8452511408019578,40.82793300344219],[-3.8538858452922198,40.827869415317259],[-3.8551553677169248,40.827860011734465],[-3.8556111128059833,40.827856632539721],[-3.865744089408456,40.827781034880708],[-3.8707803559220681,40.827743130371772],[-3.8739482276011907,40.827719175327616],[-3.8776022805040036,40.82769143578966],[-3.8809621297420414,40.827665827533089],[-3.8859700528213725,40.827627476264801],[-3.8894604178530607,40.827600618059961],[-3.9013185007298454,40.827508581707683],[-3.9131765284085982,40.82741532674914],[-3.9250345001635805,40.827320853200803],[-3.9368924152690732,40.827225161079426],[-3.9453313867057869,40.827156316990411],[-3.9460309181311146,40.827150582588345],[-3.9487502729993822,40.827128250401948],[-3.9487123551459709,40.824467765398772],[-3.9487025317292219,40.823778452639182],[-3.9486339956979606,40.818968587406665],[-3.94862191968594,40.818120970843673],[-3.9484998308084998,40.809549504656701],[-3.9484936244435169,40.809113676844042],[-3.9484522013434264,40.806204588929482],[-3.9484289928587781,40.804574502149016],[-3.9483653872422875,40.800106368403902],[-3.9482372080396453,40.791099044623323],[-3.9481090868442554,40.782091708205314],[-3.9479810235879191,40.773084356448479],[-3.9479122435642209,40.768245012853654],[-3.9478797667479952,40.765959542648865],[-3.9478565260422869,40.764323877720045],[-3.9478530182537219,40.764076990254424],[-3.9478433336428767,40.76339534569923],[-3.9477943997400242,40.75995080906587],[-3.9477937851253451,40.759907541541082],[-3.9477895886256493,40.759612114648746],[-3.9477853259902607,40.75931202740577],[-3.9477850213718408,40.759290582258799],[-3.9477670517386052,40.758025478462528],[-3.9477577561989192,40.757371019284662],[-3.9477528843370444,40.757028003712982],[-3.9477250708119547,40.755069609623938],[-3.9475971812201438,40.746062213657112],[-3.9475615231166268,40.743550047520735],[-3.9475272486495712,40.741135060826181],[-3.9474947466166199,40.738844688717251],[-3.9474770043022702,40.73759430147468],[-3.9474693494869824,40.737054805056992],[-3.9472416021580963,40.737056674466942],[-3.9456358062104311,40.737069842505171],[-3.9450144721579901,40.737074931646596],[-3.944620780737659,40.737078154511188],[-3.9420215824234575,40.737099398547095],[-3.9386930195804855,40.737126518410093],[-3.9375174327801656,40.737136073701585],[-3.9356274955150483,40.737151410205037],[-3.9321886417447622,40.737179236491137],[-3.9237855844616449,40.73724680063782],[-3.9158004775752513,40.737310437293644],[-3.9142366732309171,40.737322835204829],[-3.9137817516422873,40.737326437864638],[-3.9126273991082905,40.737335571477892],[-3.9119436170487512,40.737340976338515],[-3.9114168535180407,40.737345137305041],[-3.9108261235535107,40.737349800689699],[-3.9092679109684725,40.737362087139708],[-3.9081571855282151,40.737370832325489],[-3.9072656477049668,40.737377844025104],[-3.9070156036783921,40.737379809315783],[-3.9062035314215171,40.737386188286884],[-3.9044104982010497,40.737400252641301],[-3.9033742001966596,40.7374083685446],[-3.9024258940984859,40.737415787173525],[-3.9016199941372069,40.737422085629419],[-3.901432623211381,40.737423549207691],[-3.9002615114975336,40.737432690017961],[-3.9001015939983721,40.737433937290483],[-3.8999268427540299,40.737435300005046],[-3.8973383582654448,40.737455454081349],[-3.8966436716016348,40.737460853066274],[-3.8959982311851395,40.737465865570158],[-3.8882595160325359,40.737525683477287],[-3.8882261355862293,40.737525940373914],[-3.8871838173457367,40.737533957218687],[-3.8868021319565869,40.737536890543495],[-3.8866926066203304,40.737537732033431],[-3.8836506418513062,40.737561062100667],[-3.8833703771968793,40.737563207530307],[-3.8825101178448831,40.737569788575989],[-3.8806661433503038,40.737583873507866],[-3.8796278608010359,40.737591791312603],[-3.8774433720272015,40.737608419431076],[-3.8764173838732878,40.737616214882756],[-3.8762121732394288,40.737617772977188],[-3.872858368196952,40.737643185560728],[-3.8660892418162991,40.7376941799617],[-3.8655613226013612,40.737698140287193],[-3.8653085066066155,40.737700035997989],[-3.8649864072141646,40.737702450419832],[-3.8645751982426955,40.737705531490832],[-3.8542631233421178,40.73778231781121],[-3.8527329598628466,40.737793633285797],[-3.8493987165620207,40.737818219559564],[-3.8443438390954507,40.73785530983487],[-3.840890669455852,40.737880520252027],[-3.8403013326728126,40.737884812477425],[-3.8290483277438394,40.737966192374238]]]},"properties":{"FID":53,"Malla10km_":"30TVL21","Sheet1__Ur":" ","Sheet1__CU":" ","Sheet1__Ob":0}},{"type":"Feature","id":54,"geometry":{"type":"Polygon","coordinates":[[[-4.3010951639877764,40.651418304024595],[-4.3010951776517352,40.651419007379339],[-4.3011136528060154,40.652369996499964],[-4.3011168467503085,40.65253439680292],[-4.3011212920698529,40.652763206254875],[-4.3011381436925431,40.653630568899494],[-4.301176090543688,40.655583576283611],[-4.3011941728083549,40.656514147094924],[-4.3011993189348505,40.656778975148107],[-4.3012085875815744,40.657255945897951],[-4.3012294671995548,40.658330383003431],[-4.3012918630838701,40.661540844968187],[-4.3013277022099876,40.663384644570122],[-4.3013494268108579,40.664502217109479],[-4.3013933584641579,40.666761988589357],[-4.3014152785690749,40.667889426297577],[-4.3014560518056664,40.669986384852166],[-4.3014634232030318,40.670365470550493],[-4.3014669585433518,40.670547278416166],[-4.3015161205095955,40.67307530156193],[-4.3015216506251903,40.673359652882219],[-4.3021885571619745,40.673044046175782],[-4.3098082036213405,40.669858751949761],[-4.3150462923377999,40.667307967358511],[-4.3161942588361555,40.666748886240093],[-4.3179941797086645,40.662822055289524],[-4.3176930426644615,40.661797270835009],[-4.3190549523942465,40.660408794428449],[-4.3241041962056084,40.658021200780276],[-4.3238662760727742,40.655854575667924],[-4.3231852350880535,40.653378025028523],[-4.3226296935397057,40.652055507870841],[-4.3222435564707151,40.651136240051095],[-4.3205016589424785,40.648910801710628],[-4.3195098950807447,40.647643649587884],[-4.3186107892194334,40.647739461877151],[-4.3177298563533659,40.647833330145509],[-4.317223365664141,40.647874771288727],[-4.3163452623362542,40.648069060485462],[-4.3158659977536376,40.648162464769406],[-4.3154478541268722,40.648243956124752],[-4.3153734085507809,40.648258465559159],[-4.3140145920202455,40.648556382882745],[-4.3139434974996016,40.648571970303543],[-4.3136318407984255,40.648599295266244],[-4.3129668513859185,40.648716973826275],[-4.3126985125034283,40.648764459082749],[-4.3120158080727693,40.648974326736152],[-4.3119149199989897,40.648984024843692],[-4.3118054790555007,40.648994545217683],[-4.3106106676574489,40.649358838415509],[-4.310338491566978,40.649409484976481],[-4.306445758223675,40.650114765653555],[-4.3053687659798792,40.650309867884623],[-4.303934437312539,40.650801631480768],[-4.3034998713372801,40.650931362907258],[-4.3021313495853981,40.651196469423304],[-4.3010951639877764,40.651418304024595]]]},"properties":{"FID":54,"Malla10km_":"30TUL80","Sheet1__Ur":" ","Sheet1__CU":" ","Sheet1__Ob":0}},{"type":"Feature","id":55,"geometry":{"type":"Polygon","coordinates":[[[-4.3010951639877764,40.651418304024595],[-4.3010923252876454,40.651418911740691],[-4.3007244988064084,40.651497656833818],[-4.2994633554281823,40.651666402904659],[-4.2984554700493289,40.651763195326723],[-4.2983415158573166,40.651774138372332],[-4.296876199993128,40.651879759812076],[-4.2944744742932848,40.651995864401222],[-4.2935857935040644,40.652053382907972],[-4.2924071261141767,40.652048737997028],[-4.2910342686809564,40.652067954860733],[-4.2902925132005096,40.652078330436133],[-4.2902731827389129,40.652084897409431],[-4.2881887507451228,40.652792977038331],[-4.2878498368850249,40.652908101278655],[-4.2875067006095717,40.652923812193521],[-4.2869519721170661,40.652894330712293],[-4.2857452837123864,40.652926732320232],[-4.2854385308563634,40.652934966592817],[-4.2851748157252647,40.652933403568504],[-4.2843925057232335,40.652928763031632],[-4.2834646752909897,40.652980691822428],[-4.2828477407910519,40.652963766032357],[-4.2817054660430287,40.65282188556305],[-4.2797110112002068,40.652522961056654],[-4.277452375322496,40.652452890305014],[-4.2767997527791515,40.652492939661464],[-4.2760265927661765,40.6525968965095],[-4.2757579432715804,40.652635076604213],[-4.2749802541248769,40.652745597709085],[-4.2744214691463673,40.652812701886539],[-4.2742495349952803,40.652833349755731],[-4.2741154835451534,40.652849447150409],[-4.2738319079526246,40.652883499465638],[-4.2732689239164614,40.652960178933355],[-4.2728791460815465,40.653013266516652],[-4.272570091730028,40.653019576771712],[-4.2722451795532965,40.653026209581292],[-4.2718234833851474,40.653009100202468],[-4.2717828721646729,40.653007453089657],[-4.2712646354333881,40.652929671988716],[-4.2709578688632073,40.652855519949668],[-4.2704797950895843,40.65283097270293],[-4.2701950164622389,40.65288270209183],[-4.2695549306648539,40.652998970497016],[-4.2688724072687139,40.653122943645705],[-4.2682889512115452,40.653137152088405],[-4.2679802166870022,40.653144668988794],[-4.2664996944044633,40.653107246740461],[-4.2656214766467331,40.652792353137613],[-4.2645202355670717,40.652397478253356],[-4.2638920086628431,40.652172207567865],[-4.2634174305909838,40.652002027951532],[-4.2631333717683759,40.651933805278972],[-4.2628531346397782,40.651866497701405],[-4.2622874531245225,40.651730631201339],[-4.2621825960240676,40.651705446749872],[-4.260522434050845,40.651729097778315],[-4.2602774100398646,40.651732586961259],[-4.2585976074594685,40.651756489553001],[-4.2573208574533261,40.651728654205549],[-4.2568172946277638,40.651596979553744],[-4.2560396391027773,40.651462317610644],[-4.2560116171999214,40.65161504637878],[-4.255930955806182,40.652054676014131],[-4.2558620387891626,40.652430288977747],[-4.2557496469078711,40.653117274401041],[-4.2556451754717539,40.654227561631721],[-4.2554268205783989,40.654903256444776],[-4.2552603358920589,40.655418425649636],[-4.2549571224598228,40.656369859125597],[-4.2548106842704652,40.656767180100374],[-4.2547264292438758,40.656995785158159],[-4.2544429644592787,40.657764872438321],[-4.2542257600477171,40.6583827738189],[-4.2541169885538386,40.658692205426192],[-4.2540830879760785,40.659873778678154],[-4.2540675256292486,40.660036995107944],[-4.2539783590662363,40.66097214163306],[-4.2539466743759631,40.66123765010137],[-4.2538700528885718,40.661879720103421],[-4.2546428830901029,40.66258691662096],[-4.2547100776259787,40.662625415420536],[-4.2549595246924827,40.662768330980413],[-4.2559849336061824,40.663162678717292],[-4.2559975762665436,40.66316778678982],[-4.2563873529084537,40.663325273267411],[-4.2570866270606764,40.663866279503225],[-4.258094286986764,40.664564919057099],[-4.2587626458666188,40.665022178822923],[-4.2589887950563083,40.665176898283725],[-4.2592525287910883,40.665357327295339],[-4.2599191849239855,40.66582711062177],[-4.260807243820115,40.666825196656674],[-4.261196171481541,40.667101214232403],[-4.262491002010937,40.668488411579247],[-4.2628212051672794,40.668862088238591],[-4.2628511062246961,40.66889592560841],[-4.262879558860587,40.668920527163472],[-4.2637475470547361,40.669671027231949],[-4.26398165325626,40.669873441058613],[-4.2651357124202525,40.670850685684037],[-4.2652059097381914,40.670921467565783],[-4.2664930098215441,40.672219259567186],[-4.2670494340392899,40.67306588430192],[-4.267216172729726,40.673495693256051],[-4.2672658961238792,40.673623866869931],[-4.2674364279049977,40.674063446682069],[-4.2674377371656478,40.674546453513024],[-4.2695533308325233,40.675315597112991],[-4.2699851172528565,40.675472570440505],[-4.2701652382192945,40.675536388023332],[-4.2701740127587362,40.675539496673075],[-4.2709155895770738,40.675802233194922],[-4.2717452957412956,40.67618666519283],[-4.2725321928772946,40.676294725694383],[-4.2734336820222056,40.676418513883846],[-4.2741529951776611,40.677087828929857],[-4.2746799571207204,40.677219367213084],[-4.2774450215906787,40.677909525636039],[-4.2800191599684521,40.679369099859763],[-4.2815751459817575,40.680452211216256],[-4.2839174953078034,40.680751178395468],[-4.2848177208125033,40.681220082133777],[-4.2899651638645322,40.680564056983137],[-4.2901430994248253,40.680379931452521],[-4.2930563102829149,40.677365199447593],[-4.2938693757578132,40.676980528565011],[-4.3015216506251903,40.673359652882219],[-4.3015161205095955,40.67307530156193],[-4.3014669585433518,40.670547278416166],[-4.3014634232030318,40.670365470550493],[-4.3014560518056664,40.669986384852166],[-4.3014152785690749,40.667889426297577],[-4.3013933584641579,40.666761988589357],[-4.3013494268108579,40.664502217109479],[-4.3013277022099876,40.663384644570122],[-4.3012918630838701,40.661540844968187],[-4.3012294671995548,40.658330383003431],[-4.3012085875815744,40.657255945897951],[-4.3011993189348505,40.656778975148107],[-4.3011941728083549,40.656514147094924],[-4.301176090543688,40.655583576283611],[-4.3011381436925431,40.653630568899494],[-4.3011212920698529,40.652763206254875],[-4.3011168467503085,40.65253439680292],[-4.3011136528060154,40.652369996499964],[-4.3010951776517352,40.651419007379339],[-4.3010951639877764,40.651418304024595]]]},"properties":{"FID":55,"Malla10km_":"30TUL90","Sheet1__Ur":" ","Sheet1__CU":" ","Sheet1__Ob":0}},{"type":"Feature","id":56,"geometry":{"type":"Polygon","coordinates":[[[-4.0644501489781586,40.645950317190703],[-4.0644927812279077,40.648633186570265],[-4.0644989905516313,40.64902391226142],[-4.0645372911414963,40.651433831564972],[-4.0645707045721311,40.653536006055091],[-4.0645933015345266,40.654957546500917],[-4.0646384361072183,40.657796589026418],[-4.0647365187850868,40.663964759496828],[-4.0647538814859683,40.665056456048902],[-4.0647895639613854,40.667299837653701],[-4.0648496167111183,40.671074822846734],[-4.0648798008059144,40.672971958879643],[-4.0649045883706787,40.674529775703682],[-4.0650231476158289,40.681979143747775],[-4.0650400732364815,40.683042394012503],[-4.0651089616101341,40.687369304069449],[-4.0651665592479986,40.69098631410035],[-4.0651862991088912,40.692225784056191],[-4.0651906275194536,40.692497555507039],[-4.0651993158040787,40.693043062703637],[-4.0652263478870152,40.694740217371361],[-4.0652466581779176,40.696015262457827],[-4.0652862922455881,40.698503185143274],[-4.0653100357356147,40.699993469936487],[-4.0653184295266671,40.700520288175248],[-4.0653371320250322,40.701694059970286],[-4.0653757147869873,40.704115301022085],[-4.0654535771118931,40.709000611255263],[-4.0654635262354244,40.70962476176657],[-4.0655963984913486,40.717958518297444],[-4.0655971834100741,40.718007738055846],[-4.0656444514085015,40.72097153900922],[-4.0656794030253449,40.723162792846466],[-4.0656880323595788,40.7237037623905],[-4.0657117664268574,40.725191565617351],[-4.0657278057525046,40.726196950042308],[-4.065738204245652,40.726848725984361],[-4.0657408546634253,40.727014850337312],[-4.0658845909052364,40.736021948098802],[-4.0688088884696132,40.73599490392084],[-4.070266666502472,40.735981394572853],[-4.071029731511727,40.735974315844132],[-4.0754343732519676,40.735933356654321],[-4.07576521220264,40.735930273362335],[-4.0777257693365954,40.735911982256603],[-4.0822210537743375,40.735869917548662],[-4.08255491500727,40.73586678644984],[-4.0831208576961648,40.735861476581547],[-4.0842629747804944,40.735850752394519],[-4.0846480274717658,40.735847134300293],[-4.0895668820244806,40.735800801918089],[-4.1014079282472169,40.735688407102927],[-4.113248907283154,40.735574797830964],[-4.1174280366799021,40.735534410715289],[-4.1180939264193555,40.735527961575471],[-4.1203596107324501,40.735505989649589],[-4.1208247341341648,40.735501473518681],[-4.1210228344522832,40.734918536862011],[-4.1215591729180581,40.733340226774772],[-4.1227667655450437,40.732114377623816],[-4.1229283190228303,40.731950378153265],[-4.1244875503510485,40.730361135916212],[-4.1252057385367547,40.729629091627046],[-4.1253501793747844,40.729061447666254],[-4.1256184196982693,40.728084865936239],[-4.1258068573569018,40.727221616506945],[-4.1256917519378202,40.724494309988977],[-4.1261324008190599,40.72442688589863],[-4.1275334533567314,40.724212497297593],[-4.1286784628114335,40.724006058545214],[-4.1296994315518925,40.723673900448695],[-4.1304974128078102,40.723055919749171],[-4.1310649122471563,40.722088739203102],[-4.1313936997450798,40.721802398637003],[-4.1315525542241023,40.721552692996269],[-4.13224751304619,40.720460250645388],[-4.1326935939463567,40.719759011903854],[-4.1337966708411127,40.718976928916881],[-4.1343337515100265,40.718869144215709],[-4.1349706590275304,40.718594401730456],[-4.1350594480061851,40.718524271927748],[-4.1360595266908327,40.717734341999922],[-4.1362855876618054,40.716802153779135],[-4.1362873522848718,40.716794874723604],[-4.1362947231609537,40.716786287405867],[-4.1367703360166184,40.716232228657937],[-4.1368409474259407,40.716149971904215],[-4.1369025852835026,40.716032276104656],[-4.1371827008137867,40.715497386796457],[-4.137395055937688,40.715222557385836],[-4.1380777500431929,40.714185238016782],[-4.1383603194360452,40.713718246830027],[-4.1385769324170045,40.713360254323995],[-4.1386788068137941,40.713177692775943],[-4.1390562593546667,40.712501280091558],[-4.1392861721821204,40.71206457450451],[-4.1395283203917845,40.711597988325302],[-4.1398318663908755,40.711013089478371],[-4.1400215951019064,40.710647493481972],[-4.1401940068158414,40.7103152651597],[-4.1402053892964723,40.710293330717192],[-4.1402021432929468,40.710102984169382],[-4.1402399137720547,40.70991557276399],[-4.1405806612359681,40.708224811105481],[-4.1412538361176132,40.707075913968751],[-4.1416145662032129,40.705285774517726],[-4.1417490026484005,40.704836423168643],[-4.1420818073540522,40.70372399833056],[-4.1421377091890843,40.702823929780358],[-4.1421421751751089,40.702752001895121],[-4.142303487063586,40.70248039857902],[-4.1430462072090197,40.701229839013941],[-4.1435413973030313,40.700556188655483],[-4.1442148858976902,40.699807543813925],[-4.1446277657322144,40.699198160012173],[-4.1453119803200167,40.697966528385876],[-4.1453121927260774,40.697966145221422],[-4.145127836678232,40.697424387860011],[-4.1448867308645116,40.696715856710078],[-4.1445558168902918,40.696158714098885],[-4.1443799720324321,40.695862649201793],[-4.1443650357206145,40.695837500666208],[-4.1445306892878335,40.695686048827639],[-4.1446393688146737,40.695586686405193],[-4.1452396431233138,40.695037863065764],[-4.1456658406379887,40.694648188752218],[-4.1461906658162588,40.694398155412109],[-4.1471098772236967,40.693960221792331],[-4.1487689285531726,40.693360034861577],[-4.1497067445369149,40.693020750513107],[-4.1505229551282294,40.692725451735562],[-4.1507819487603479,40.692698814871413],[-4.1516528731640685,40.692609236221955],[-4.1523650737854751,40.692534791513999],[-4.1528403804713978,40.692485106168292],[-4.1538349853876841,40.692632488796811],[-4.1540883802517188,40.692670036990584],[-4.1546090262136719,40.692747183066139],[-4.1546149364666958,40.692748059027053],[-4.154628659057316,40.692741731168304],[-4.1549174024089899,40.692608587829099],[-4.1551842017869633,40.692485562744466],[-4.1553561723967203,40.692406263678656],[-4.1570298131336969,40.692108846309608],[-4.1571463479199471,40.692088136197043],[-4.1573419548896853,40.691962004677642],[-4.1576758115060333,40.691746725299105],[-4.158630442802477,40.691131141615763],[-4.1589719055267489,40.690851923092296],[-4.1598886396030128,40.690093426568026],[-4.1601472191859177,40.689890347009403],[-4.1602338339078671,40.689822322150704],[-4.1603166653837471,40.689753506477153],[-4.161732763649197,40.688893101661733],[-4.1640664138026491,40.687513841813939],[-4.165353325896862,40.686333190044977],[-4.1668832698528533,40.684922793376678],[-4.1679580635642033,40.683933758061784],[-4.168348414397661,40.683574543659013],[-4.1692738548092336,40.682722901764251],[-4.1700950296892803,40.681967187182465],[-4.1709756388585015,40.681164844203742],[-4.1715693318827016,40.680623902342298],[-4.172264221698792,40.678862396885251],[-4.1727422285105265,40.67764971351685],[-4.1727974908270591,40.677387949218669],[-4.1735156481469158,40.673986007142695],[-4.1734859445670436,40.670602792997556],[-4.173550261470667,40.667152000001721],[-4.1719210590875733,40.665958067140643],[-4.1716367363156373,40.665749699645197],[-4.1699430493880936,40.664508427080463],[-4.1695597498472132,40.66408979859095],[-4.1691035832011742,40.663591580766145],[-4.1688624209436655,40.663328182341239],[-4.1688040334807068,40.662341341272729],[-4.1688110319996952,40.659648323941148],[-4.1688120379046882,40.659261401999153],[-4.1688476085430866,40.658528790670985],[-4.1689286257533338,40.656860107392866],[-4.1689301259861224,40.656829226416178],[-4.1685354623021311,40.655736071983526],[-4.1682283442932189,40.655254417615268],[-4.1680454911858913,40.654967643619052],[-4.167486001493633,40.654090163719793],[-4.1665709122149703,40.652654917999598],[-4.1671429948111198,40.65123537521572],[-4.1688831097668624,40.650293795513178],[-4.1692387405456124,40.650101355831815],[-4.1693448818235819,40.649521135274838],[-4.1690681313916222,40.649203630599324],[-4.1683081306703835,40.648331689846856],[-4.1679421706992752,40.647911817828835],[-4.1677716316337179,40.647343966586021],[-4.1676148680830378,40.646821975854337],[-4.1676135886668382,40.646817716959127],[-4.1678008562959592,40.644951296438656],[-4.1677114319585202,40.644952200837281],[-4.1593705861594916,40.645036251947857],[-4.1590502799082829,40.645039467673691],[-4.1472255025203877,40.645157560917831],[-4.1442100490059639,40.645187482223129],[-4.1354006554171647,40.645274443615655],[-4.1274343657139916,40.645352503537652],[-4.1235757393164789,40.645390115746544],[-4.1153980760137898,40.645469401733607],[-4.1146229768359897,40.645476886600648],[-4.1129491536591836,40.645493032383577],[-4.1117507549362164,40.64550457729009],[-4.1102715030620258,40.645518810671156],[-4.1061030569344288,40.645558817550494],[-4.1031002557898066,40.645587543825322],[-4.1027894136117959,40.645590513033554],[-4.099925702994299,40.645617828226136],[-4.0950923462632529,40.645663769544988],[-4.0914071015856726,40.64569866202914],[-4.0881005842086671,40.645729868534715],[-4.0838803460985407,40.645769561048695],[-4.079735336085335,40.645808395845279],[-4.0777105697684997,40.645827311872139],[-4.0762753992972875,40.645840698196089],[-4.0683278743998228,40.64591450450461],[-4.0650273116144318,40.645944995062656],[-4.0644501489781586,40.645950317190703]]]},"properties":{"FID":56,"Malla10km_":"30TVL00","Sheet1__Ur":" ","Sheet1__CU":" ","Sheet1__Ob":0}},{"type":"Feature","id":57,"geometry":{"type":"Polygon","coordinates":[[[-3.9461942063365494,40.646979916318891],[-3.9462725603531363,40.652526569113881],[-3.9463214613783659,40.655987470121687],[-3.9463406654969071,40.657346449544924],[-3.9463425105906764,40.657477012705783],[-3.9464487739578393,40.664995009498078],[-3.9465101538045677,40.669336258167178],[-3.9465718835986463,40.673701300603526],[-3.9465761441044096,40.674002534447148],[-3.9466091218715955,40.67633403250607],[-3.9466725472706496,40.680817380808527],[-3.9467035718475425,40.683010044968164],[-3.9467059902637533,40.683180956530016],[-3.9467175982135343,40.684001279884434],[-3.9467366585212127,40.685348181136909],[-3.9467617707653382,40.687122604440368],[-3.9467909642500185,40.689185207579285],[-3.9468047215802455,40.690157127996834],[-3.9468107149997187,40.690580532970515],[-3.9468310572167269,40.692017541060203],[-3.946854413932066,40.69366737005388],[-3.9469145682480589,40.697915809522684],[-3.9469181836287928,40.698171119281298],[-3.9469586002414689,40.701025022722447],[-3.9470077358418525,40.704494039978051],[-3.9470568889945454,40.707963689955278],[-3.9470862009513024,40.710032489954088],[-3.9471758206844911,40.716356397656405],[-3.9471863591758685,40.717099901129693],[-3.9472010803951765,40.718138454555969],[-3.9472138593757764,40.719039942754272],[-3.9472181610091965,40.719343390593451],[-3.9472524335939201,40.721760897595367],[-3.9473415755444718,40.728047381122195],[-3.9473584167675297,40.729234837060702],[-3.9473708418731031,40.730110871914803],[-3.9474176368395391,40.733409814493008],[-3.9474207227827676,40.733627347454458],[-3.9474444322128499,40.735298582706406],[-3.9474646877675741,40.736726249000093],[-3.9474679994016295,40.736959652158951],[-3.9474693494869824,40.737054805056992],[-3.9488899120598306,40.737043134560473],[-3.9511880980794918,40.73702421700218],[-3.9557575498719166,40.736986467510079],[-3.9563964705938797,40.736981174792575],[-3.9593111456554833,40.736956985210767],[-3.9711528832986103,40.736857950683657],[-3.9829945616944529,40.736757701493133],[-3.9948361801211147,40.736656237656931],[-3.9985203080648946,40.736624422702462],[-3.9995524127746829,40.736615488684095],[-4.0000652780698429,40.736611045829214],[-4.000489173932122,40.736607371979119],[-4.0007909025881165,40.736604755987599],[-4.0048686937618481,40.736569324102192],[-4.0061173129961984,40.736558446045677],[-4.0066777378567249,40.736553559192942],[-4.0067134090320575,40.736553248051472],[-4.0075301997009269,40.736546120586077],[-4.0086219463540367,40.736536584775983],[-4.0119966341478381,40.736507043413496],[-4.0176426015744804,40.736457399030826],[-4.018519234179438,40.736449666119341],[-4.0220400342621607,40.736418541513352],[-4.0226018857021639,40.736413564690451],[-4.0254048833766083,40.736388695155036],[-4.0303606683674307,40.736344558454434],[-4.0321474919240385,40.73632859262775],[-4.0387261466986537,40.736269571831684],[-4.0401274001466883,40.736256951951169],[-4.0409595179000624,40.736249449732092],[-4.0422020396989025,40.736238236216835],[-4.0444149960250986,40.736218231586655],[-4.0451498783611841,40.736211579028037],[-4.0456883120854474,40.736206701859473],[-4.0497822890771529,40.736169536167189],[-4.0540433474521054,40.736130699425281],[-4.0543028430822261,40.736128329210509],[-4.0580193766312256,40.73609431862581],[-4.0658845909052364,40.736021948098802],[-4.0657408546634253,40.727014850337312],[-4.065738204245652,40.726848725984361],[-4.0657278057525046,40.726196950042308],[-4.0657117664268574,40.725191565617351],[-4.0656880323595788,40.7237037623905],[-4.0656794030253449,40.723162792846466],[-4.0656444514085015,40.72097153900922],[-4.0655971834100741,40.718007738055846],[-4.0655963984913486,40.717958518297444],[-4.0654635262354244,40.70962476176657],[-4.0654535771118931,40.709000611255263],[-4.0653757147869873,40.704115301022085],[-4.0653371320250322,40.701694059970286],[-4.0653184295266671,40.700520288175248],[-4.0653100357356147,40.699993469936487],[-4.0652862922455881,40.698503185143274],[-4.0652466581779176,40.696015262457827],[-4.0652263478870152,40.694740217371361],[-4.0651993158040787,40.693043062703637],[-4.0651906275194536,40.692497555507039],[-4.0651862991088912,40.692225784056191],[-4.0651665592479986,40.69098631410035],[-4.0651089616101341,40.687369304069449],[-4.0650400732364815,40.683042394012503],[-4.0650231476158289,40.681979143747775],[-4.0649045883706787,40.674529775703682],[-4.0648798008059144,40.672971958879643],[-4.0648496167111183,40.671074822846734],[-4.0647895639613854,40.667299837653701],[-4.0647538814859683,40.665056456048902],[-4.0647365187850868,40.663964759496828],[-4.0646384361072183,40.657796589026418],[-4.0645933015345266,40.654957546500917],[-4.0645707045721311,40.653536006055091],[-4.0645372911414963,40.651433831564972],[-4.0644989905516313,40.64902391226142],[-4.0644927812279077,40.648633186570265],[-4.0644501489781586,40.645950317190703],[-4.0623039197114803,40.645970082669926],[-4.0617398445747721,40.645975270840921],[-4.0590778549765094,40.645999717720812],[-4.0547904999134845,40.646038962408767],[-4.0526248339692934,40.646058725499202],[-4.0521242197790031,40.646063288143772],[-4.0505280694377577,40.646077821112456],[-4.0494452046304872,40.646087668045674],[-4.0419614739789598,40.646155443012574],[-4.0407994549887123,40.646165923102529],[-4.0360121509028204,40.646208975789939],[-4.0353998259098143,40.646214468168019],[-4.0350282111106344,40.646217799861667],[-4.0344070672519541,40.646223366024792],[-4.0289740127545324,40.646271909981763],[-4.0256761608598044,40.646301251352241],[-4.022094870117666,40.646333007812601],[-4.0211626499694733,40.646341255886533],[-4.0204661609414343,40.646347413351684],[-4.0171485079848219,40.646376686118195],[-4.0073890485759618,40.646462244368998],[-4.0064607374476555,40.646470339624386],[-4.0053229413976963,40.646480251493372],[-3.9957677175109265,40.646563048972403],[-3.9934973137112961,40.646582606089062],[-3.9908875171147145,40.646605031554436],[-3.989816880452389,40.646614214257838],[-3.9816716256437834,40.646683749887167],[-3.9813678986487173,40.64668633167539],[-3.9732680689854378,40.646754888337654],[-3.9731109843256243,40.6467562122792],[-3.9725857046693278,40.646760637890964],[-3.9701133724981195,40.646781435808172],[-3.9698458779133441,40.646783682869888],[-3.9692349683101482,40.646788812431332],[-3.9687985666084051,40.646792474740977],[-3.9683907810285253,40.646795895411458],[-3.962779826657687,40.646842816111736],[-3.9605690608926318,40.646861228394933],[-3.9580200712381912,40.646882405019596],[-3.9461942063365494,40.646979916318891]]]},"properties":{"FID":57,"Malla10km_":"30TVL10","Sheet1__Ur":" ","Sheet1__CU":" ","Sheet1__Ob":0}},{"type":"Feature","id":58,"geometry":{"type":"Polygon","coordinates":[[[-3.8279325128900217,40.647888428862018],[-3.8279363315483419,40.64819740040361],[-3.8279431674648561,40.648750489379097],[-3.8280146884176958,40.654536273474129],[-3.8280438674895558,40.656896269798338],[-3.828062771097644,40.658425039372034],[-3.8281091779660934,40.662177549140857],[-3.8281542374902249,40.665820432708223],[-3.8281552724393682,40.665904096384509],[-3.8281977486345768,40.669337501715717],[-3.828266727765222,40.674911908619769],[-3.8282818219561223,40.67613150599955],[-3.8283120139850899,40.678570770666447],[-3.8283497424975574,40.681618499286671],[-3.8283747978283404,40.683642223283087],[-3.8283782334929017,40.683919706503275],[-3.8284134823264226,40.686766372721756],[-3.8284180600678805,40.687136037334682],[-3.828481503932629,40.69225858692581],[-3.8284897896482182,40.692927490034315],[-3.8284937948396882,40.693250819750624],[-3.8284997041606701,40.693727855761104],[-3.8285092563195287,40.694498939362788],[-3.8285235275866891,40.695650910057999],[-3.828535720054564,40.696635027997353],[-3.8285404069300908,40.697013317286739],[-3.8285624376230221,40.698791372301258],[-3.8285726564550684,40.69961606058925],[-3.8285872597727364,40.700794529650452],[-3.8285949210756516,40.70141275901932],[-3.8285987446613765,40.701721296331371],[-3.8286013962569916,40.701935259212071],[-3.8286101717298382,40.702643354304449],[-3.8286490268965516,40.705778283910853],[-3.8286676089921463,40.707277357707795],[-3.8286908403745872,40.709151344289651],[-3.8287097502930907,40.710676604330231],[-3.8287130533450666,40.710943014035692],[-3.8287535073800236,40.714205569267051],[-3.8288247609383079,40.719950754504445],[-3.8289365190625988,40.728958480617578],[-3.8290483277438394,40.737966192374238],[-3.8403013326728126,40.737884812477425],[-3.840890669455852,40.737880520252027],[-3.8443438390954507,40.73785530983487],[-3.8493987165620207,40.737818219559564],[-3.8527329598628466,40.737793633285797],[-3.8542631233421178,40.73778231781121],[-3.8645751982426955,40.737705531490832],[-3.8649864072141646,40.737702450419832],[-3.8653085066066155,40.737700035997989],[-3.8655613226013612,40.737698140287193],[-3.8660892418162991,40.7376941799617],[-3.872858368196952,40.737643185560728],[-3.8762121732394288,40.737617772977188],[-3.8764173838732878,40.737616214882756],[-3.8774433720272015,40.737608419431076],[-3.8796278608010359,40.737591791312603],[-3.8806661433503038,40.737583873507866],[-3.8825101178448831,40.737569788575989],[-3.8833703771968793,40.737563207530307],[-3.8836506418513062,40.737561062100667],[-3.8866926066203304,40.737537732033431],[-3.8868021319565869,40.737536890543495],[-3.8871838173457367,40.737533957218687],[-3.8882261355862293,40.737525940373914],[-3.8882595160325359,40.737525683477287],[-3.8959982311851395,40.737465865570158],[-3.8966436716016348,40.737460853066274],[-3.8973383582654448,40.737455454081349],[-3.8999268427540299,40.737435300005046],[-3.9001015939983721,40.737433937290483],[-3.9002615114975336,40.737432690017961],[-3.901432623211381,40.737423549207691],[-3.9016199941372069,40.737422085629419],[-3.9024258940984859,40.737415787173525],[-3.9033742001966596,40.7374083685446],[-3.9044104982010497,40.737400252641301],[-3.9062035314215171,40.737386188286884],[-3.9070156036783921,40.737379809315783],[-3.9072656477049668,40.737377844025104],[-3.9081571855282151,40.737370832325489],[-3.9092679109684725,40.737362087139708],[-3.9108261235535107,40.737349800689699],[-3.9114168535180407,40.737345137305041],[-3.9119436170487512,40.737340976338515],[-3.9126273991082905,40.737335571477892],[-3.9137817516422873,40.737326437864638],[-3.9142366732309171,40.737322835204829],[-3.9158004775752513,40.737310437293644],[-3.9237855844616449,40.73724680063782],[-3.9321886417447622,40.737179236491137],[-3.9356274955150483,40.737151410205037],[-3.9375174327801656,40.737136073701585],[-3.9386930195804855,40.737126518410093],[-3.9420215824234575,40.737099398547095],[-3.944620780737659,40.737078154511188],[-3.9450144721579901,40.737074931646596],[-3.9456358062104311,40.737069842505171],[-3.9472416021580963,40.737056674466942],[-3.9474693494869824,40.737054805056992],[-3.9474679994016295,40.736959652158951],[-3.9474646877675741,40.736726249000093],[-3.9474444322128499,40.735298582706406],[-3.9474207227827676,40.733627347454458],[-3.9474176368395391,40.733409814493008],[-3.9473708418731031,40.730110871914803],[-3.9473584167675297,40.729234837060702],[-3.9473415755444718,40.728047381122195],[-3.9472524335939201,40.721760897595367],[-3.9472181610091965,40.719343390593451],[-3.9472138593757764,40.719039942754272],[-3.9472010803951765,40.718138454555969],[-3.9471863591758685,40.717099901129693],[-3.9471758206844911,40.716356397656405],[-3.9470862009513024,40.710032489954088],[-3.9470568889945454,40.707963689955278],[-3.9470077358418525,40.704494039978051],[-3.9469586002414689,40.701025022722447],[-3.9469181836287928,40.698171119281298],[-3.9469145682480589,40.697915809522684],[-3.946854413932066,40.69366737005388],[-3.9468310572167269,40.692017541060203],[-3.9468107149997187,40.690580532970515],[-3.9468047215802455,40.690157127996834],[-3.9467909642500185,40.689185207579285],[-3.9467617707653382,40.687122604440368],[-3.9467366585212127,40.685348181136909],[-3.9467175982135343,40.684001279884434],[-3.9467059902637533,40.683180956530016],[-3.9467035718475425,40.683010044968164],[-3.9466725472706496,40.680817380808527],[-3.9466091218715955,40.67633403250607],[-3.9465761441044096,40.674002534447148],[-3.9465718835986463,40.673701300603526],[-3.9465101538045677,40.669336258167178],[-3.9464487739578393,40.664995009498078],[-3.9463425105906764,40.657477012705783],[-3.9463406654969071,40.657346449544924],[-3.9463214613783659,40.655987470121687],[-3.9462725603531363,40.652526569113881],[-3.9461942063365494,40.646979916318891],[-3.9343682839266774,40.647076216750555],[-3.9225423047268486,40.647171306297651],[-3.9212147424930568,40.647181905247471],[-3.9107162694553654,40.647265184943393],[-3.9013458286735525,40.647338710166302],[-3.8988901788305426,40.647357852671206],[-3.8880074686968658,40.647442057928927],[-3.8870640335707227,40.647449309464783],[-3.8752378343942651,40.647539555307986],[-3.8725888595897513,40.647559603604257],[-3.8634115820195536,40.647628590184901],[-3.851585277164991,40.647716414079838],[-3.845447952217552,40.647761513320397],[-3.8402539822467374,40.647799425578526],[-3.8397589205489999,40.6478030269773],[-3.838787404102634,40.647810088245592],[-3.8352262669406438,40.647835901739775],[-3.8339567181162435,40.647845077716646],[-3.8330113354762441,40.647851901634496],[-3.8282369194152088,40.647886245844091],[-3.8279325128900217,40.647888428862018]]]},"properties":{"FID":58,"Malla10km_":"30TVL20","Sheet1__Ur":" ","Sheet1__CU":" ","Sheet1__Ob":0}},{"type":"Feature","id":59,"geometry":{"type":"Polygon","coordinates":[[[-4.2991968778426433,40.553462495934333],[-4.2992043276622356,40.553847868971523],[-4.2992577326856729,40.556610248051264],[-4.2993534245480847,40.561558956785632],[-4.2995433537211909,40.56147251837961],[-4.3000322474655741,40.561277036432863],[-4.3007168315014326,40.561003305034475],[-4.3017980907998838,40.560575653148177],[-4.3021858322336692,40.560436806492902],[-4.302616214134499,40.56028268923761],[-4.3036199025222928,40.559967363429607],[-4.3039752323855147,40.559791079329734],[-4.3050394316788987,40.559171049723545],[-4.3055684528883189,40.558853916846573],[-4.3061722196383796,40.558491970086664],[-4.3072289039957861,40.558512959238008],[-4.307415793428631,40.558462841080207],[-4.3078699713844886,40.558341041456167],[-4.3082262556277335,40.558215398565416],[-4.308893661133216,40.557940370197166],[-4.3094652507371016,40.557704821394054],[-4.3104405268082653,40.557298562146514],[-4.3112440946757848,40.556944904497016],[-4.3116094997536942,40.555761230507692],[-4.311979537257872,40.555142892803907],[-4.3123667556239562,40.554560871310969],[-4.3126358095381434,40.554051138257478],[-4.3133923349683165,40.554012143369754],[-4.3134178265211647,40.554008307760633],[-4.3151408992463223,40.553749062128766],[-4.3156831003027776,40.553621281293438],[-4.3168452263745101,40.553263507561283],[-4.3168466991370362,40.553262642165336],[-4.3110048346664556,40.553329089855431],[-4.3048829447773027,40.553398405564479],[-4.3008891466362522,40.553443450827999],[-4.3000293095022011,40.553453130693207],[-4.2991968778426433,40.553462495934333]]]},"properties":{"FID":59,"Malla10km_":"30TUK89","Sheet1__Ur":" ","Sheet1__CU":" ","Sheet1__Ob":0}},{"type":"Feature","id":60,"geometry":{"type":"Polygon","coordinates":[[[-4.1821787529770873,40.615274010869548],[-4.183039638175754,40.615134635451767],[-4.1867197795127193,40.614538753575665],[-4.1868884903536658,40.614491831086085],[-4.1874244135141625,40.614342776961188],[-4.1905813751562695,40.613464680666148],[-4.1962597725932991,40.611873324414439],[-4.1998585560561876,40.610608905430496],[-4.2031812543396558,40.609436585355994],[-4.2070189656718986,40.608094225587649],[-4.2071873218532412,40.608091621759357],[-4.2079563821680352,40.608079725348375],[-4.2087010923445662,40.607982609222375],[-4.2095055133563264,40.607776720801724],[-4.2101852996347437,40.607501619444925],[-4.2108205578395115,40.607151747915701],[-4.2114295198910296,40.606712825431195],[-4.2128118700203325,40.606058919010515],[-4.2137968591405439,40.605606629584095],[-4.2143856378992526,40.605417086281058],[-4.2147675917259297,40.60538956057983],[-4.2152924327586012,40.605416952383287],[-4.2158731999197245,40.605467259901253],[-4.2164366631013914,40.605583562269963],[-4.2184163715785896,40.605557995748718],[-4.2202845373912385,40.605171147740656],[-4.2216398822754995,40.604390889973686],[-4.2219041231975574,40.604360971583915],[-4.2223969991900239,40.604305163738097],[-4.2232117406903829,40.604212908107073],[-4.224952843249385,40.604015736882225],[-4.2277773058298882,40.603695822038773],[-4.2308894903196368,40.603362707608667],[-4.2314975958188423,40.603297607958147],[-4.2317984955920513,40.60326539595242],[-4.2328009789967043,40.603158067191387],[-4.2399386246780137,40.602526892447493],[-4.2421895726344419,40.602498008839476],[-4.2449836993783334,40.602457915619148],[-4.2454672261768742,40.602450969749356],[-4.2487995144182849,40.602866942908221],[-4.2502887914427694,40.603052817665258],[-4.2505804191742209,40.60308921382552],[-4.2525877220260222,40.603321391323391],[-4.2526574106169592,40.603329451196146],[-4.252775571162358,40.603343117329707],[-4.2542832011316865,40.603517473502571],[-4.2551704485850408,40.603620072880844],[-4.2555102239275779,40.603657019689237],[-4.2572946473250912,40.603851033872715],[-4.2574110983207349,40.603863695000697],[-4.2594214126765015,40.60443131963374],[-4.2601227106542501,40.604622082263866],[-4.2603810919353657,40.604692363200215],[-4.2621237082626013,40.605166341797506],[-4.2650441440040172,40.608879029294435],[-4.265676041609022,40.60968228147506],[-4.2665605473906671,40.610806604877908],[-4.2671104627719041,40.613943344434631],[-4.2672104516388218,40.614513651184275],[-4.2675174849909814,40.615240799882095],[-4.2678315075421791,40.615984482589482],[-4.2696648601568166,40.620325948934074],[-4.2701756102032586,40.621528780649605],[-4.2707517903535521,40.622885642092982],[-4.2711802158107783,40.623894512060751],[-4.2711890136065627,40.623915229318499],[-4.2711798824240663,40.625003440463033],[-4.2711795449856158,40.625043694086578],[-4.2711008141721125,40.629029062610094],[-4.2721262132533582,40.629083589144258],[-4.2724369125572288,40.629197706614576],[-4.2726088562655278,40.629153502528908],[-4.273126013386122,40.629325768735868],[-4.273291980415217,40.629381051586087],[-4.2733065463949584,40.629378875770328],[-4.2740057750473834,40.629274440982798],[-4.2746723608517376,40.629281199002662],[-4.2751059352694236,40.629365735540091],[-4.2755228674667798,40.629549193477153],[-4.2766886557338459,40.629846618561487],[-4.2773587335001446,40.630225157997749],[-4.2774559455944026,40.630280074739055],[-4.2780198049286353,40.630400780033419],[-4.27839893303653,40.630542325899867],[-4.2785906357669665,40.630563712757279],[-4.2791896431887544,40.630585284858441],[-4.2795482926482551,40.630623630234538],[-4.2803089507876253,40.6307092300191],[-4.2812380086563744,40.630886989477681],[-4.2820236263294227,40.630986405547866],[-4.2827775085212823,40.631039161727507],[-4.2835616897190363,40.631063361652743],[-4.2837537577299587,40.631103534732375],[-4.2837890920435129,40.631119456227516],[-4.283879301067576,40.63116010390241],[-4.2841661534935547,40.631289360198927],[-4.2841143178739722,40.631010391278451],[-4.2838990224627587,40.629851678284204],[-4.2838535579724217,40.629606987631064],[-4.283839378431785,40.62953067778038],[-4.2837576561083459,40.62909083249378],[-4.2837516341911996,40.6290584211999],[-4.2839569874318393,40.629054072347827],[-4.2859432082106617,40.629011989913074],[-4.2874896609572071,40.628979200691219],[-4.28931607532519,40.628328837955642],[-4.2907087528086727,40.627823410448542],[-4.2905967656023192,40.62770099478557],[-4.2903326315792532,40.627602859003289],[-4.2900572751226651,40.627563627360125],[-4.2897140835613552,40.627520842183841],[-4.2896938699007245,40.627518322169003],[-4.2892961421251981,40.627372311406745],[-4.2891070825611495,40.627167560664567],[-4.2890714542800277,40.626910727799967],[-4.2890641050315841,40.626857741835018],[-4.2891924215306165,40.62647078272623],[-4.2893465036099521,40.626139964839588],[-4.289389889579577,40.625829183529078],[-4.2891988572190556,40.62552101869845],[-4.2888855138547939,40.625270630774693],[-4.288727750820879,40.625108455364284],[-4.2885959521080022,40.624972968572017],[-4.2885549687106597,40.624766562489],[-4.2886625766445148,40.624586706463639],[-4.2887384244225535,40.624534626986488],[-4.2888574626883997,40.624452891447071],[-4.2889405830428684,40.624282711521644],[-4.2888720225276034,40.62392616458505],[-4.2887533739934351,40.623630145136836],[-4.2887294447215307,40.623570442766358],[-4.2885612865501388,40.623167990949831],[-4.2885365017055648,40.62284150749521],[-4.2885882211223061,40.622643473524739],[-4.288763653502663,40.622480266661249],[-4.2888337395582177,40.622415063905258],[-4.2888829160442894,40.622245263723855],[-4.2889493558517682,40.62184959850304],[-4.2891166716367,40.621565638339739],[-4.2892475095103091,40.621310301559518],[-4.2892302898665013,40.6210566168143],[-4.2891377876423924,40.62073794664235],[-4.2889449524562808,40.620335770662201],[-4.2889130567422233,40.619960000927897],[-4.2890522760487269,40.619827059999047],[-4.2893390826380422,40.619654354430992],[-4.2894944017002334,40.619389339108004],[-4.2895383377826652,40.619106766744082],[-4.2894715889802786,40.618844218462719],[-4.2891176561521975,40.618406230990871],[-4.288812365412082,40.617930089084439],[-4.2887045891827178,40.617702100705564],[-4.2886708725846869,40.6176307757286],[-4.2885658581436585,40.617302839657476],[-4.2885477510355603,40.617002147435507],[-4.2887622090485005,40.61674051609279],[-4.2887888881396403,40.616707969761634],[-4.2891771549344915,40.616365123936653],[-4.2892952966311899,40.616091127947911],[-4.2891906409303964,40.615781998083321],[-4.2889477056391154,40.615143153264292],[-4.2889307165991823,40.615098477008814],[-4.2886998122381934,40.614640304904512],[-4.2886566654688751,40.614321083167766],[-4.2887989247103295,40.614018602970681],[-4.2891077480817508,40.613394560975557],[-4.2892235214849164,40.612998345238942],[-4.2891109372259679,40.61227557956709],[-4.2890911902550144,40.611890271588273],[-4.2892681094060583,40.611465167548339],[-4.2894791276834914,40.610889230682396],[-4.2898644772758843,40.610395974859671],[-4.2899449403818997,40.610300295014731],[-4.289951983977593,40.61029192131344],[-4.2902040036178084,40.609992241749389],[-4.2904072867030099,40.609750515574625],[-4.2904365056809786,40.609648338109253],[-4.2904882129023543,40.609467517394371],[-4.2903311500709371,40.608999118036763],[-4.2902740488189988,40.608595426706813],[-4.2901875670328673,40.607947590907266],[-4.2899700893209207,40.607545690071284],[-4.2895523812252581,40.606995572958986],[-4.2892117519702202,40.6066044505843],[-4.2888389904294062,40.606467565198791],[-4.2884181650714694,40.60642133860712],[-4.2883559237498377,40.606414500986105],[-4.2882949901382075,40.606407808193737],[-4.2882740983259824,40.606396783326169],[-4.2881917323545338,40.606353315426588],[-4.2880332565444323,40.606269680654364],[-4.2874363092501904,40.606022457596069],[-4.2868420747893596,40.605916239242056],[-4.2858676191828344,40.605927091661897],[-4.2852812139077168,40.606007181174256],[-4.2850431660964325,40.606039692566434],[-4.2847327247195581,40.606023982760647],[-4.2847271107654867,40.60602369838665],[-4.2845862414822191,40.60601656951328],[-4.2844709637837299,40.605961685509342],[-4.2842002551572405,40.605832798993383],[-4.2835421931815763,40.605614441825566],[-4.2832681362369938,40.605476440377139],[-4.2830548541450284,40.605290747669329],[-4.2828161811630538,40.60506772698362],[-4.2824929569533019,40.604939671989037],[-4.2820975331725224,40.604906452066722],[-4.2816418741525517,40.604949120334908],[-4.2813581660093654,40.604952268543308],[-4.2810420230309365,40.604746736094889],[-4.2805873159480337,40.60464111317502],[-4.2800168784901151,40.604487579372552],[-4.279890661076144,40.604338527134935],[-4.2797043865437896,40.604274775224098],[-4.2792217684979992,40.604249807590087],[-4.2788629611774871,40.604143047071062],[-4.2787842896766977,40.603899436235224],[-4.278705273481,40.603637027484325],[-4.2786003300461539,40.603309080517271],[-4.2785767786079214,40.603148009606251],[-4.2785577775132788,40.603018061368111],[-4.2785777340897502,40.60296594958789],[-4.2786988080369097,40.602649782260933],[-4.2787304295725308,40.602367338628831],[-4.2787101684338316,40.602123530422702],[-4.2786984208555925,40.601982173664986],[-4.2787177186448098,40.601699866456634],[-4.2787716845743695,40.601294939716503],[-4.2788136837959119,40.600908954317447],[-4.2791763539821774,40.600519418392523],[-4.2791781003788207,40.600517845980676],[-4.2800859874525488,40.599700682759433],[-4.2803861919263024,40.599317471999115],[-4.2804352324648853,40.599254870415152],[-4.2804364010502063,40.599252192739357],[-4.2806125355096514,40.598848575188669],[-4.2808407714198538,40.598526339032666],[-4.2810636881057844,40.598290523389785],[-4.2811551626351116,40.598193753523184],[-4.2814479299321526,40.597859049558586],[-4.2815504166582441,40.597573469239897],[-4.281772326489679,40.597082051131892],[-4.2820400722647358,40.596891017363021],[-4.2825832305575462,40.596426595206026],[-4.2829011661648719,40.596174654862935],[-4.283209037552445,40.595930689004838],[-4.2832346457625468,40.595902305091684],[-4.2834596946458143,40.595652865437856],[-4.2834528824217166,40.595457832777633],[-4.2834216465279074,40.595423793469081],[-4.2833117357965218,40.595304018662603],[-4.2831379165332466,40.595113412624272],[-4.2831341430553342,40.594915996739878],[-4.2832268990884836,40.594810617740833],[-4.2833514675210891,40.594669100612975],[-4.2834304319399674,40.594282703371718],[-4.2832520221767219,40.593983790345639],[-4.2828634127181022,40.593658998269689],[-4.2827349032978699,40.593431674879092],[-4.2827102172359357,40.593388009073252],[-4.2826917850543369,40.5930685111245],[-4.2825743245806445,40.592731311234594],[-4.2824061031964327,40.592319442838601],[-4.2823367304770361,40.591915882478006],[-4.2824207121732565,40.591792714175618],[-4.2828607252440349,40.591580954766727],[-4.2828955196776173,40.591528261160562],[-4.2830045837915423,40.591363088114413],[-4.2830084732876372,40.590921105415802],[-4.2829642923316191,40.590545471199171],[-4.283029842101346,40.590102801670767],[-4.2828916817197262,40.589972694763041],[-4.2826557586819636,40.589890688976887],[-4.2822606045070906,40.589866870181538],[-4.2818402408937288,40.589815116008744],[-4.2816304307668167,40.589566217216792],[-4.2811951650319973,40.588975989686297],[-4.2811785269345188,40.588750512305353],[-4.2814583951817786,40.588549939467732],[-4.2818902666982304,40.588246622133873],[-4.2823833969351535,40.587900275712713],[-4.2828140620379944,40.587502915621883],[-4.2828682160306322,40.58745294915596],[-4.2830365563635278,40.587225406409686],[-4.2831551986031213,40.586979605746649],[-4.2830774331377173,40.586783010713766],[-4.2829621397256279,40.586558618663666],[-4.2828391262278567,40.586425736260551],[-4.2827984234948735,40.586381769057276],[-4.2825348045116636,40.586140223969977],[-4.2824195140425232,40.585915830408716],[-4.2824384342178607,40.585614725288345],[-4.2825813838175257,40.585349854432636],[-4.2828614041390933,40.585158683182271],[-4.2832027305772939,40.584948027525513],[-4.2835435058209077,40.584553718123303],[-4.2836129946963002,40.584473313088822],[-4.2844126331747923,40.583721588291567],[-4.2849360288723002,40.583358451036922],[-4.2851895803844089,40.583073546479909],[-4.2853785579328481,40.58266292516403],[-4.2854027202206844,40.582610423846354],[-4.2853869674927143,40.582431940893038],[-4.2853928196295872,40.582093360941215],[-4.2852732219702885,40.581643345059277],[-4.285299601148048,40.581088277580669],[-4.2854074249928606,40.58027841590232],[-4.2855950018407825,40.579768560738827],[-4.2858368329615173,40.5788725805767],[-4.2860206231309785,40.578165307568085],[-4.2861877548112064,40.57723254568576],[-4.2864924777799356,40.576401689857327],[-4.2867434714623505,40.575985157449921],[-4.2868620967900979,40.575739362756316],[-4.2868423777691174,40.575354050761995],[-4.2867594027695821,40.574884828842372],[-4.2868048071787408,40.574560795319826],[-4.2869315637123835,40.574215294259176],[-4.2872079195740183,40.57383608795562],[-4.2875332394863825,40.573437536138705],[-4.2878213911174434,40.573029991979134],[-4.2879933581985439,40.572633081884412],[-4.2881284235129735,40.572321342735258],[-4.2883209941660434,40.572074720870212],[-4.2885701958089699,40.571855283535932],[-4.2887211758710411,40.571722335472224],[-4.2890067767953051,40.571183184656071],[-4.2889886854202626,40.570882481890067],[-4.2889428799613798,40.570815111780135],[-4.2888364052641172,40.57065850603194],[-4.2886105310671114,40.570454164482115],[-4.2884561043790068,40.570117370863606],[-4.2884512483531516,40.569863545879805],[-4.2886789895861792,40.56952250060489],[-4.288717235604298,40.569466846935995],[-4.28890690992705,40.569190846095758],[-4.2889122167855591,40.568824065591954],[-4.2888674830942568,40.568420232710423],[-4.2887621867934076,40.568073495225683],[-4.2886765058052285,40.567463257298876],[-4.2888817410924078,40.567235293037534],[-4.2892082828469267,40.56690253825272],[-4.2895078154308051,40.56644784689437],[-4.2895402938631637,40.566212414898288],[-4.2893137821637008,40.565331047599074],[-4.2893558722703364,40.56495446124157],[-4.2892660886570955,40.564228715475132],[-4.2892618245322591,40.564194254859672],[-4.2899121713893313,40.563744659246424],[-4.2913895309728414,40.563094103985428],[-4.2920229270201906,40.562864078817569],[-4.2930286709583791,40.562650154700094],[-4.2936126131306791,40.562613212672431],[-4.2945439075169478,40.562673717248373],[-4.2953039790798266,40.562672731299742],[-4.2955670263021526,40.562672388346328],[-4.2971056879411575,40.562533529223892],[-4.297554627939574,40.562386616617431],[-4.298147542747512,40.562126615069886],[-4.2986303733665068,40.561894071181833],[-4.2988584406364554,40.56178422574132],[-4.2993534245480847,40.561558956785632],[-4.2992577326856729,40.556610248051264],[-4.2992043276622356,40.553847868971523],[-4.2991968778426433,40.553462495934333],[-4.2990903723371527,40.553463693737562],[-4.2878280513430731,40.553589799922811],[-4.287388842376413,40.553594695571491],[-4.2824780575099961,40.553649319953493],[-4.2762749670913633,40.553718020626015],[-4.2755807289816117,40.553725688743633],[-4.2751889369257299,40.553730014390155],[-4.2719739475936471,40.553765459820468],[-4.2637725383720886,40.553855475427738],[-4.263305982196389,40.5538605786655],[-4.2537911786891947,40.553964241360596],[-4.2519642712618015,40.553984055600964],[-4.2510840681702113,40.553993591775964],[-4.2473598585673438,40.554033865854286],[-4.2468311214260783,40.554039573949744],[-4.243936163401437,40.554070784180716],[-4.2401559283646533,40.554111429240692],[-4.2355671779680506,40.554160601189658],[-4.2340481927067968,40.554176838105377],[-4.2283475103946078,40.554237596324505],[-4.2276877930934837,40.554244609465371],[-4.2165390180656601,40.554362556830228],[-4.2103471888641115,40.554427597835037],[-4.2073508410517659,40.554458953264906],[-4.2047304520918241,40.55448631073584],[-4.1965923313368538,40.55457089556409],[-4.1958565163449295,40.554578515103664],[-4.1958145439056356,40.55457894959693],[-4.1929218131871506,40.554608858019606],[-4.1824511627092615,40.554716510046262],[-4.1811131020657148,40.554730198659932],[-4.1811417788018552,40.556361854803363],[-4.1811663840182636,40.557761741791275],[-4.1811708227230593,40.55801426656479],[-4.1811870098164183,40.558935148120881],[-4.1812168992503498,40.560635441819095],[-4.1812286356293136,40.561303039008138],[-4.1812597007963896,40.563070002025498],[-4.1812714317608997,40.563737209468279],[-4.1812809794370391,40.564280224201497],[-4.1814101095813347,40.57162291730571],[-4.1814298329952315,40.572744205676635],[-4.1814806690885904,40.575633977517569],[-4.1815106961789006,40.577340666536969],[-4.1815883058052306,40.581751187284091],[-4.1815930721539125,40.582022024858539],[-4.1816286290876432,40.584042355090666],[-4.1816424355885191,40.58482677936702],[-4.1816914336360336,40.587610381570478],[-4.1817468502274355,40.590758154289638],[-4.1817675145158901,40.591931799344188],[-4.1818352765791582,40.595779914327878],[-4.1819054662984163,40.599765106692367],[-4.1820641540547658,40.608772044491289],[-4.1821787529770873,40.615274010869548]]]},"properties":{"FID":60,"Malla10km_":"30TUK99","Sheet1__Ur":" ","Sheet1__CU":" ","Sheet1__Ob":0}},{"type":"Feature","id":61,"geometry":{"type":"Polygon","coordinates":[[[-4.0630221760453562,40.555877235083393],[-4.063150486155231,40.563987448098942],[-4.0631645365684452,40.564875344182106],[-4.0631646831893304,40.564884609473317],[-4.0632233712421266,40.568592887653317],[-4.0633072546835614,40.573891966657115],[-4.0634498906464582,40.582899312038279],[-4.0635925910538822,40.591906642012972],[-4.0637353559530167,40.600913957481076],[-4.0637456500361067,40.601563273379959],[-4.0637570354448984,40.602281401687868],[-4.0638130764919387,40.605815781094037],[-4.0638781853767965,40.609921258441638],[-4.0640210793581959,40.618928544893777],[-4.0640410378218359,40.620186296603706],[-4.0641474913377174,40.62689348846412],[-4.0641543276907557,40.627324141148591],[-4.0641621436874775,40.627816494561543],[-4.0641640379302082,40.62793581683659],[-4.0641802151132085,40.628954821912963],[-4.0641817319040943,40.629050362294898],[-4.0641981870456494,40.630086817429358],[-4.0642921288297993,40.636002865099378],[-4.0643070611258469,40.636943074269197],[-4.0643356811696396,40.638745005446303],[-4.0643561863616977,40.640035921276827],[-4.0643730327332985,40.641096431228554],[-4.064380493602286,40.641566088502664],[-4.0644236167219594,40.64428044566327],[-4.0644449877419566,40.645625493345115],[-4.0644501489781586,40.645950317190703],[-4.0650273116144318,40.645944995062656],[-4.0683278743998228,40.64591450450461],[-4.0762753992972875,40.645840698196089],[-4.0777105697684997,40.645827311872139],[-4.079735336085335,40.645808395845279],[-4.0838803460985407,40.645769561048695],[-4.0881005842086671,40.645729868534715],[-4.0914071015856726,40.64569866202914],[-4.0950923462632529,40.645663769544988],[-4.099925702994299,40.645617828226136],[-4.1027894136117959,40.645590513033554],[-4.1031002557898066,40.645587543825322],[-4.1061030569344288,40.645558817550494],[-4.1102715030620258,40.645518810671156],[-4.1117507549362164,40.64550457729009],[-4.1129491536591836,40.645493032383577],[-4.1146229768359897,40.645476886600648],[-4.1153980760137898,40.645469401733607],[-4.1235757393164789,40.645390115746544],[-4.1274343657139916,40.645352503537652],[-4.1354006554171647,40.645274443615655],[-4.1442100490059639,40.645187482223129],[-4.1472255025203877,40.645157560917831],[-4.1590502799082829,40.645039467673691],[-4.1593705861594916,40.645036251947857],[-4.1677114319585202,40.644952200837281],[-4.1678008562959592,40.644951296438656],[-4.1678022012302769,40.64493789168894],[-4.1680847862212582,40.643582229116426],[-4.1684641822333637,40.643096359435212],[-4.1684643588804393,40.643096248644653],[-4.1692920379478506,40.642574851443946],[-4.1697712719319702,40.642352308510013],[-4.1704423654508362,40.641816825306684],[-4.1705690071858275,40.641274062394288],[-4.1707272383510885,40.640595898167966],[-4.1714240947676151,40.639199745692025],[-4.1716618048552068,40.638857976806513],[-4.1718488828985949,40.638589002005808],[-4.1718045755209241,40.638449011602432],[-4.1715103981085671,40.637519525073209],[-4.1712405599708493,40.637263104516826],[-4.1710860087089587,40.636984785530096],[-4.1710137330171735,40.636741903862912],[-4.1707962568279529,40.635977001304063],[-4.170796970146295,40.635908181590516],[-4.1708114581703022,40.634510020317464],[-4.1709177854853126,40.633975078204301],[-4.1720111814084024,40.632694110809105],[-4.1729216906512239,40.631461642322101],[-4.173024723062837,40.631128866658869],[-4.1730271669806802,40.631089670959007],[-4.1730405365227323,40.630875286262985],[-4.1730619173908678,40.630532427945269],[-4.1725194022012735,40.629465026764073],[-4.1723516269903431,40.629207571064136],[-4.1719916767924081,40.628853586278254],[-4.1696494739351087,40.627182434945183],[-4.1690873217250219,40.626301172530965],[-4.1689990268729593,40.62616275300612],[-4.1689582992646921,40.626142924019419],[-4.1687383044053767,40.626035807908117],[-4.1684856590595123,40.625981349647603],[-4.1672726263250608,40.625858850993467],[-4.1647436903307513,40.625956947766717],[-4.1635301497585253,40.625731554483643],[-4.1629819157985004,40.625629725093155],[-4.1628907678189098,40.625612795306871],[-4.1611844157273428,40.623467204616837],[-4.1611827164050164,40.623465067761622],[-4.1611974620390324,40.623458105423936],[-4.1613422702347895,40.623389731935852],[-4.1615080976692838,40.623311433839056],[-4.1616016898723771,40.623267243306664],[-4.162194001285056,40.622987569883193],[-4.1625883213842068,40.622802615441572],[-4.1690977167805165,40.619749077614941],[-4.1751486965403943,40.61690660962887],[-4.1767594829370482,40.616149843094483],[-4.1803647044333898,40.615567678500064],[-4.1821787529770873,40.615274010869548],[-4.1820641540547658,40.608772044491289],[-4.1819054662984163,40.599765106692367],[-4.1818352765791582,40.595779914327878],[-4.1817675145158901,40.591931799344188],[-4.1817468502274355,40.590758154289638],[-4.1816914336360336,40.587610381570478],[-4.1816424355885191,40.58482677936702],[-4.1816286290876432,40.584042355090666],[-4.1815930721539125,40.582022024858539],[-4.1815883058052306,40.581751187284091],[-4.1815106961789006,40.577340666536969],[-4.1814806690885904,40.575633977517569],[-4.1814298329952315,40.572744205676635],[-4.1814101095813347,40.57162291730571],[-4.1812809794370391,40.564280224201497],[-4.1812714317608997,40.563737209468279],[-4.1812597007963896,40.563070002025498],[-4.1812286356293136,40.561303039008138],[-4.1812168992503498,40.560635441819095],[-4.1811870098164183,40.558935148120881],[-4.1811708227230593,40.55801426656479],[-4.1811663840182636,40.557761741791275],[-4.1811417788018552,40.556361854803363],[-4.1811131020657148,40.554730198659932],[-4.1733224539988099,40.554809590575225],[-4.1693043194416202,40.55485033263551],[-4.1666110802750236,40.554877562605967],[-4.157495466028994,40.554969259925159],[-4.1513953815100839,40.555030221098214],[-4.1456865425419993,40.555086980507994],[-4.1338775496948132,40.55520349436329],[-4.124850180302289,40.555291748930692],[-4.1220684882016512,40.555318801470534],[-4.1178347558215762,40.555359846826441],[-4.1142493384480918,40.555394485506639],[-4.1102593587767453,40.555432901809425],[-4.109975689668361,40.555435627782799],[-4.1086199578794336,40.555448646328898],[-4.0986232506033371,40.555544149387956],[-4.0984501621343661,40.555545795359933],[-4.0866408989887919,40.555657482102141],[-4.0771235041442919,40.555746614695899],[-4.0748315700543438,40.555767962016461],[-4.0701324331210449,40.555811588066987],[-4.0630221760453562,40.555877235083393]]]},"properties":{"FID":61,"Malla10km_":"30TVK09","Sheet1__Ur":" ","Sheet1__CU":" ","Sheet1__Ob":0}},{"type":"Feature","id":62,"geometry":{"type":"Polygon","coordinates":[[[-3.9449248140277846,40.556903585022752],[-3.9450089995874049,40.562890071430807],[-3.9450514953075522,40.56591128304342],[-3.945091295447174,40.568740437161097],[-3.9451782338317583,40.574918966646123],[-3.9451786755438425,40.574950353296202],[-3.9451982011973694,40.576337734338999],[-3.9452327046890336,40.5787891178759],[-3.9452434546104138,40.579552810093006],[-3.9453050296296261,40.583926635829989],[-3.9454318827430881,40.59293429149497],[-3.9455088276641757,40.598396049269489],[-3.9455579183898126,40.601879856676838],[-3.9455587931633462,40.60194193093789],[-3.9456093252427844,40.605527377198356],[-3.9456857609577538,40.610949556860213],[-3.9456970968732703,40.61175357547603],[-3.9457131742063036,40.61289383118504],[-3.9457203536330945,40.613402997876761],[-3.9457981273756455,40.618917894163538],[-3.9458127861429366,40.619957168360308],[-3.9459398687482223,40.62896476543736],[-3.9459714053391113,40.631199441963631],[-3.9459918696473082,40.632649404235345],[-3.9460670088029675,40.637972348090493],[-3.9461942063365494,40.646979916318891],[-3.9580200712381912,40.646882405019596],[-3.9605690608926318,40.646861228394933],[-3.962779826657687,40.646842816111736],[-3.9683907810285253,40.646795895411458],[-3.9687985666084051,40.646792474740977],[-3.9692349683101482,40.646788812431332],[-3.9698458779133441,40.646783682869888],[-3.9701133724981195,40.646781435808172],[-3.9725857046693278,40.646760637890964],[-3.9731109843256243,40.6467562122792],[-3.9732680689854378,40.646754888337654],[-3.9813678986487173,40.64668633167539],[-3.9816716256437834,40.646683749887167],[-3.989816880452389,40.646614214257838],[-3.9908875171147145,40.646605031554436],[-3.9934973137112961,40.646582606089062],[-3.9957677175109265,40.646563048972403],[-4.0053229413976963,40.646480251493372],[-4.0064607374476555,40.646470339624386],[-4.0073890485759618,40.646462244368998],[-4.0171485079848219,40.646376686118195],[-4.0204661609414343,40.646347413351684],[-4.0211626499694733,40.646341255886533],[-4.022094870117666,40.646333007812601],[-4.0256761608598044,40.646301251352241],[-4.0289740127545324,40.646271909981763],[-4.0344070672519541,40.646223366024792],[-4.0350282111106344,40.646217799861667],[-4.0353998259098143,40.646214468168019],[-4.0360121509028204,40.646208975789939],[-4.0407994549887123,40.646165923102529],[-4.0419614739789598,40.646155443012574],[-4.0494452046304872,40.646087668045674],[-4.0505280694377577,40.646077821112456],[-4.0521242197790031,40.646063288143772],[-4.0526248339692934,40.646058725499202],[-4.0547904999134845,40.646038962408767],[-4.0590778549765094,40.645999717720812],[-4.0617398445747721,40.645975270840921],[-4.0623039197114803,40.645970082669926],[-4.0644501489781586,40.645950317190703],[-4.0644449877419566,40.645625493345115],[-4.0644236167219594,40.64428044566327],[-4.064380493602286,40.641566088502664],[-4.0643730327332985,40.641096431228554],[-4.0643561863616977,40.640035921276827],[-4.0643356811696396,40.638745005446303],[-4.0643070611258469,40.636943074269197],[-4.0642921288297993,40.636002865099378],[-4.0641981870456494,40.630086817429358],[-4.0641817319040943,40.629050362294898],[-4.0641802151132085,40.628954821912963],[-4.0641640379302082,40.62793581683659],[-4.0641621436874775,40.627816494561543],[-4.0641543276907557,40.627324141148591],[-4.0641474913377174,40.62689348846412],[-4.0640410378218359,40.620186296603706],[-4.0640210793581959,40.618928544893777],[-4.0638781853767965,40.609921258441638],[-4.0638130764919387,40.605815781094037],[-4.0637570354448984,40.602281401687868],[-4.0637456500361067,40.601563273379959],[-4.0637353559530167,40.600913957481076],[-4.0635925910538822,40.591906642012972],[-4.0634498906464582,40.582899312038279],[-4.0633072546835614,40.573891966657115],[-4.0632233712421266,40.568592887653317],[-4.0631646831893304,40.564884609473317],[-4.0631645365684452,40.564875344182106],[-4.063150486155231,40.563987448098942],[-4.0630221760453562,40.555877235083393],[-4.0530288304953324,40.555968760932863],[-4.0512127176761945,40.555985301283748],[-4.0456454692495809,40.556035827374458],[-4.0394031956612206,40.556092160598496],[-4.0275936107148977,40.556197813008808],[-4.0274217343389918,40.556199341756461],[-4.0237664828998865,40.556231792688791],[-4.0232431369660615,40.556236429431522],[-4.0169618586108928,40.55629189530665],[-4.0164456427087973,40.556296438482896],[-4.0157839635516384,40.556302258496146],[-4.015372069919521,40.556305879525716],[-4.0059740125345744,40.556388100408505],[-4.0039742548858994,40.556405497042093],[-3.9969906007319449,40.556465978861361],[-3.9921644854321694,40.556507528628494],[-3.9860286453118277,40.556560063128963],[-3.9803546559049496,40.556608353237408],[-3.9701697366642463,40.556694335709039],[-3.9688072331938442,40.556705770041901],[-3.9685447670187743,40.556707970851058],[-3.9634706388764216,40.556750400784217],[-3.9595071328834486,40.556783388619351],[-3.9567348194881951,40.556806381451949],[-3.95102883520308,40.556853495961413],[-3.9472055714101799,40.556884907074391],[-3.9470427181826122,40.556886242231478],[-3.9449248140277846,40.556903585022752]]]},"properties":{"FID":62,"Malla10km_":"30TVK19","Sheet1__Ur":" ","Sheet1__CU":" ","Sheet1__Ob":0}},{"type":"Feature","id":63,"geometry":{"type":"Polygon","coordinates":[[[-3.8268217305049141,40.557809230417732],[-3.8268463222359164,40.559807931291601],[-3.8268716626287755,40.561867269591545],[-3.8269123130068023,40.565170359045737],[-3.8269233240675589,40.566064979922679],[-3.8269325830146275,40.566817214811323],[-3.8270434856180069,40.575825184862808],[-3.8270713591762142,40.578088548917592],[-3.8271090626327409,40.581149701452638],[-3.8271544383517262,40.584833141472174],[-3.8272654412080849,40.593841081936219],[-3.8272768691980872,40.59476823749511],[-3.8273143616101848,40.597809702007901],[-3.827373559875034,40.602611043694559],[-3.8273764942459896,40.602849008956511],[-3.827407673010089,40.605377300798338],[-3.8274567167344906,40.609353614506084],[-3.8274671990049676,40.610203381383485],[-3.827487597479974,40.611856921631492],[-3.8275987509356888,40.620864819960318],[-3.827630583731644,40.62344380376102],[-3.8276413128871045,40.62431296763495],[-3.8276566667255278,40.625556708755475],[-3.8277099546388058,40.629872703942226],[-3.8277149763267313,40.630279381607231],[-3.8278191092822405,40.63871063530253],[-3.8278212086261423,40.638880574477184],[-3.8278418940476322,40.640554954849101],[-3.8278471025461251,40.64097653424168],[-3.8278706809215075,40.642884871947224],[-3.8278741498664695,40.643165618754317],[-3.8278882316387017,40.644305236491888],[-3.8278937401759769,40.644751016759919],[-3.8279325128900217,40.647888428862018],[-3.8282369194152088,40.647886245844091],[-3.8330113354762441,40.647851901634496],[-3.8339567181162435,40.647845077716646],[-3.8352262669406438,40.647835901739775],[-3.838787404102634,40.647810088245592],[-3.8397589205489999,40.6478030269773],[-3.8402539822467374,40.647799425578526],[-3.845447952217552,40.647761513320397],[-3.851585277164991,40.647716414079838],[-3.8634115820195536,40.647628590184901],[-3.8725888595897513,40.647559603604257],[-3.8752378343942651,40.647539555307986],[-3.8870640335707227,40.647449309464783],[-3.8880074686968658,40.647442057928927],[-3.8988901788305426,40.647357852671206],[-3.9013458286735525,40.647338710166302],[-3.9107162694553654,40.647265184943393],[-3.9212147424930568,40.647181905247471],[-3.9225423047268486,40.647171306297651],[-3.9343682839266774,40.647076216750555],[-3.9461942063365494,40.646979916318891],[-3.9460670088029675,40.637972348090493],[-3.9459918696473082,40.632649404235345],[-3.9459714053391113,40.631199441963631],[-3.9459398687482223,40.62896476543736],[-3.9458127861429366,40.619957168360308],[-3.9457981273756455,40.618917894163538],[-3.9457203536330945,40.613402997876761],[-3.9457131742063036,40.61289383118504],[-3.9456970968732703,40.61175357547603],[-3.9456857609577538,40.610949556860213],[-3.9456093252427844,40.605527377198356],[-3.9455587931633462,40.60194193093789],[-3.9455579183898126,40.601879856676838],[-3.9455088276641757,40.598396049269489],[-3.9454318827430881,40.59293429149497],[-3.9453050296296261,40.583926635829989],[-3.9452434546104138,40.579552810093006],[-3.9452327046890336,40.5787891178759],[-3.9451982011973694,40.576337734338999],[-3.9451786755438425,40.574950353296202],[-3.9451782338317583,40.574918966646123],[-3.945091295447174,40.568740437161097],[-3.9450514953075522,40.56591128304342],[-3.9450089995874049,40.562890071430807],[-3.9449248140277846,40.556903585022752],[-3.9387554118635593,40.556953882824843],[-3.9380255926332368,40.556959811087346],[-3.936133879656206,40.556975155851745],[-3.9357915420938725,40.556977929436648],[-3.9331147513521398,40.556999581546364],[-3.9324676522811175,40.557004806511266],[-3.9323396060106215,40.557005839984008],[-3.9318381666392996,40.557009885779024],[-3.9317704943446881,40.557010431616959],[-3.9310243027304699,40.55701644769492],[-3.9307985531239207,40.557018266823526],[-3.9302847815386803,40.557022405237397],[-3.9213046321758789,40.557094371005881],[-3.9094944572136447,40.557187953384634],[-3.9026981612315677,40.557241259019406],[-3.9009839571662903,40.55725464094877],[-3.9007068848945377,40.557256801524481],[-3.9001536728411534,40.557261113416196],[-3.8976842271800982,40.557280328666138],[-3.8928940835249763,40.557317451204646],[-3.8858739427899223,40.557371496834158],[-3.8852613453713869,40.557376192769546],[-3.8835315826789176,40.557389434924382],[-3.8791873923152047,40.55742257754806],[-3.8740636047578199,40.557461457872641],[-3.8719490383124193,40.557477437372249],[-3.8704686213705011,40.557488601650633],[-3.8622532137985122,40.557550211765736],[-3.861840907027478,40.557553288395525],[-3.8586776946458352,40.557576843303941],[-3.8504427706267466,40.557637758497862],[-3.838632275957286,40.557724098053576],[-3.8365246479047395,40.557739378703978],[-3.8358889672964351,40.557743979944668],[-3.8346851188292574,40.557752684163582],[-3.8268217305049141,40.557809230417732]]]},"properties":{"FID":63,"Malla10km_":"30TVK29","Sheet1__Ur":" ","Sheet1__CU":" ","Sheet1__Ob":0}},{"type":"Feature","id":64,"geometry":{"type":"Polygon","coordinates":[[[-3.595909432442201,41.154246584950265],[-3.5959558597607626,41.154248454010336],[-3.5964983160214969,41.154270297284228],[-3.5967011341151824,41.154276348665711],[-3.598801840545419,41.15433900066445],[-3.5994589886824917,41.154885257281343],[-3.599615444699984,41.155015310137401],[-3.5996403158316959,41.155035983577172],[-3.6000471887033507,41.155374190608754],[-3.6017943982732343,41.154461187573972],[-3.6021179914325976,41.154189561295944],[-3.602472673185285,41.153891834967297],[-3.6024861052954873,41.153880559747599],[-3.6046824494956393,41.152036823310056],[-3.6076694969923566,41.150969375704911],[-3.6106479976840218,41.149737217352175],[-3.6108392190966208,41.149658107392824],[-3.6130975645712469,41.149180592942677],[-3.6136716333845516,41.149059202400124],[-3.6137026676998274,41.149052639626142],[-3.6137139009810491,41.149003708126884],[-3.6140903967893969,41.147363758827808],[-3.6141363560720916,41.147322704246498],[-3.6153805913396062,41.146211222302625],[-3.6160670214749717,41.145724760971362],[-3.6162661644179304,41.145583630391286],[-3.6184017639944392,41.144070085132022],[-3.6189409916098403,41.143687906080139],[-3.6189668064371965,41.143669609162274],[-3.6198371621024248,41.143168155578252],[-3.6198457805164312,41.143163165644545],[-3.621309236831328,41.142315762023678],[-3.622272633444247,41.14175789292203],[-3.6250044149326688,41.140650416455038],[-3.6256633772522604,41.139978396547569],[-3.6268618141584059,41.138510176905918],[-3.6269040731648841,41.138458402555308],[-3.6269873649233029,41.1383563576019],[-3.6289043923832547,41.137425992488154],[-3.6290689720413645,41.137374644838815],[-3.6292767481542443,41.137309819309124],[-3.6297248289764816,41.137170015709017],[-3.6301971912011228,41.13706910717827],[-3.631267570111512,41.136840440315602],[-3.6314206279759409,41.136788813745802],[-3.6327667865751918,41.136334737416377],[-3.6328107000616874,41.13628229872544],[-3.6336238875390192,41.135311237797907],[-3.6338029846246589,41.135097365836785],[-3.6339882163317752,41.134876166991518],[-3.6339428677636203,41.134031119265281],[-3.6337837009781357,41.131064894195724],[-3.6338361726332788,41.130893116497894],[-3.633920387768339,41.13061741943654],[-3.6336248293503579,41.127694382953365],[-3.6334876371362039,41.126337483157904],[-3.6341422094014817,41.125815107690244],[-3.6342133561527405,41.125758327966295],[-3.6345854330042942,41.125457408185156],[-3.6377685401511695,41.124209912168595],[-3.6388735733408808,41.123776806271849],[-3.6389129978835624,41.123752220176364],[-3.6393504915379049,41.123479370205587],[-3.6401141051277812,41.123003124850115],[-3.6401409351022656,41.122993760617135],[-3.6450200240604289,41.121290682777719],[-3.6455609933966042,41.120783695426681],[-3.6463770852901543,41.120018846671712],[-3.6463584285912591,41.119639399521184],[-3.6462961971383772,41.118373711255465],[-3.6463336070457375,41.118226573204055],[-3.646497306147066,41.117764957108619],[-3.6466251693661698,41.117404394293779],[-3.6467495250394522,41.117053715643323],[-3.6474278255961825,41.116222218606694],[-3.6481210453073225,41.115606235929121],[-3.6481211716506308,41.11560612351942],[-3.6481216136807588,41.115605531010083],[-3.6487411557420222,41.114774937646494],[-3.6493549626181583,41.11331689791637],[-3.6498325064482553,41.112491418911297],[-3.6500594816871432,41.111984594197146],[-3.6506878550035982,41.110581425899099],[-3.6508551894353904,41.109821359670178],[-3.6510551393379167,41.107773066347043],[-3.6522985706156348,41.106482876302366],[-3.6539541639593485,41.105626227103492],[-3.6555720903820412,41.104749885953495],[-3.6556994774691538,41.104680885852623],[-3.6561117120258846,41.104323691610752],[-3.6574006236603185,41.103206839559924],[-3.6574782880281602,41.103147201245015],[-3.6591997370688554,41.101825263650902],[-3.65924819525697,41.101781043574938],[-3.6600530640860578,41.10104656866374],[-3.6606355463678093,41.100377172493197],[-3.6616268985300788,41.099528613480906],[-3.6618034287464276,41.099377507418673],[-3.6614536948001293,41.099379515769662],[-3.6613474373434713,41.099380125743977],[-3.6561155600894675,41.099410038293087],[-3.6549545909777921,41.099416643765693],[-3.6430470494743759,41.099483717787074],[-3.631139468132409,41.09954956130354],[-3.6245753414137241,41.099585331721144],[-3.623915765284726,41.099588905323792],[-3.623878908972936,41.099589104900957],[-3.62329986500428,41.099592238880078],[-3.6223180311167256,41.09959754624159],[-3.6192318476893499,41.099614174303369],[-3.617930179277197,41.099621162780899],[-3.6161718430365961,41.099630579693716],[-3.6073241888827425,41.099677556775049],[-3.5956031653918172,41.099738743868116],[-3.5954802087064976,41.099739379416981],[-3.5954164924500658,41.099739708707283],[-3.5954261121873921,41.100804849243268],[-3.5954313730157081,41.101387327548714],[-3.5954362222544343,41.101924219521621],[-3.5954420339808899,41.10256765582816],[-3.5954626171097206,41.104846316907988],[-3.5954702096519591,41.105686785215731],[-3.5954739567151108,41.10610155906528],[-3.5954978601337912,41.108747296840725],[-3.5955535718294507,41.114912345317549],[-3.5955553670488354,41.115110972112575],[-3.5955651916524323,41.116197951323201],[-3.5955689011892389,41.116608353313431],[-3.5955709122321866,41.116830840075373],[-3.5955764567864374,41.117444235167511],[-3.5955792647251603,41.117754870711671],[-3.5956067114433012,41.120790978779048],[-3.5956607062432937,41.126762430319474],[-3.5957421847073183,41.135769975663528],[-3.5958237001363802,41.144777506743139],[-3.5958467377687042,41.147322443703473],[-3.5958490849269737,41.147581712821172],[-3.5958528770021685,41.148000581525679],[-3.5958646835663197,41.149304665617208],[-3.595905252541479,41.153785022656919],[-3.595907286492825,41.154009621500769],[-3.5959078778717317,41.154074923970043],[-3.5959093312139294,41.154235407024167],[-3.595909432442201,41.154246584950265]]]},"properties":{"FID":64,"Malla10km_":"30TVL45","Sheet1__Ur":" ","Sheet1__CU":" ","Sheet1__Ob":0}},{"type":"Feature","id":65,"geometry":{"type":"Polygon","coordinates":[[[-3.4918817839814182,41.100228234261358],[-3.491940942316595,41.100341077583572],[-3.4918130138495909,41.100510606370428],[-3.4911625694169381,41.100920982893101],[-3.4911179303311797,41.101085952659886],[-3.4909980007105514,41.101919023271421],[-3.4908844440215776,41.102066938021849],[-3.490701523157695,41.102137099792721],[-3.4904495563077407,41.102172861665743],[-3.4902321763806223,41.102234491030551],[-3.489946975261963,41.102426499721183],[-3.4898218269818604,41.102557117739778],[-3.4897547655673771,41.102791561226738],[-3.4895310622233762,41.102978987194568],[-3.4895154775653281,41.102992044793844],[-3.4894950607064716,41.10321766563753],[-3.4894942804268938,41.103226293242315],[-3.4894844119945567,41.103248012095897],[-3.4894153199291522,41.103400076529418],[-3.4893863714481275,41.103438391746003],[-3.4890406250724144,41.103895995884407],[-3.4890425527968576,41.10415616215176],[-3.4892738087643678,41.104577229070841],[-3.4893020226582352,41.104746956556333],[-3.4896258266817193,41.105506596358794],[-3.4897561771610088,41.105690333984356],[-3.4900040246108879,41.105871402672186],[-3.4904463421668095,41.105990940767462],[-3.4911582991314094,41.106135347692636],[-3.4917842970328414,41.1062844446081],[-3.4921126575724939,41.106439902928599],[-3.4921927774041248,41.106477834890292],[-3.4927288874653324,41.10687448364402],[-3.4929727775644479,41.10728972102465],[-3.4929917499924126,41.107528132706136],[-3.4929367845858796,41.107844909862891],[-3.4929553691019186,41.108031290139223],[-3.4930718760175137,41.108277962751444],[-3.4939880040687674,41.109657304894547],[-3.4940192649112376,41.110004061631116],[-3.4939242230827228,41.110329689282899],[-3.4937989993210414,41.110451638855096],[-3.4936049836795475,41.110573884837287],[-3.4933711808142545,41.110743989333933],[-3.4930471339178237,41.11111395136043],[-3.492985040142508,41.111244307279101],[-3.493083730073212,41.111408661427468],[-3.4936881707177774,41.111735627696341],[-3.4938947662200639,41.111760755591447],[-3.4942552710255734,41.111668153849791],[-3.4946213574887817,41.11155384471774],[-3.4948562959244711,41.111535496317309],[-3.4951952241959399,41.111625096704437],[-3.4953973239017033,41.111815028498242],[-3.4954503758196291,41.112009925734192],[-3.4953661268697505,41.112244444200066],[-3.4943561959377201,41.112899198731157],[-3.4941403379863742,41.113168968081098],[-3.4941018800426211,41.113394618961635],[-3.4941389037549162,41.113745694387909],[-3.4942551508605724,41.113957667783097],[-3.4944746406842007,41.114173532643939],[-3.494814505700846,41.114384552691867],[-3.495033644103211,41.114552728653599],[-3.4953303169318009,41.115123827167253],[-3.4953485324241185,41.115258174516484],[-3.4953268937448247,41.115431710516503],[-3.495313032750845,41.115878399931937],[-3.495538784621496,41.116163624464789],[-3.4958554642165112,41.116340046721788],[-3.4962060568811104,41.116451278804085],[-3.4962724471199027,41.116458254198605],[-3.4966421718726175,41.116497102445734],[-3.4968037221956494,41.116630829750648],[-3.4968453868926548,41.116834444582665],[-3.4967557506307059,41.117116685412434],[-3.4967361286784309,41.117221722328352],[-3.4967281873738889,41.117264232932669],[-3.496769950454989,41.117480872024665],[-3.496846644476757,41.117550140776103],[-3.4969085114504295,41.117606019066308],[-3.4976264014793674,41.117759029255311],[-3.4977850055310009,41.117905252071665],[-3.4977996155959832,41.117918720773375],[-3.4982203318251055,41.11820309554318],[-3.4983078102961067,41.118397843246505],[-3.4982135577423574,41.118827534628267],[-3.4982261313615424,41.118974917889481],[-3.4983476562476912,41.119121819102247],[-3.4988138339955106,41.119349628280766],[-3.4991940043930567,41.119577799253967],[-3.4998002747599593,41.120134547925083],[-3.4998369052384506,41.120429244380666],[-3.4997747176376017,41.120546592990117],[-3.4993408342931818,41.120799971525351],[-3.4993478431810372,41.120969050181536],[-3.4995091799065539,41.121072424731011],[-3.5001183588242117,41.121251909247711],[-3.5005121404574591,41.121761869839737],[-3.5005713197520079,41.12200443599459],[-3.5004179765683103,41.12295906467822],[-3.5004214431020553,41.123418690868803],[-3.5006074355326877,41.123747432322808],[-3.5010923947254788,41.124178946459928],[-3.5014047321310824,41.12453316106054],[-3.5014541526145333,41.12500125816733],[-3.5014950211188149,41.125106127012572],[-3.5016295980100289,41.125451455336645],[-3.5015763993227762,41.125998047065274],[-3.5016264802926407,41.126552865557741],[-3.5019167612139128,41.127019911473063],[-3.5023227794706235,41.127625218329513],[-3.5026349544913069,41.1279534050732],[-3.5029922790075867,41.128186008215742],[-3.503371555237337,41.128288423629535],[-3.5036263249915538,41.128608190964997],[-3.5037065431614725,41.128752713045664],[-3.5038020139585004,41.128924714795964],[-3.5041089343878848,41.1294776625396],[-3.5042952791265671,41.129849760557576],[-3.5044219739318949,41.129918583601203],[-3.5046236274733271,41.130039112822544],[-3.5048367638047759,41.130163933217808],[-3.5050836608467555,41.130201878104089],[-3.5054162854485837,41.130200426488273],[-3.5055832848243864,41.130290753639478],[-3.5057635257445199,41.130610844072869],[-3.5057538060129656,41.130840708394821],[-3.5057662003848606,41.130962065415211],[-3.5063220540570632,41.1316534160255],[-3.5064771984541858,41.131691762936008],[-3.5065809557257994,41.131760686218769],[-3.506644971579151,41.131881826020916],[-3.506689866484106,41.132501702129282],[-3.5066631856286512,41.132761991644728],[-3.5067619756914614,41.132930665771774],[-3.5069464319830894,41.133051275502424],[-3.5074241707168121,41.133274653685625],[-3.5076901758719243,41.133559679684573],[-3.5078926970213327,41.133792941348695],[-3.5079413720703725,41.134156971642675],[-3.508070680154654,41.134563999904245],[-3.508255941861977,41.134788667723065],[-3.5085995507864807,41.135189336755701],[-3.509142870993728,41.135733302130497],[-3.5092244951397484,41.13590639535925],[-3.5092256975249909,41.136062485678885],[-3.5092224916915624,41.136136803950485],[-3.5092159688623563,41.136288016362549],[-3.5092626816801613,41.136396218163455],[-3.5093779612923859,41.136469422556694],[-3.5095654600827788,41.136574963118484],[-3.5101729172065492,41.136916882725444],[-3.5105426542667657,41.137262140918025],[-3.5108759174422572,41.137338720257901],[-3.5116338631129116,41.137448105659857],[-3.5124385083852094,41.137661352872158],[-3.5139188611974581,41.137732829442854],[-3.5141595831228112,41.137710081197199],[-3.5147492224490509,41.137564359898931],[-3.5150870755488071,41.137493477531471],[-3.5153336652253619,41.137488039144174],[-3.5156151435022656,41.137543155115694],[-3.5158110931503779,41.13766368916162],[-3.5159153428914709,41.137793311869643],[-3.5159337930668459,41.137953670246027],[-3.5159317066753277,41.137976625599649],[-3.5159073845994979,41.138244310951059],[-3.5159428140513573,41.138374243610784],[-3.5163299353945168,41.138736752776225],[-3.5165599296336363,41.138809434808998],[-3.5166116059239561,41.138809204874725],[-3.5168925947466616,41.138807950715311],[-3.5170034673377351,41.13879871994412],[-3.517167735796312,41.138785042639142],[-3.5173393001465203,41.138719225724394],[-3.5175000293439482,41.138735849540844],[-3.5177163148067407,41.1387491004023],[-3.5177639943905086,41.138752020885413],[-3.5180332648335932,41.138711776965977],[-3.5183255736552077,41.138684450682241],[-3.5186124378446992,41.138693998878267],[-3.5190260994782516,41.138778856483043],[-3.51907016480973,41.138784143790026],[-3.5192873202782824,41.138810199817726],[-3.5195573321124809,41.138865353315012],[-3.5197982258027585,41.138863182031166],[-3.5198987515461262,41.138826737942267],[-3.5200041342834383,41.138788535104183],[-3.520124618894739,41.138792324001535],[-3.5204233460372101,41.13885167954674],[-3.5209457389381136,41.138905682124701],[-3.5214909979347695,41.13895091225195],[-3.5218391715932253,41.139096766301037],[-3.5220378516375295,41.139197769671483],[-3.5222138241883405,41.139327058871814],[-3.5223657259386081,41.139465527076858],[-3.5224102592184123,41.139506120420329],[-3.5225918659536193,41.139622370571082],[-3.5227757565134707,41.139667063374574],[-3.5227797742162448,41.139667487432931],[-3.5227854805752052,41.139668090292631],[-3.5229135427127987,41.139681615527245],[-3.5229698882209384,41.139673743505142],[-3.5230739690741837,41.139659202304522],[-3.5232745616570829,41.139638782737244],[-3.5233893292748282,41.139644759701518],[-3.5235127698081317,41.139659377216127],[-3.5236703981540138,41.139645653254959],[-3.5238564311549889,41.139597105719425],[-3.5240048574433844,41.139507542719592],[-3.5241330080296565,41.139432804315348],[-3.5242446605356266,41.13936768659476],[-3.5244533512369443,41.139284348894009],[-3.5246565789583926,41.139233554464667],[-3.5248400681331429,41.139226213971916],[-3.5249448167585822,41.13924355895216],[-3.5250439565879144,41.139259975457065],[-3.5251987168953383,41.139246263378119],[-3.5253817943123393,41.139186879457476],[-3.5256621192708266,41.139094543569826],[-3.5258227876164594,41.139101085135856],[-3.5259654099864708,41.139127001241135],[-3.5260859361805261,41.139164207780844],[-3.5261822911283125,41.139223659885438],[-3.5263274249579157,41.139341895749766],[-3.5264054308090498,41.139412703171111],[-3.526478342924273,41.139488571975114],[-3.5265702495597115,41.139596901499104],[-3.5265739954711934,41.139605204135727],[-3.5265924278426164,41.139646058391143],[-3.5266021272815515,41.139701949030226],[-3.5266139795524611,41.139796977554418],[-3.5266444657939751,41.139951191514207],[-3.5266844018917753,41.140028481956186],[-3.5267396991859647,41.140088586105378],[-3.5268532611109844,41.14016100429366],[-3.526952883546886,41.140224532215022],[-3.5270102566584836,41.140247684162027],[-3.5271701821233536,41.140279385593054],[-3.5274374272924627,41.140302197348632],[-3.5277474513543381,41.140333087226978],[-3.5278117541749143,41.140339493644774],[-3.5280530179492211,41.140411352485273],[-3.5282838455898018,41.140438844899741],[-3.5285323861852538,41.140453294020361],[-3.5286689368323594,41.140483226053981],[-3.5289545020939279,41.140638722227244],[-3.5290261112321302,41.140736075775074],[-3.5291422034069382,41.14091173658371],[-3.5292677749017365,41.141116707072605],[-3.5293585253431754,41.141243103316199],[-3.5294294947586375,41.141325650446575],[-3.5295038857772165,41.14139017217996],[-3.5296630304860979,41.14150502444781],[-3.5298605264686915,41.141681700113125],[-3.5299462691485841,41.141763806935067],[-3.5300007613640032,41.141832885130285],[-3.5300304531064013,41.14188227970898],[-3.5300495977037176,41.141963293922842],[-3.5301075980552801,41.142226937845734],[-3.5301753079666334,41.142414372909904],[-3.5302692299479523,41.142592927926927],[-3.530340399218197,41.142703064042053],[-3.5305180871686175,41.142891642769307],[-3.5305569797541434,41.142952365578708],[-3.5306322840318063,41.143115624932506],[-3.530684861513413,41.143181836263885],[-3.5307544628816729,41.143242771540628],[-3.5309603529652303,41.143427338089538],[-3.5312130000581523,41.143655929453466],[-3.5313083780174144,41.143809528415922],[-3.5314013548750744,41.143908754610948],[-3.5315235270974963,41.144039139674732],[-3.5316493401390328,41.144224692367196],[-3.5317146960677794,41.144313010123497],[-3.5317370147466174,41.144357037998311],[-3.5317801667324571,41.144388367559671],[-3.5318543182342927,41.144421348368212],[-3.5319351530737428,41.144456020588862],[-3.5319858435530103,41.144476590384599],[-3.5320395057631666,41.144493296430639],[-3.5320790160718984,41.1445049864301],[-3.53210531617506,41.144515679903172],[-3.5321256822575013,41.144527298875595],[-3.532143650954958,41.144539825211197],[-3.5321604546701253,41.144555058412912],[-3.532189361167291,41.14459275469612],[-3.5321966394743689,41.144608939000484],[-3.5322071792034153,41.144641175733256],[-3.5322209929875488,41.144690583623444],[-3.5322344483959469,41.144753438447161],[-3.5322410896499887,41.144801511164374],[-3.5322667706791391,41.144862363775836],[-3.5323099410717096,41.144939072444451],[-3.5323594848014648,41.145000937152979],[-3.5323811377361043,41.145052002288388],[-3.5324010777304573,41.145134967112497],[-3.5323861203796354,41.145209989662106],[-3.5323079589907143,41.145409239384101],[-3.5322867585419391,41.145505500904548],[-3.5322767798206667,41.145645374841159],[-3.5322820302003954,41.14574085655061],[-3.5322931203241659,41.145786750392453],[-3.5323089366171008,41.1458263105174],[-3.5323426978159769,41.145875697366101],[-3.5324144351190769,41.145969146765339],[-3.5325264901900582,41.146101470042687],[-3.5325787235510244,41.146180877816057],[-3.5326090809259512,41.146249310529598],[-3.532655236828703,41.146358886988388],[-3.5326725525518863,41.146435695231844],[-3.5326926261896547,41.146631372319241],[-3.5327258554953729,41.146852151380273],[-3.5327559519612151,41.14691493996731],[-3.5327935042505745,41.146952775353377],[-3.5328594296184859,41.147000208974191],[-3.5336666049062115,41.147261869171913],[-3.5345383558698282,41.147544482824557],[-3.5359700159662095,41.148006365631382],[-3.5364040291804777,41.148146913387457],[-3.5410981890479123,41.149666902904329],[-3.5376754524344856,41.155245178190235],[-3.5376195783734183,41.155336231831988],[-3.5374853377254456,41.156106373370925],[-3.5367072436328875,41.160569932919131],[-3.5372006327643075,41.161304679995581],[-3.5389066021974056,41.163845039130067],[-3.5396202307373974,41.164891718811717],[-3.5397017051025403,41.165011218168388],[-3.5397220688985573,41.165041084012643],[-3.5397228095451609,41.165042150683732],[-3.5438917776958783,41.16584118677725],[-3.5461044087184486,41.165796661192616],[-3.548054788312303,41.165754886996396],[-3.5504476719903626,41.165703218213878],[-3.5506401644719494,41.165670043475131],[-3.5541157590821024,41.165070988176673],[-3.5580179076534897,41.164398271838813],[-3.5582404768813021,41.164285971627166],[-3.5601763373423521,41.163309177922123],[-3.5603666638018492,41.163230926314824],[-3.5607596994521877,41.163069328243651],[-3.5628219674850543,41.162221386861297],[-3.5632466534940299,41.162046761417493],[-3.5666681125074109,41.160639808999903],[-3.5673010544117147,41.160379515277462],[-3.5675616679978837,41.160259775373511],[-3.5692009606406079,41.159506572069915],[-3.5705091987405493,41.159611572040419],[-3.5738938509979423,41.159883157803662],[-3.5744788099932214,41.159929852993251],[-3.5785989379110461,41.160258661319411],[-3.5787706950404696,41.160307019521511],[-3.5805127074478169,41.160797466093214],[-3.5810474183189362,41.160948002878435],[-3.5821567252844702,41.161260293949923],[-3.5826992906497308,41.161413030820952],[-3.5827263640192935,41.161420652381302],[-3.5829520213622219,41.161320287369144],[-3.5845007625187466,41.16063143611764],[-3.584867807862024,41.160468175299059],[-3.5853046495101299,41.160273866865325],[-3.5892674344680233,41.158511083515116],[-3.5898383953965673,41.157725240858461],[-3.5901462749395039,41.156856737324894],[-3.5912112932360731,41.154650358515248],[-3.5914812314565903,41.154547119132488],[-3.5921018315956772,41.154309763228738],[-3.5921389944894311,41.154313972568012],[-3.5923411391763267,41.154336861905463],[-3.5931521041934924,41.154428688967791],[-3.5950570335843222,41.154173586026602],[-3.5959068261887688,41.154246480027751],[-3.595909432442201,41.154246584950265],[-3.5959093312139294,41.154235407024167],[-3.5959078778717317,41.154074923970043],[-3.595907286492825,41.154009621500769],[-3.595905252541479,41.153785022656919],[-3.5958646835663197,41.149304665617208],[-3.5958528770021685,41.148000581525679],[-3.5958490849269737,41.147581712821172],[-3.5958467377687042,41.147322443703473],[-3.5958237001363802,41.144777506743139],[-3.5957421847073183,41.135769975663528],[-3.5956607062432937,41.126762430319474],[-3.5956067114433012,41.120790978779048],[-3.5955792647251603,41.117754870711671],[-3.5955764567864374,41.117444235167511],[-3.5955709122321866,41.116830840075373],[-3.5955689011892389,41.116608353313431],[-3.5955651916524323,41.116197951323201],[-3.5955553670488354,41.115110972112575],[-3.5955535718294507,41.114912345317549],[-3.5954978601337912,41.108747296840725],[-3.5954739567151108,41.10610155906528],[-3.5954702096519591,41.105686785215731],[-3.5954626171097206,41.104846316907988],[-3.5954420339808899,41.10256765582816],[-3.5954362222544343,41.101924219521621],[-3.5954313730157081,41.101387327548714],[-3.5954261121873921,41.100804849243268],[-3.5954164924500658,41.099739708707283],[-3.594321688311108,41.09974536123152],[-3.5935629205271948,41.099749272680775],[-3.5933198310224719,41.099750524750661],[-3.592256853498101,41.099755993754705],[-3.591828197159169,41.099758196410477],[-3.5914496747795823,41.099760140126314],[-3.5835087591288493,41.099800630089057],[-3.5825573227573746,41.099805444653647],[-3.5777221113365059,41.099829790902056],[-3.5744343352193115,41.099846229603536],[-3.5716009896566252,41.09986032090945],[-3.5706708292050529,41.099864931758987],[-3.5692792125556694,41.09987181604658],[-3.562557735512188,41.099904830338922],[-3.5596931847709481,41.099918781157882],[-3.5585114701556138,41.099924515545368],[-3.5565881690921048,41.09993382263761],[-3.5557207198293721,41.099938009826033],[-3.5528135374359868,41.099951995208251],[-3.5477853452093826,41.09997601082393],[-3.5358774717095098,41.10003200989739],[-3.5289977144048539,41.1000638023419],[-3.5255048365254278,41.100079786248678],[-3.5242536367057569,41.100085486157028],[-3.523969565008918,41.100086778368279],[-3.5203193340249879,41.100103320547397],[-3.5120616258452189,41.100140316226884],[-3.5105617414967396,41.100146972402896],[-3.5095771421793573,41.100151331234571],[-3.5089461813601255,41.100154120081037],[-3.5087158019909941,41.100155137496564],[-3.5063883780983316,41.100165390173672],[-3.5060664763353904,41.100166804501697],[-3.5001536549560224,41.100192623463634],[-3.4957606185173562,41.100211609643665],[-3.495235808622124,41.10021386660879],[-3.4918817839814182,41.100228234261358]]]},"properties":{"FID":65,"Malla10km_":"30TVL55","Sheet1__Ur":" ","Sheet1__CU":" ","Sheet1__Ob":0}},{"type":"Feature","id":66,"geometry":{"type":"Polygon","coordinates":[[[-3.5946048413382758,41.009663043082213],[-3.5946403737406278,41.013615000203075],[-3.5946858409937197,41.018670773804033],[-3.5947469845436997,41.025467653844203],[-3.5947668773664465,41.027678490270006],[-3.59479597272649,41.030911628299762],[-3.594799235686263,41.031274182387804],[-3.5948099098618025,41.032460165346109],[-3.5948414699585696,41.035966319339913],[-3.5948479504754278,41.036686192479479],[-3.5948608145975189,41.038115096034815],[-3.5949124879028269,41.043853754945502],[-3.5949148674283582,41.044117976788648],[-3.5949290603396489,41.045693880431728],[-3.5949382298821311,41.04671194985513],[-3.5949422946053065,41.047163228298473],[-3.5949584206071945,41.04895348678604],[-3.5949664198481974,41.049841477548284],[-3.5950102069781131,41.054701554126147],[-3.5950130744274764,41.055019780086475],[-3.5950161377629728,41.055359739595602],[-3.5950676708745548,41.061077850308592],[-3.5950770694168792,41.062120533936117],[-3.5950820806236465,41.062676459753831],[-3.5950834119059714,41.06282414495228],[-3.595085358123526,41.063040045728151],[-3.5950911350211801,41.063680883490143],[-3.5950913904017114,41.06370921266128],[-3.5951187791373016,41.066747189355439],[-3.5951292067446117,41.067903703959743],[-3.5951396407245659,41.069060857736076],[-3.5951726106538362,41.072716858738794],[-3.5952132455760344,41.077221894219726],[-3.5952538677291686,41.081724489655677],[-3.5953158955299322,41.088597731022006],[-3.5953351616548876,41.090732106312061],[-3.5953474613570875,41.092094594202671],[-3.5953545234279161,41.092876846050459],[-3.5954163656312335,41.099725666373558],[-3.5954164924500658,41.099739708707283],[-3.5954802087064976,41.099739379416981],[-3.5956031653918172,41.099738743868116],[-3.6073241888827425,41.099677556775049],[-3.6161718430365961,41.099630579693716],[-3.617930179277197,41.099621162780899],[-3.6192318476893499,41.099614174303369],[-3.6223180311167256,41.09959754624159],[-3.62329986500428,41.099592238880078],[-3.623878908972936,41.099589104900957],[-3.623915765284726,41.099588905323792],[-3.6245753414137241,41.099585331721144],[-3.631139468132409,41.09954956130354],[-3.6430470494743759,41.099483717787074],[-3.6549545909777921,41.099416643765693],[-3.6561155600894675,41.099410038293087],[-3.6613474373434713,41.099380125743977],[-3.6614536948001293,41.099379515769662],[-3.6618034287464276,41.099377507418673],[-3.6621504859755669,41.09908043110778],[-3.6638274262070194,41.097802320657564],[-3.6667172328433626,41.096110692869743],[-3.6674339914815626,41.09533653340489],[-3.6675241418264517,41.095239162478798],[-3.6692336882710057,41.09400487454365],[-3.6706088095313119,41.093067043776728],[-3.672152519725346,41.09201418616739],[-3.6732338456006381,41.090768806829701],[-3.6737959721499922,41.089866951088311],[-3.6750107867570883,41.087917846256893],[-3.6760475343166537,41.086715642220945],[-3.6760647998244553,41.086695622391403],[-3.6778710606662788,41.085626158207162],[-3.6795299558524022,41.084230396875448],[-3.6802672171278439,41.084355889020628],[-3.6837696335765155,41.084951978333315],[-3.6840559726333404,41.085000705635331],[-3.6849615655673622,41.085002625861968],[-3.6854233991576533,41.085003603413263],[-3.6874035916533905,41.084941376437641],[-3.6876056537640114,41.084935513645853],[-3.6898793851525156,41.084470625409381],[-3.6927406695176987,41.083524394185822],[-3.6954351724402446,41.082701599566583],[-3.6976775702024041,41.081879163432021],[-3.7010428829074828,41.080097678899683],[-3.702677982998809,41.079022241532357],[-3.7034723263359921,41.078499764047983],[-3.7051980429297831,41.07765028479151],[-3.7061946107208121,41.076860184327309],[-3.7071279524838832,41.076014603542589],[-3.7114546570123825,41.074488667393425],[-3.7125670467762162,41.073927003887405],[-3.7128809079480654,41.073768526482731],[-3.713983035154496,41.073212018524394],[-3.7142097748244121,41.073033453644861],[-3.7142085934361848,41.072924297698904],[-3.7141990295392433,41.072040606487299],[-3.7141327693366408,41.065917169441526],[-3.7141319234433037,41.065838983959353],[-3.7141015694363322,41.063033174510451],[-3.7140041535050017,41.054025728216942],[-3.713906781732156,41.045018268508201],[-3.713809454065776,41.036010792682752],[-3.71380556261269,41.035650561490684],[-3.7137184164758312,41.02758174061745],[-3.7137121705122658,41.027003303443429],[-3.7136531774518335,41.0215391369222],[-3.7136149310391131,41.017995799890244],[-3.713549602835946,41.011942005246148],[-3.713547549845809,41.011751730000917],[-3.7135451268196547,41.011527156723297],[-3.7135438961747198,41.011413095911799],[-3.7135361554018891,41.010695636848496],[-3.7135343691847051,41.010530076341638],[-3.7135191004001378,41.009114790108406],[-3.7135177356235536,41.008988282023914],[-3.7132787506826697,41.008989761159306],[-3.7112280030229043,41.009002433360102],[-3.7018418610202604,41.009059967520109],[-3.7016266322472191,41.00906127784134],[-3.6897354855696207,41.0091330470892],[-3.6834832405540001,41.009170290525539],[-3.6778442963243529,41.009203589754712],[-3.6768208950497452,41.009209603589831],[-3.6750866279368464,41.009219773953866],[-3.673655656157556,41.009228146036214],[-3.6732905061057406,41.009230279547836],[-3.6720224856811861,41.009237679398446],[-3.6719562136181723,41.009238065762048],[-3.6712488493475091,41.009242187294824],[-3.6712051536917549,41.009242441749805],[-3.6659530652450329,41.009272905825355],[-3.6547293494795094,41.009337205361931],[-3.6540617930652841,41.009340995288809],[-3.6472804554565386,41.009379275932702],[-3.6439081000524407,41.009398164330079],[-3.6421704805187578,41.00940785813296],[-3.6388291505807828,41.009426425068931],[-3.6372633603029945,41.009435092442487],[-3.6358926781945291,41.009442662341293],[-3.6357748214417289,41.009443312470566],[-3.6353087921779599,41.009445882031706],[-3.6340797869717796,41.009452649401688],[-3.6336324793936412,41.009455109194469],[-3.6302791283391116,41.00947349434594],[-3.6208687571613511,41.009524566785778],[-3.6183877372599969,41.009537903916062],[-3.610391209694622,41.009580527102607],[-3.6064963080151591,41.009601086831907],[-3.5964534670870552,41.009653492014444],[-3.5946048413382758,41.009663043082213]]]},"properties":{"FID":66,"Malla10km_":"30TVL44","Sheet1__Ur":" ","Sheet1__CU":" ","Sheet1__Ob":0}},{"type":"Feature","id":67,"geometry":{"type":"Polygon","coordinates":[[[-3.4762998352451522,41.095063043155193],[-3.476493532353603,41.094929853004984],[-3.4766885763893445,41.094787903648886],[-3.4768172112031492,41.094716143860346],[-3.4771088120631064,41.094553472013551],[-3.4774249192484543,41.094351339922135],[-3.4778835598732605,41.094058060677924],[-3.4780190996291931,41.093971388706514],[-3.4780269862491124,41.093968657175672],[-3.4785298414108103,41.093794515218335],[-3.4794239087937004,41.093594380768515],[-3.4795795598401593,41.093559538463062],[-3.4814693964646986,41.09329968477109],[-3.4823197267855881,41.093274274883946],[-3.4826914289514894,41.093301544088128],[-3.4830406840208874,41.093405857453625],[-3.4833979417916625,41.093684135639734],[-3.4837043210191045,41.094059397053137],[-3.4840413893962832,41.094234540154041],[-3.4844223330616519,41.094220324318627],[-3.4847319285390665,41.094059582545292],[-3.4850363812783791,41.09384481420328],[-3.4852516385503463,41.093789884791541],[-3.4853917365980793,41.093754135376841],[-3.4857720477651846,41.093819348906294],[-3.4863671427478553,41.093941904377552],[-3.4867932461817284,41.093945130528063],[-3.4873614422601333,41.093946714639564],[-3.4877362019016767,41.093954155838972],[-3.4878586613381097,41.093972405663088],[-3.4881464795681176,41.094015293649939],[-3.4885315893047277,41.094161097044186],[-3.488795546351716,41.094330700768658],[-3.4889304190683856,41.094534610264667],[-3.4889632379627398,41.094786702572584],[-3.4889465593064393,41.095015546166422],[-3.48893296304233,41.095202107320816],[-3.4883123888460741,41.09595794753573],[-3.488265001198247,41.096015664716347],[-3.4882283519238655,41.096535596711959],[-3.4883624480611686,41.096634113284018],[-3.4886992148309335,41.09676511262473],[-3.4893078875535228,41.096822439142684],[-3.4894548809272252,41.096849904583202],[-3.4896873325181543,41.0968933382469],[-3.4899615290843182,41.096979012799466],[-3.4901253608288614,41.097030202321193],[-3.4904364001652741,41.09722346058868],[-3.4905633247613723,41.097478750422283],[-3.4904646829845873,41.098307918157921],[-3.4903632678665408,41.098440772500929],[-3.4903103915140381,41.098475710006262],[-3.4900764904472537,41.098630260668216],[-3.4899224291841642,41.098893047985456],[-3.490140045274019,41.099171376144731],[-3.490769857467912,41.099533987341289],[-3.4908315207686895,41.099569489281969],[-3.4918273801681572,41.100124459719616],[-3.4918817839814182,41.100228234261358],[-3.495235808622124,41.10021386660879],[-3.4957606185173562,41.100211609643665],[-3.5001536549560224,41.100192623463634],[-3.5060664763353904,41.100166804501697],[-3.5063883780983316,41.100165390173672],[-3.5087158019909941,41.100155137496564],[-3.5089461813601255,41.100154120081037],[-3.5095771421793573,41.100151331234571],[-3.5105617414967396,41.100146972402896],[-3.5120616258452189,41.100140316226884],[-3.5203193340249879,41.100103320547397],[-3.523969565008918,41.100086778368279],[-3.5242536367057569,41.100085486157028],[-3.5255048365254278,41.100079786248678],[-3.5289977144048539,41.1000638023419],[-3.5358774717095098,41.10003200989739],[-3.5477853452093826,41.09997601082393],[-3.5528135374359868,41.099951995208251],[-3.5557207198293721,41.099938009826033],[-3.5565881690921048,41.09993382263761],[-3.5585114701556138,41.099924515545368],[-3.5596931847709481,41.099918781157882],[-3.562557735512188,41.099904830338922],[-3.5692792125556694,41.09987181604658],[-3.5706708292050529,41.099864931758987],[-3.5716009896566252,41.09986032090945],[-3.5744343352193115,41.099846229603536],[-3.5777221113365059,41.099829790902056],[-3.5825573227573746,41.099805444653647],[-3.5835087591288493,41.099800630089057],[-3.5914496747795823,41.099760140126314],[-3.591828197159169,41.099758196410477],[-3.592256853498101,41.099755993754705],[-3.5933198310224719,41.099750524750661],[-3.5935629205271948,41.099749272680775],[-3.594321688311108,41.09974536123152],[-3.5954164924500658,41.099739708707283],[-3.5954163656312335,41.099725666373558],[-3.5953545234279161,41.092876846050459],[-3.5953474613570875,41.092094594202671],[-3.5953351616548876,41.090732106312061],[-3.5953158955299322,41.088597731022006],[-3.5952538677291686,41.081724489655677],[-3.5952132455760344,41.077221894219726],[-3.5951726106538362,41.072716858738794],[-3.5951396407245659,41.069060857736076],[-3.5951292067446117,41.067903703959743],[-3.5951187791373016,41.066747189355439],[-3.5950913904017114,41.06370921266128],[-3.5950911350211801,41.063680883490143],[-3.595085358123526,41.063040045728151],[-3.5950834119059714,41.06282414495228],[-3.5950820806236465,41.062676459753831],[-3.5950770694168792,41.062120533936117],[-3.5950676708745548,41.061077850308592],[-3.5950161377629728,41.055359739595602],[-3.5950130744274764,41.055019780086475],[-3.5950102069781131,41.054701554126147],[-3.5949664198481974,41.049841477548284],[-3.5949584206071945,41.04895348678604],[-3.5949422946053065,41.047163228298473],[-3.5949382298821311,41.04671194985513],[-3.5949290603396489,41.045693880431728],[-3.5949148674283582,41.044117976788648],[-3.5949124879028269,41.043853754945502],[-3.5948608145975189,41.038115096034815],[-3.5948479504754278,41.036686192479479],[-3.5948414699585696,41.035966319339913],[-3.5948099098618025,41.032460165346109],[-3.594799235686263,41.031274182387804],[-3.59479597272649,41.030911628299762],[-3.5947668773664465,41.027678490270006],[-3.5947469845436997,41.025467653844203],[-3.5946858409937197,41.018670773804033],[-3.5946403737406278,41.013615000203075],[-3.5946048413382758,41.009663043082213],[-3.5923921628553073,41.009674436073283],[-3.5911956994666467,41.00968057891982],[-3.588242510879653,41.009695687930815],[-3.5827133379630727,41.00972377265601],[-3.582546588235223,41.009724615519644],[-3.5790493256809062,41.009742237414549],[-3.5750744139730197,41.009762137227789],[-3.574674189526692,41.009764133296798],[-3.5711060437532605,41.009781867549172],[-3.5708217986232782,41.009783275542468],[-3.5697950417111559,41.00978835568948],[-3.568847754274695,41.009793034528542],[-3.5684383393773715,41.009795054299694],[-3.5639023395738993,41.009817334486925],[-3.5632489615571958,41.009820529078411],[-3.5616463772431053,41.009828348984826],[-3.5606155690219845,41.009833367099802],[-3.5589302240526486,41.009841551731029],[-3.5548582591103091,41.009861224934504],[-3.5470386149849418,41.009898601211319],[-3.5351469721539388,41.009954423973227],[-3.5232552962934234,41.010009020006805],[-3.5113635881372054,41.010062389302355],[-3.5070636939928757,41.010081384959449],[-3.5055352726199076,41.010088098428767],[-3.5032759840551613,41.010097985051971],[-3.5023506474413266,41.010102021532063],[-3.5014338928267668,41.010106013250294],[-3.5007282914665527,41.010109080602582],[-3.499471848419093,41.010114531850391],[-3.4968622561867067,41.010125810154094],[-3.4962524910534931,41.01012843696072],[-3.4957246580407966,41.010130708207257],[-3.4885149400120317,41.01016148937132],[-3.4884520600729512,41.01016175584715],[-3.488249298795016,41.010162614885601],[-3.4876007146371433,41.010165360346036],[-3.4875800778729196,41.010165447641683],[-3.4874722791339194,41.010165903581346],[-3.4872131863698157,41.01016699901362],[-3.4863162569102344,41.010170786692207],[-3.480005199886314,41.010197240570079],[-3.4792817112915246,41.01020025111913],[-3.4756882772325204,41.0102151366671],[-3.475723956868376,41.015175347941181],[-3.4757257715754935,41.01542759677227],[-3.4757394740354006,41.017332169294903],[-3.4757530792256244,41.019223040650978],[-3.4757549606080187,41.019484504014699],[-3.4757574384450374,41.019828853837154],[-3.475762796293361,41.02057342395662],[-3.4757658681028407,41.021000294927532],[-3.4757669707445924,41.021153520205779],[-3.4757690661785197,41.021444702581441],[-3.4758009794187079,41.025878850812482],[-3.4758179106072351,41.028230932227501],[-3.4758195289525151,41.028455738196286],[-3.4758208418040408,41.028638105845957],[-3.4758827713730853,41.037238808693644],[-3.4759225638319107,41.042763166346234],[-3.4759235963308526,41.042906486901792],[-3.4759350644105735,41.044498294394856],[-3.475936798221376,41.044738941949518],[-3.4759476615448484,41.046246670949536],[-3.475964043245741,41.048520082734377],[-3.4759818200811692,41.05098681257968],[-3.4760011667408088,41.053671023530562],[-3.4760125811377245,41.05525451899458],[-3.4760199509134782,41.056276845336342],[-3.4760764113360225,41.064107215939451],[-3.4760775301669291,41.064262352828123],[-3.4760981354773461,41.067119264087239],[-3.4761068965607143,41.068333857021273],[-3.4761104386025119,41.068824886893132],[-3.476135345301814,41.072277335000052],[-3.4761400294970297,41.072926568594077],[-3.476142508647686,41.07327017244954],[-3.4761551193489986,41.075017890660256],[-3.4761637021611564,41.076207295130942],[-3.4761961535991368,41.080703763493787],[-3.4762043814657373,41.081843653691749],[-3.4762075165952315,41.082277977858162],[-3.4762387422637713,41.086603295934189],[-3.4762588719162193,41.08939111485391],[-3.4762675435993091,41.09059196255815],[-3.4762725540248134,41.091285769053393],[-3.4762902212516384,41.093732001337195],[-3.4762947635728758,41.094360889502724],[-3.4762992444655789,41.094981253261594],[-3.4762998352451522,41.095063043155193]]]},"properties":{"FID":67,"Malla10km_":"30TVL54","Sheet1__Ur":" ","Sheet1__CU":" ","Sheet1__Ob":0}},{"type":"Feature","id":68,"geometry":{"type":"Polygon","coordinates":[[[-3.4020279580990023,41.010495584408545],[-3.4020978257323815,41.010616200904764],[-3.4023309382726468,41.010816276447329],[-3.4026315275430261,41.010965663658759],[-3.4030056907043256,41.011284150448319],[-3.4048615521852374,41.012611609213437],[-3.4060643038991749,41.013585146798107],[-3.4063543365903413,41.013962311745075],[-3.4065298822788117,41.014231024870114],[-3.4070995599683367,41.015050587685025],[-3.4073346896509964,41.015509598625385],[-3.4074979964895062,41.015828396600035],[-3.4076505789424076,41.015900922435463],[-3.4132416170280857,41.018558254023461],[-3.4151393365454061,41.020490098497199],[-3.417332620013283,41.022722641883696],[-3.4184175850747049,41.023826954557912],[-3.4187065611817808,41.024121552317894],[-3.4189466530549151,41.024366310984348],[-3.4207626294029301,41.026217508455431],[-3.4218550766378453,41.027320942710119],[-3.4220018410590365,41.027469179743093],[-3.4228108549430751,41.02829504579109],[-3.4230634161816824,41.028554453944729],[-3.423357388926509,41.028856390987706],[-3.4243835420283188,41.029899670585841],[-3.4260744498627704,41.031618707496285],[-3.4297383651079834,41.040227827517313],[-3.4310499714900926,41.041541975975633],[-3.4311778430038564,41.041670092425797],[-3.433945061573386,41.041973701233218],[-3.435790406733092,41.042172615631422],[-3.4369010260188322,41.042348207725595],[-3.4389347745158561,41.042669718372608],[-3.4389705688526915,41.043092886913762],[-3.4390015832862604,41.043459522356251],[-3.4389892257522998,41.043648582596369],[-3.438968370625858,41.043967666162956],[-3.438895805019718,41.044275789173263],[-3.4387628761156233,41.044865537076788],[-3.438727172396455,41.04501420988538],[-3.4385714319968952,41.045662703478747],[-3.4383464831053163,41.046563589486446],[-3.4382389575362677,41.046839538164527],[-3.4380242544442732,41.046985696949072],[-3.4371190837111296,41.047531991454129],[-3.4369340708244267,41.047682644138376],[-3.4361049490319022,41.048382575861076],[-3.4353755627016511,41.048932112496665],[-3.4348034620702474,41.049332422507739],[-3.434684864676842,41.049573390446092],[-3.434676974582128,41.049821137338064],[-3.4347516741817063,41.050143349127971],[-3.4351223457374371,41.050519089734117],[-3.4352093179394481,41.050738920765887],[-3.435314844187412,41.051098806594297],[-3.4355214138149144,41.051372306347602],[-3.4355993677675816,41.051659850050434],[-3.4355569905592396,41.051911336812267],[-3.4354580092766183,41.052136606715834],[-3.4353290590830232,41.052357201920088],[-3.4352719854124438,41.052544785506903],[-3.4352549566492083,41.052668260170996],[-3.4352851589401903,41.052919473550055],[-3.4355010290920904,41.053395054190659],[-3.4356147873750622,41.05364339155765],[-3.4356140549664502,41.053711858730338],[-3.4353309962559826,41.054100273814385],[-3.4352255583766418,41.054170929972756],[-3.435009034050633,41.054280975424568],[-3.4347380837750983,41.054418679835386],[-3.4345003514115242,41.054642072399538],[-3.4343473676329914,41.054904788904679],[-3.4342816429168641,41.055280650743924],[-3.4342790704678476,41.055334271341501],[-3.4342620581538288,41.055688815624443],[-3.4341829086249094,41.055959359120294],[-3.4340510649058098,41.056178744866372],[-3.4339387900208065,41.056298071200551],[-3.433549836155497,41.056523369667289],[-3.4334746125825801,41.056653827100554],[-3.4334470654778095,41.056808870278957],[-3.4333633810982809,41.056932595263497],[-3.4332056331105529,41.057014261387465],[-3.4327665117986781,41.057085112484671],[-3.4327598319085442,41.057086190617916],[-3.4325452207254306,41.057208599563701],[-3.4324524153189322,41.057392748507574],[-3.4324266930687024,41.057443789513599],[-3.4321811057394074,41.057763953806138],[-3.4319473983537421,41.057887370986236],[-3.4317757193712639,41.057978032415292],[-3.4317636342033535,41.057984413099867],[-3.431535195729754,41.058176235322073],[-3.4315107460613921,41.058190705623268],[-3.4312886097298945,41.058322177327668],[-3.4313276892697093,41.058658040845174],[-3.4314465353634263,41.058816145029795],[-3.4315220712573522,41.058948814723585],[-3.4315524773740655,41.059002220753328],[-3.4315440594395223,41.059058243091073],[-3.4315421251353726,41.059071110313646],[-3.4315228154353083,41.059199609455533],[-3.4313669526025743,41.059387558982635],[-3.4313204055042057,41.059430949617621],[-3.4311528756597842,41.059587117763222],[-3.4310658630151862,41.059755306702428],[-3.431184784623615,41.059924216971254],[-3.4311559548709774,41.060065748554138],[-3.4309829376908354,41.060372675963237],[-3.4309106611435607,41.060597246353744],[-3.4308340440932943,41.061156714739774],[-3.4307886160095813,41.061593994874848],[-3.430940822234994,41.061941149528359],[-3.4310977355108605,41.062276572208489],[-3.4310476845602786,41.062449712363666],[-3.4308943427473535,41.062535683575305],[-3.430476128245457,41.062686164978643],[-3.4301517473351679,41.062797448995141],[-3.4300297098235051,41.062941726067152],[-3.4299079865887134,41.06307549568178],[-3.4294532420542563,41.063259768421972],[-3.4291030262505111,41.063345237545761],[-3.4288471832969356,41.063390207124485],[-3.4285605298737543,41.063417388914353],[-3.4283424207143707,41.063553321403901],[-3.4281821135175448,41.063814846806174],[-3.4280051369262097,41.064229904047842],[-3.4278832300219073,41.064510772706626],[-3.4277529245144622,41.064605837040837],[-3.4276928952399586,41.064620825931279],[-3.4272585882601003,41.064729271297523],[-3.4271536290716078,41.064886677935291],[-3.4270883455139542,41.064984580347364],[-3.4270640947365498,41.065020949453633],[-3.4268959771329883,41.065161191646048],[-3.4267474331973169,41.065195970816774],[-3.426326594529697,41.065274082054081],[-3.4261737459745496,41.065382745549293],[-3.426045256621236,41.065575991337262],[-3.4259578047517611,41.065859169009954],[-3.425990307846178,41.066099568763569],[-3.4262073206799446,41.066531162369351],[-3.4261846763221544,41.066710498300523],[-3.4260017858667693,41.066958899992315],[-3.4260071827973602,41.067244438590528],[-3.4259967454761657,41.067369097918679],[-3.4259883966813218,41.0674688097006],[-3.4260736698668683,41.067587398642864],[-3.4262533827838251,41.067771412660271],[-3.4262842692884767,41.067946953618218],[-3.4264882635595448,41.068202937707461],[-3.4267401450658284,41.068501083053292],[-3.427044073905563,41.068923643960403],[-3.4270078324178614,41.069036976699365],[-3.4268520635640276,41.069061876560625],[-3.426611400375482,41.069087327442062],[-3.4265784878771002,41.069090808401448],[-3.4265599524033217,41.069102339816979],[-3.4263745760067081,41.069217672804378],[-3.4261699591486994,41.069421106463814],[-3.4261214132019941,41.069565981226646],[-3.4261062541504019,41.069611219185617],[-3.4261851705612525,41.069908782715942],[-3.4262582531592622,41.070193677152268],[-3.4262906277368237,41.070416054618498],[-3.4261250130044525,41.070575204212396],[-3.4255653024718762,41.07090425289325],[-3.4253761482478686,41.071106731682313],[-3.4253332267533398,41.071281647119747],[-3.4252570360298988,41.071465686203126],[-3.4251451813106515,41.071657074999827],[-3.425140415840767,41.071841758471457],[-3.425281025554225,41.071865564174857],[-3.4256231877016443,41.071811101796655],[-3.4261383805798138,41.071729096893144],[-3.4262394833617429,41.071775737100538],[-3.4263437285978831,41.071823827605499],[-3.426323272783967,41.071950411125847],[-3.4263116827950011,41.072022130488371],[-3.426130393187564,41.072153415658455],[-3.4256984456317654,41.072360377742726],[-3.4255567028187603,41.072531151503547],[-3.4253819495173392,41.072753393965669],[-3.4252799255885114,41.072992485837169],[-3.4251432478153729,41.073211875958911],[-3.4253370436335078,41.073731836480484],[-3.4255085170236321,41.07392668616076],[-3.425673326489016,41.074008958188074],[-3.4259169779503629,41.074052117335086],[-3.4260868579665886,41.074082207790056],[-3.42637079206605,41.074179349323799],[-3.4263599000085181,41.074337031166323],[-3.4260729101064866,41.074505640403437],[-3.4256594953586412,41.074635068700196],[-3.4255246434087683,41.074767987442698],[-3.4255849347456535,41.074888474056486],[-3.4257882446694281,41.07503545832644],[-3.4257988998231452,41.075211083854157],[-3.4256882864652463,41.075411468451719],[-3.4256535829891215,41.075568331944041],[-3.4256031180380497,41.075854688119911],[-3.4254907806625607,41.075984206861811],[-3.4253093651444333,41.076095673342039],[-3.425358617688754,41.076164853801671],[-3.4255829223053795,41.076243297648723],[-3.425917707333257,41.076286214733919],[-3.4263259388386582,41.076274810626735],[-3.4265792530012331,41.076317920885572],[-3.426683460572963,41.076335654831112],[-3.4267663902239902,41.076458759386753],[-3.426878312820818,41.077015951533319],[-3.4269677222864132,41.077405668485881],[-3.4271765182956608,41.07769466754791],[-3.4275974073373057,41.078318577253889],[-3.4275786662094903,41.078502649471133],[-3.4275638277404887,41.078648398532657],[-3.4275567302902128,41.078658504910372],[-3.4274376007828464,41.078828127641827],[-3.4271889935180631,41.079043428372323],[-3.4270695332520389,41.079349245103614],[-3.4271918015104115,41.079663178370311],[-3.4274581078841471,41.080225384891222],[-3.4275991887097979,41.080504142503308],[-3.4277310525426641,41.080764684677149],[-3.4276845558943099,41.081070309460671],[-3.4276545379892469,41.081267618488837],[-3.4275275117553279,41.081507709204523],[-3.4271557196434892,41.081821654788044],[-3.4270599236237764,41.081874893580057],[-3.4270283980689418,41.081892414018895],[-3.4266906989671604,41.082080090749557],[-3.4263669106415682,41.082197819554345],[-3.4258064897776972,41.082353253446342],[-3.4256611861380026,41.082495544078235],[-3.425661027987553,41.082654990296327],[-3.4258054475030688,41.082898576438971],[-3.4259610326609953,41.083024123446563],[-3.4262391853095013,41.083142001448365],[-3.4263704727759876,41.083157534785869],[-3.4263827267695146,41.083158984782777],[-3.4264977236906411,41.083172590172751],[-3.4268965438080294,41.083170220610008],[-3.4278408879984421,41.083023512266898],[-3.428277708585143,41.083005696608538],[-3.4285713732501972,41.083129821475573],[-3.428773873866573,41.083329955377884],[-3.428938826367478,41.08361490007983],[-3.4290174773695949,41.083809182546823],[-3.4290573921772065,41.083927527917254],[-3.4291230771146672,41.08412227925723],[-3.4292560391841929,41.08432395036958],[-3.4293314132393204,41.084380496974639],[-3.4293989115431818,41.084431135659294],[-3.4295382465627204,41.084436927391188],[-3.4295476677101799,41.084429657888656],[-3.4296567137452469,41.084345505089395],[-3.4297769659014219,41.084153679242917],[-3.4300136413962345,41.083759566858667],[-3.4302222837308158,41.083620967232513],[-3.4304996470123403,41.083616336190659],[-3.4306429341735183,41.083680666999015],[-3.4308037311035702,41.083874643003767],[-3.4309613188167218,41.084123585423264],[-3.4311037653127174,41.08424285632254],[-3.4313641415331211,41.084310983690074],[-3.4316423755433667,41.084314722339847],[-3.4320418405824844,41.084228568288502],[-3.4323525060969651,41.084098796596969],[-3.4329749446740179,41.083819729646059],[-3.4335240449523057,41.083675352826646],[-3.4341077943353868,41.083551554217742],[-3.4344149481962205,41.083551309154025],[-3.4346188173507484,41.083593786326169],[-3.434797256739778,41.083675266760935],[-3.4351186478153535,41.083927016449209],[-3.4352954493377075,41.084016434798421],[-3.4354238342169858,41.084012621242699],[-3.4355530570498383,41.084008780955529],[-3.4355727912602609,41.084008194700999],[-3.4359537237786673,41.083852229641714],[-3.4363261459446734,41.083606304009081],[-3.4366435615860662,41.083344576474822],[-3.4368622090730145,41.083111548443483],[-3.4373932604820086,41.082402405517939],[-3.4376621734017352,41.082198709086583],[-3.4378513217711064,41.08217727823898],[-3.4382232076389698,41.082244342096899],[-3.4384672822944418,41.082247025836672],[-3.4386965774953313,41.082174992011815],[-3.4392151907050796,41.08174694799316],[-3.4393533605879032,41.081577975662384],[-3.439482866332443,41.081180227500404],[-3.4396180079816756,41.081093238071297],[-3.4398819943672483,41.081048093747029],[-3.4401538262448148,41.081106520722884],[-3.4404718021666634,41.081302596022887],[-3.4405286528378163,41.081437502514071],[-3.4405293343051024,41.081719448131231],[-3.44063959803273,41.081828929536087],[-3.4414251280113852,41.081976377593179],[-3.4417656788185544,41.08198499487375],[-3.4422901791415321,41.081906431323013],[-3.442499808574131,41.081921848232355],[-3.4428278250006397,41.082014274780093],[-3.4430966248414685,41.082148146357234],[-3.4433716358819293,41.082321930694143],[-3.4436577375475372,41.082387652266199],[-3.4440458353808983,41.082415740744494],[-3.4442842528552231,41.082432995510629],[-3.4444434381443521,41.0823801384131],[-3.4445520841180337,41.08225001116864],[-3.4446953322123801,41.081915407555897],[-3.4449739955037741,41.081432256627764],[-3.445166658502544,41.081225237481519],[-3.4454856661690294,41.08104114430266],[-3.4458614091007949,41.080978521700409],[-3.4462464295173714,41.08097056437682],[-3.4464671710401587,41.080993328469425],[-3.4467105454969271,41.08101842576955],[-3.4469829271308496,41.080984047729629],[-3.4482033231871281,41.080650539547676],[-3.4484497827416978,41.080654090076884],[-3.448576824686175,41.080778811418526],[-3.4485811463321236,41.081066156658999],[-3.4485836796900808,41.081439088245084],[-3.4487244096782979,41.081652936038203],[-3.448944490268286,41.081804318816623],[-3.4494230332107341,41.081972722136591],[-3.44972410369882,41.081952639537036],[-3.4499990706015065,41.081771419907454],[-3.4501073234360518,41.081741593848946],[-3.4502842594030754,41.081692842692973],[-3.4506560255151375,41.081740938222381],[-3.451110794565686,41.081913034338712],[-3.4515654245007901,41.08224186513813],[-3.4520941419264211,41.082434383392567],[-3.4527812406037399,41.082631681810803],[-3.453141974939177,41.082805036539455],[-3.453302537993149,41.083002624880052],[-3.4535016033222705,41.083247591639761],[-3.4537899351281629,41.083544779419498],[-3.4540212664981453,41.083597919269451],[-3.4545452857162213,41.083623801756382],[-3.4546189512971264,41.08364760411915],[-3.4548400020537757,41.083719028726776],[-3.4549184749374735,41.083783700444855],[-3.4550423539053039,41.083885792481581],[-3.4552439942055062,41.083948955994742],[-3.4554458724144337,41.084046349772549],[-3.4556768643604809,41.084223807073428],[-3.4556828537846247,41.084233079713222],[-3.4558248841823564,41.084452937245949],[-3.4558612693583686,41.084895096595105],[-3.4558046655735715,41.085072267768638],[-3.4557831798095298,41.085139522305283],[-3.4555970323761955,41.085360526403434],[-3.455591298029332,41.085456460655458],[-3.4557620084625675,41.085697203515956],[-3.4560635054895337,41.086190210142199],[-3.4562631650145752,41.086654510570042],[-3.4563219885322103,41.086791301987162],[-3.4564972559779683,41.087036743170501],[-3.4569115453479555,41.087166420643143],[-3.4573968741110543,41.087182131994247],[-3.4580995228903708,41.087128413540661],[-3.4585132030197459,41.087206053497681],[-3.4587395292478691,41.087393431070701],[-3.4588444353833054,41.087583991486113],[-3.4589745350660719,41.087802373736587],[-3.4591161579531549,41.087908994644273],[-3.4591911682588865,41.087965465441904],[-3.4592639999210117,41.087988772688668],[-3.4594775574157297,41.088057113108441],[-3.4599450738300979,41.088104485020281],[-3.4606387634679394,41.088172958665481],[-3.4609563662793827,41.088307671510165],[-3.4612176867312137,41.088487113094736],[-3.4613383811438725,41.08872174928787],[-3.461478908630871,41.088895945610247],[-3.4618290633183433,41.089081925633955],[-3.4620832295650823,41.089125534356661],[-3.4623870435997359,41.0891243299831],[-3.4634522087651276,41.089124071814808],[-3.4639111435054688,41.089225045663113],[-3.4645242734296935,41.08936028345471],[-3.464713040350365,41.089463021270468],[-3.4648273164434999,41.089618497909981],[-3.4650850807696685,41.090036191003264],[-3.4652990607439329,41.090330035584209],[-3.4655469213808745,41.090529019552093],[-3.4660203112619734,41.090626198118223],[-3.4666731230991417,41.090703190786435],[-3.4671470147515207,41.090840541313604],[-3.4674974274701635,41.091081884489711],[-3.4678960617976471,41.09136268513501],[-3.4682965742960197,41.09153189939034],[-3.4687872910047819,41.091613090613457],[-3.4692132597321028,41.091740174627091],[-3.4695101149366891,41.091959675298398],[-3.4696425818446275,41.092052675967814],[-3.4699157858491909,41.0922444821352],[-3.4702454282356658,41.092378687740734],[-3.4707513589302734,41.092512598370767],[-3.4714096050266785,41.092673479870463],[-3.4714181865850482,41.092676001245351],[-3.4720401535160788,41.092858781103459],[-3.4726208873022206,41.093029440651975],[-3.4734200012995249,41.093238163618167],[-3.4734226520966955,41.09323836711819],[-3.4736320625481203,41.093254416415078],[-3.473961721491809,41.093218199687648],[-3.4742558424585201,41.093232036500154],[-3.4745792396984059,41.093331591492849],[-3.4747415047227217,41.093543521120388],[-3.4747334877982103,41.093753439004587],[-3.4746605080829309,41.094036596920454],[-3.4746109231449589,41.094261999695796],[-3.4745771411621957,41.094532383899626],[-3.4746384115321853,41.094773558918014],[-3.4748590825235079,41.095044648577208],[-3.4749015054714869,41.095096765446492],[-3.4751539764137584,41.095266881967596],[-3.4756954336430699,41.095299015300419],[-3.4761272611339518,41.095181707967406],[-3.4762998352451522,41.095063043155193],[-3.4762992444655789,41.094981253261594],[-3.4762947635728758,41.094360889502724],[-3.4762902212516384,41.093732001337195],[-3.4762725540248134,41.091285769053393],[-3.4762675435993091,41.09059196255815],[-3.4762588719162193,41.08939111485391],[-3.4762387422637713,41.086603295934189],[-3.4762075165952315,41.082277977858162],[-3.4762043814657373,41.081843653691749],[-3.4761961535991368,41.080703763493787],[-3.4761637021611564,41.076207295130942],[-3.4761551193489986,41.075017890660256],[-3.476142508647686,41.07327017244954],[-3.4761400294970297,41.072926568594077],[-3.476135345301814,41.072277335000052],[-3.4761104386025119,41.068824886893132],[-3.4761068965607143,41.068333857021273],[-3.4760981354773461,41.067119264087239],[-3.4760775301669291,41.064262352828123],[-3.4760764113360225,41.064107215939451],[-3.4760199509134782,41.056276845336342],[-3.4760125811377245,41.05525451899458],[-3.4760011667408088,41.053671023530562],[-3.4759818200811692,41.05098681257968],[-3.475964043245741,41.048520082734377],[-3.4759476615448484,41.046246670949536],[-3.475936798221376,41.044738941949518],[-3.4759350644105735,41.044498294394856],[-3.4759235963308526,41.042906486901792],[-3.4759225638319107,41.042763166346234],[-3.4758827713730853,41.037238808693644],[-3.4758208418040408,41.028638105845957],[-3.4758195289525151,41.028455738196286],[-3.4758179106072351,41.028230932227501],[-3.4758009794187079,41.025878850812482],[-3.4757690661785197,41.021444702581441],[-3.4757669707445924,41.021153520205779],[-3.4757658681028407,41.021000294927532],[-3.475762796293361,41.02057342395662],[-3.4757574384450374,41.019828853837154],[-3.4757549606080187,41.019484504014699],[-3.4757530792256244,41.019223040650978],[-3.4757394740354006,41.017332169294903],[-3.4757257715754935,41.01542759677227],[-3.475723956868376,41.015175347941181],[-3.4756882772325204,41.0102151366671],[-3.4690692257942306,41.010242262392325],[-3.4686719670720181,41.010243878318718],[-3.467214160463342,41.010249796496794],[-3.4641920580518928,41.010262006431475],[-3.4637964472317484,41.010263598917881],[-3.4624424682406825,41.010269038930346],[-3.4578704083833856,41.010287291005767],[-3.451904588604465,41.010310834385372],[-3.4505187994525048,41.010316259039591],[-3.446497074192346,41.010331907694074],[-3.4460502734808633,41.010333637548371],[-3.4456498779086773,41.010335186266886],[-3.4453842137425261,41.01033621308067],[-3.4441661500281628,41.010340913156909],[-3.4426678399456527,41.010346676949517],[-3.4400127020845472,41.01035684306121],[-3.4373600947203675,41.010366938409376],[-3.4344485157980755,41.010377949080748],[-3.4328656373401234,41.010383904166396],[-3.4314701823906675,41.010389136100883],[-3.4311063260775994,41.010390497518848],[-3.4303760145267601,41.010393226612692],[-3.4293909246757219,41.010396900454751],[-3.4281207884058738,41.010401624937202],[-3.4271264078110426,41.010405313932694],[-3.4202167431054828,41.010430710791539],[-3.417650476464098,41.010440037760766],[-3.416228848302346,41.010445180005362],[-3.4156458859781593,41.010447283599248],[-3.4141030394638405,41.010452836665685],[-3.4131519536785162,41.010456249557322],[-3.4117342769269126,41.010461322204364],[-3.4114636754267642,41.010462288472887],[-3.410565123146057,41.010465492481821],[-3.4101581463973716,41.010466941352625],[-3.4099276603140596,41.010467761264749],[-3.4081653950496111,41.010474014967897],[-3.4077852593294513,41.010475360412514],[-3.407535102193699,41.010476245129617],[-3.4073459749988646,41.01047691364505],[-3.404336882507863,41.010487508257988],[-3.4040801513198238,41.010488408537206],[-3.403674908674831,41.010489828437855],[-3.4034953358283988,41.010490457174733],[-3.402773658912658,41.010492981154549],[-3.4020279580990023,41.010495584408545]]]},"properties":{"FID":68,"Malla10km_":"30TVL64","Sheet1__Ur":" ","Sheet1__CU":" ","Sheet1__Ob":0}},{"type":"Feature","id":69,"geometry":{"type":"Polygon","coordinates":[[[-3.5937968600708037,40.919584951940294],[-3.5938200998219605,40.922181571649467],[-3.5938619996892327,40.926862260727226],[-3.593877493593729,40.92859282518355],[-3.5938784877799073,40.928703863904154],[-3.5938953955962161,40.930592169774648],[-3.593902109964382,40.931341996765312],[-3.5939208819641055,40.933438209111145],[-3.5939287805951889,40.934320159050849],[-3.5939500164766871,40.936691132858925],[-3.5939581636450044,40.937600684177738],[-3.5939584765285399,40.937635613718896],[-3.5939698781247955,40.938908417625868],[-3.5940113911689284,40.943541987375141],[-3.5940191745992021,40.944410631475414],[-3.5940388702434563,40.946608528922106],[-3.5940555348558667,40.948467993849114],[-3.5940640889846573,40.949422409879027],[-3.5941196134079325,40.955616359416055],[-3.5941363094312249,40.957478482438312],[-3.594200393157287,40.964624175658848],[-3.5942384121723903,40.968862290495991],[-3.5942504921937664,40.970208703690616],[-3.5942812095103926,40.973631977649838],[-3.5943466319312964,40.980920971532655],[-3.5943620624861388,40.982639765388356],[-3.5943653534266713,40.983006320625201],[-3.5944267778584109,40.989846721373652],[-3.5944429521034227,40.991647538873693],[-3.5944468554512321,40.992082107564457],[-3.5944968384266733,40.997645984758336],[-3.5945135839658868,40.999509672505759],[-3.5945204847615382,41.000277642643653],[-3.5945238783811573,41.000655298105237],[-3.5945324132725052,41.001605062869338],[-3.5945327228649062,41.001639513530257],[-3.5945647126911724,41.005198937759246],[-3.5945655084489121,41.005287471487392],[-3.5946048413382758,41.009663043082213],[-3.5964534670870552,41.009653492014444],[-3.6064963080151591,41.009601086831907],[-3.610391209694622,41.009580527102607],[-3.6183877372599969,41.009537903916062],[-3.6208687571613511,41.009524566785778],[-3.6302791283391116,41.00947349434594],[-3.6336324793936412,41.009455109194469],[-3.6340797869717796,41.009452649401688],[-3.6353087921779599,41.009445882031706],[-3.6357748214417289,41.009443312470566],[-3.6358926781945291,41.009442662341293],[-3.6372633603029945,41.009435092442487],[-3.6388291505807828,41.009426425068931],[-3.6421704805187578,41.00940785813296],[-3.6439081000524407,41.009398164330079],[-3.6472804554565386,41.009379275932702],[-3.6540617930652841,41.009340995288809],[-3.6547293494795094,41.009337205361931],[-3.6659530652450329,41.009272905825355],[-3.6712051536917549,41.009242441749805],[-3.6712488493475091,41.009242187294824],[-3.6719562136181723,41.009238065762048],[-3.6720224856811861,41.009237679398446],[-3.6732905061057406,41.009230279547836],[-3.673655656157556,41.009228146036214],[-3.6750866279368464,41.009219773953866],[-3.6768208950497452,41.009209603589831],[-3.6778442963243529,41.009203589754712],[-3.6834832405540001,41.009170290525539],[-3.6897354855696207,41.0091330470892],[-3.7016266322472191,41.00906127784134],[-3.7018418610202604,41.009059967520109],[-3.7112280030229043,41.009002433360102],[-3.7132787506826697,41.008989761159306],[-3.7135177356235536,41.008988282023914],[-3.7135166134058371,41.0088842573496],[-3.7134830509735894,41.005772914148935],[-3.7134468321922611,41.002414770671741],[-3.7134312935631821,41.000973881019107],[-3.7134205842428396,40.999980749845101],[-3.7134092480077792,40.998929427346155],[-3.7133704306364863,40.995329081438264],[-3.7133580729270586,40.994182755504042],[-3.7133527450097787,40.993688506736156],[-3.7133496149172975,40.993398135300488],[-3.7133234768742431,40.990973203354528],[-3.7132513994388914,40.984284749996064],[-3.7132264134853483,40.981965641652167],[-3.7131619337429518,40.975979604180132],[-3.7131293940825736,40.972958067440963],[-3.7131237090872675,40.972430128281886],[-3.7131147483041356,40.971597953330651],[-3.7130324186141279,40.963950478019392],[-3.7130323125418072,40.963940623224381],[-3.7130126761096887,40.962116189009087],[-3.7129408656531115,40.955442800015391],[-3.7129354870670555,40.954942874288896],[-3.7129270310192859,40.95415688091628],[-3.7128422427868872,40.946274053287873],[-3.7128385994187116,40.945935256250173],[-3.7128326354111647,40.945380650308522],[-3.7128308965097778,40.945218943190753],[-3.7128206731071036,40.944268203030099],[-3.7127513959871106,40.937824474725332],[-3.7127417556464701,40.936927623903955],[-3.7127269346491518,40.93554873208673],[-3.7127063949707995,40.933637636312341],[-3.7126882758829356,40.931951609185049],[-3.7126880246091183,40.931928226510031],[-3.7126835565958811,40.931512443997384],[-3.7126801613021732,40.931196480338265],[-3.7126655922936469,40.92984064140542],[-3.7126553030535434,40.928883035639934],[-3.7126449557277219,40.927919977250937],[-3.7125481996398753,40.918912316291888],[-3.7124509912056025,40.918912916918735],[-3.7072809968717255,40.918944742950025],[-3.7071098706966903,40.918945792424317],[-3.7037715317752467,40.918966214823698],[-3.7034512872615437,40.91896816884956],[-3.7006732507780624,40.918985082184008],[-3.6969395672168943,40.919007708293549],[-3.694328290401435,40.919023460776266],[-3.6934001926166702,40.919029045266008],[-3.6927027650858824,40.919033236865694],[-3.6911234815684391,40.919042712904499],[-3.69042432257584,40.919046901100266],[-3.6899736786222102,40.919049598361163],[-3.6887982588377368,40.919056625369585],[-3.6880617952739554,40.919061022061769],[-3.6870554777134297,40.919067022179092],[-3.6861916532539847,40.919072165683374],[-3.6840281655615255,40.919085019423328],[-3.6827138398391073,40.919092808290564],[-3.6788552138429211,40.919115588461885],[-3.6769232245487173,40.919126945835892],[-3.6761494602240337,40.919131485401053],[-3.6757981314511503,40.919133544882911],[-3.6655858175290184,40.919192941458931],[-3.6650481486408486,40.919196043570444],[-3.6572978188474954,40.919240481005232],[-3.6531730318439837,40.919263918561043],[-3.65305283849032,40.919264599302281],[-3.6500032859095124,40.919281829192258],[-3.6486104448728076,40.919289671875944],[-3.6484891522419902,40.919290354043177],[-3.6458721557044003,40.919305041335136],[-3.6452353203734065,40.919308606441817],[-3.6412978748880001,40.919330570795587],[-3.6294226785027801,40.919396000262296],[-3.6253976692467873,40.919417899581155],[-3.6175474434182049,40.91946020694953],[-3.6165781841037505,40.919465393529443],[-3.614854307971358,40.919474597989634],[-3.6130257544724973,40.919484333196891],[-3.6112937051712688,40.919493527874543],[-3.608986894293134,40.919505733305456],[-3.6066601219701808,40.919517997603535],[-3.605672170364246,40.919523190845936],[-3.60493819581436,40.919527043558432],[-3.5987363898336033,40.919559410996953],[-3.5979027669449666,40.919563736272252],[-3.5943209255028092,40.919582252176625],[-3.5937968600708037,40.919584951940294]]]},"properties":{"FID":69,"Malla10km_":"30TVL43","Sheet1__Ur":" ","Sheet1__CU":" ","Sheet1__Ob":0}},{"type":"Feature","id":70,"geometry":{"type":"Polygon","coordinates":[[[-3.4750418695602918,40.920135306470016],[-3.4751063786367844,40.929143353408648],[-3.4751269650232492,40.93201717473076],[-3.4751311670370844,40.932603716853478],[-3.4751424786105982,40.934182567414567],[-3.4751461097788772,40.934689373158015],[-3.4751709169376572,40.938151386144838],[-3.4752354844779756,40.947159404677869],[-3.4752771533910241,40.952970591279204],[-3.4752805772581365,40.953448011315537],[-3.4753000812728154,40.956167409007143],[-3.4753171737515207,40.9585502652657],[-3.4753269132772813,40.959907920874763],[-3.4753276936132131,40.960016692931987],[-3.4753310952830447,40.960490849213173],[-3.4753647073372633,40.965175399131972],[-3.4753990711364975,40.969963575922442],[-3.475400578684857,40.970173607928764],[-3.4754293626864223,40.974183375051751],[-3.4754940473353995,40.983191336765785],[-3.4754992485789136,40.983915482257459],[-3.4755184022962164,40.986581939070675],[-3.475527539332504,40.987853811825687],[-3.4755292945660843,40.988098130472792],[-3.4755305948120934,40.988279115465261],[-3.47555256738955,40.991337291875773],[-3.4755526592084931,40.991350070383909],[-3.4755587612993173,40.992199284273454],[-3.475568656414846,40.993576287280248],[-3.4755750946818456,40.994472184293976],[-3.4755805193582385,40.995227006811582],[-3.4755879124101132,40.996255674778041],[-3.4755884264819348,40.99632720065668],[-3.4756139606006284,40.999879589940235],[-3.4756235045997848,41.001207218474896],[-3.4756371998579496,41.003112157040974],[-3.4756882772325204,41.0102151366671],[-3.4792817112915246,41.01020025111913],[-3.480005199886314,41.010197240570079],[-3.4863162569102344,41.010170786692207],[-3.4872131863698157,41.01016699901362],[-3.4874722791339194,41.010165903581346],[-3.4875800778729196,41.010165447641683],[-3.4876007146371433,41.010165360346036],[-3.488249298795016,41.010162614885601],[-3.4884520600729512,41.01016175584715],[-3.4885149400120317,41.01016148937132],[-3.4957246580407966,41.010130708207257],[-3.4962524910534931,41.01012843696072],[-3.4968622561867067,41.010125810154094],[-3.499471848419093,41.010114531850391],[-3.5007282914665527,41.010109080602582],[-3.5014338928267668,41.010106013250294],[-3.5023506474413266,41.010102021532063],[-3.5032759840551613,41.010097985051971],[-3.5055352726199076,41.010088098428767],[-3.5070636939928757,41.010081384959449],[-3.5113635881372054,41.010062389302355],[-3.5232552962934234,41.010009020006805],[-3.5351469721539388,41.009954423973227],[-3.5470386149849418,41.009898601211319],[-3.5548582591103091,41.009861224934504],[-3.5589302240526486,41.009841551731029],[-3.5606155690219845,41.009833367099802],[-3.5616463772431053,41.009828348984826],[-3.5632489615571958,41.009820529078411],[-3.5639023395738993,41.009817334486925],[-3.5684383393773715,41.009795054299694],[-3.568847754274695,41.009793034528542],[-3.5697950417111559,41.00978835568948],[-3.5708217986232782,41.009783275542468],[-3.5711060437532605,41.009781867549172],[-3.574674189526692,41.009764133296798],[-3.5750744139730197,41.009762137227789],[-3.5790493256809062,41.009742237414549],[-3.582546588235223,41.009724615519644],[-3.5827133379630727,41.00972377265601],[-3.588242510879653,41.009695687930815],[-3.5911956994666467,41.00968057891982],[-3.5923921628553073,41.009674436073283],[-3.5946048413382758,41.009663043082213],[-3.5945655084489121,41.005287471487392],[-3.5945647126911724,41.005198937759246],[-3.5945327228649062,41.001639513530257],[-3.5945324132725052,41.001605062869338],[-3.5945238783811573,41.000655298105237],[-3.5945204847615382,41.000277642643653],[-3.5945135839658868,40.999509672505759],[-3.5944968384266733,40.997645984758336],[-3.5944468554512321,40.992082107564457],[-3.5944429521034227,40.991647538873693],[-3.5944267778584109,40.989846721373652],[-3.5943653534266713,40.983006320625201],[-3.5943620624861388,40.982639765388356],[-3.5943466319312964,40.980920971532655],[-3.5942812095103926,40.973631977649838],[-3.5942504921937664,40.970208703690616],[-3.5942384121723903,40.968862290495991],[-3.594200393157287,40.964624175658848],[-3.5941363094312249,40.957478482438312],[-3.5941196134079325,40.955616359416055],[-3.5940640889846573,40.949422409879027],[-3.5940555348558667,40.948467993849114],[-3.5940388702434563,40.946608528922106],[-3.5940191745992021,40.944410631475414],[-3.5940113911689284,40.943541987375141],[-3.5939698781247955,40.938908417625868],[-3.5939584765285399,40.937635613718896],[-3.5939581636450044,40.937600684177738],[-3.5939500164766871,40.936691132858925],[-3.5939287805951889,40.934320159050849],[-3.5939208819641055,40.933438209111145],[-3.593902109964382,40.931341996765312],[-3.5938953955962161,40.930592169774648],[-3.5938784877799073,40.928703863904154],[-3.593877493593729,40.92859282518355],[-3.5938619996892327,40.926862260727226],[-3.5938200998219605,40.922181571649467],[-3.5937968600708037,40.919584951940294],[-3.5893820494227233,40.919607600632816],[-3.5865895147754907,40.919621839514321],[-3.5860660803168658,40.91962450093304],[-3.5852598849079995,40.919628595410458],[-3.5851100003079339,40.919629356017829],[-3.5844685426510621,40.919632608970446],[-3.5819215132678339,40.919645490221697],[-3.581758462321404,40.919646312913393],[-3.5794972187045198,40.9196576984994],[-3.5784913911565011,40.919662748691884],[-3.57453618757688,40.919682522419713],[-3.570187398734757,40.919704107258006],[-3.5700461306852902,40.919704805679373],[-3.55890585027712,40.919759337641608],[-3.5583537974990884,40.919762011965567],[-3.5581707130531566,40.919762898302814],[-3.557768302617248,40.919764845406043],[-3.5542322403593616,40.919781894609734],[-3.5490569269470198,40.919806652009967],[-3.5488027422278603,40.91980786198161],[-3.548453980890927,40.919809521245632],[-3.5462952611014145,40.919819768081723],[-3.5349701694957703,40.919872862962222],[-3.5344197755600728,40.919875415005997],[-3.5341637354528754,40.919876601306825],[-3.5328529708504708,40.919882665517193],[-3.5311897692402496,40.919890338818462],[-3.531065740054407,40.919890910074926],[-3.530324686774287,40.919894320455398],[-3.5295382682341248,40.919897934401376],[-3.5291640368948762,40.919899652278872],[-3.5237578215569196,40.919924333551833],[-3.5225442571591397,40.919929839065766],[-3.510668706628651,40.919983040251374],[-3.5030130059332327,40.92001668861262],[-3.4987931246986408,40.920035018553406],[-3.4944412569240342,40.920053760057179],[-3.488037543390925,40.920081039273875],[-3.4869175120991684,40.920085773962633],[-3.4750418695602918,40.920135306470016]]]},"properties":{"FID":70,"Malla10km_":"30TVL53","Sheet1__Ur":" ","Sheet1__CU":" ","Sheet1__Ob":0}},{"type":"Feature","id":71,"geometry":{"type":"Polygon","coordinates":[[[-3.4486153317515029,40.920241140886873],[-3.44858713344756,40.920376918648536],[-3.4485368158092053,40.92066538164201],[-3.4484897419322946,40.921002982296663],[-3.4484528408422346,40.921256957828291],[-3.4484481904378721,40.921520565738859],[-3.4484886943781534,40.921630364701429],[-3.4486896266372318,40.922012643933897],[-3.44886795551403,40.922392795627658],[-3.4488627281843258,40.92244538132929],[-3.4488546051601943,40.922527076078431],[-3.4487877302629051,40.922648945088035],[-3.4484654351651454,40.923121573720948],[-3.4480063888049406,40.923762814509644],[-3.4477216616331225,40.924125045821441],[-3.4473656776775758,40.924525486901999],[-3.4468501819160817,40.925046187252377],[-3.4460594290283892,40.925803767343943],[-3.445775885062365,40.92607541055699],[-3.4447079547765429,40.92709972025704],[-3.4442161793576376,40.927667836026984],[-3.4438137332797898,40.928118462680722],[-3.4432963595590693,40.928711087294388],[-3.4428984939939569,40.929112612195112],[-3.4426127497074397,40.929367743726139],[-3.4423502820819976,40.929549812527576],[-3.4421952035795056,40.929629677755536],[-3.4419194007983913,40.929731671386776],[-3.4416833998585066,40.929827116910445],[-3.441508724964168,40.929918730141878],[-3.4412460039748169,40.930095455461107],[-3.4409773670250616,40.93029013564508],[-3.4407192281251402,40.930410927653952],[-3.4405404701655065,40.930464248982425],[-3.4402002330606476,40.930597338104604],[-3.439847223501475,40.930745120651451],[-3.4392918141808719,40.930995596973197],[-3.4389500890706528,40.931230207208294],[-3.4386637508654259,40.931398850487589],[-3.4382369202250072,40.931517576044165],[-3.4373063249408315,40.933047418078061],[-3.4370560704261037,40.933458807827847],[-3.4370324401310333,40.933497652923741],[-3.4368258420683908,40.934594746469223],[-3.4361425335315174,40.936045607810897],[-3.4354174796896406,40.937562900084792],[-3.4360572770342017,40.937668582843905],[-3.43643935311992,40.93904992011371],[-3.4367178543826311,40.939671341645827],[-3.4367445701743899,40.939759524462382],[-3.4367369916596449,40.939870355207447],[-3.436639861200018,40.940276100864807],[-3.436598587605479,40.940684326606942],[-3.4365767039763555,40.941150148188633],[-3.4364446080340825,40.941656910755022],[-3.4361922784461436,40.942518952943047],[-3.4357642973241882,40.943891740242577],[-3.4360391592971604,40.946128369784773],[-3.435063777200412,40.94722114696053],[-3.4342446930826833,40.948055694781999],[-3.4320166201219786,40.949460324037126],[-3.4318637419524127,40.95004264614996],[-3.4314237958762814,40.951694170372022],[-3.4309333990838291,40.953511842308302],[-3.430240110978763,40.955320498526149],[-3.4300041324515242,40.955917767927019],[-3.429546413760213,40.956430240390539],[-3.4291905848910225,40.957082859880408],[-3.428932723201096,40.957761121559898],[-3.4284076057046899,40.959122546844242],[-3.4280049123556924,40.95988343662485],[-3.42786287829535,40.960106889560507],[-3.4278419322864782,40.960140455517831],[-3.4276079469430627,40.960515418813692],[-3.4275841044669249,40.960549680993552],[-3.4267479388955477,40.961751290717189],[-3.4265935442429352,40.961973162686895],[-3.4262473668215714,40.962471697344441],[-3.4246499919705542,40.96396661064032],[-3.4243734187826824,40.964225435486895],[-3.4242127956521222,40.964375748384882],[-3.4236076571941454,40.964971647389063],[-3.4227440795808395,40.96583383202308],[-3.4219505039015847,40.966628552317005],[-3.4215826885923177,40.967283892776813],[-3.4215778193724531,40.967293765613576],[-3.4210671964666921,40.968329031626929],[-3.4203216010762572,40.969826627757669],[-3.4201976421718854,40.970051006740839],[-3.419584589292227,40.971160676935234],[-3.4185892851515609,40.972974216078917],[-3.4183029018375728,40.973496013274605],[-3.4182507818734216,40.973590974529394],[-3.417617994420155,40.974238148985826],[-3.4171619359638554,40.974707420824274],[-3.4168166090705188,40.975126016424362],[-3.4166479817463289,40.975330419474808],[-3.4162264879127298,40.975841327536855],[-3.4162497764943947,40.975952942966607],[-3.4163393075018171,40.976096542569465],[-3.4163557572859937,40.976122926859098],[-3.4164681155318735,40.976281196713238],[-3.4165712617714186,40.976426490036111],[-3.4165737996405263,40.976431431795781],[-3.4167566118445163,40.976787086684482],[-3.4168514395403489,40.976945088913162],[-3.4169687606486323,40.977140566865238],[-3.4169725749114392,40.977146602103531],[-3.4171586067439783,40.977440976013632],[-3.4174649316459771,40.977919042495301],[-3.4178229071232971,40.978458427388517],[-3.4181720319376647,40.978949278905077],[-3.4183613781355011,40.979257670879321],[-3.4184803076472186,40.979456322176326],[-3.4184807586343031,40.979527488315334],[-3.4184443851960289,40.979604189458712],[-3.4183730980051843,40.979670533512738],[-3.4182718442389581,40.979762459741984],[-3.4181396173815375,40.979907720689212],[-3.4179490954549356,40.980180365713188],[-3.4175175434648382,40.980789422346547],[-3.4173530763042042,40.981098098610765],[-3.4172774438935658,40.981252862717504],[-3.4170620139767833,40.981693691824368],[-3.4169770045212053,40.981784984297043],[-3.4168846955412464,40.98185107103982],[-3.416661462195155,40.981949504808163],[-3.4164971172900285,40.982031737592195],[-3.4163743835081779,40.982173607504393],[-3.4163087084428865,40.982316176574727],[-3.4162937818220649,40.982589172726968],[-3.416374662728852,40.982729082061553],[-3.4163899219955742,40.982755480522947],[-3.4164379938972127,40.982847303454605],[-3.4165358141713122,40.983034154630282],[-3.4165340607025176,40.983092898241225],[-3.4165306489582572,40.983207189897499],[-3.4164900287482123,40.983299773724454],[-3.4164415822517138,40.983410195080864],[-3.416334851816166,40.983686021662166],[-3.4162865058629999,40.984152415424546],[-3.4163295583338229,40.984502406248509],[-3.4164157009293517,40.984779543182903],[-3.4164454252793339,40.984830276453913],[-3.4164898616999673,40.984906122855399],[-3.4165352415279533,40.984983578302874],[-3.416682339093585,40.985176184040888],[-3.4168906564668946,40.98544894773066],[-3.4170180235313747,40.985661732538055],[-3.4171564228705966,40.985934436036437],[-3.4171594846223394,40.985940196528389],[-3.417303471777335,40.986211098688791],[-3.4175310605317639,40.986716805389875],[-3.4177147226085687,40.986998102915848],[-3.4181665314814937,40.987437554462126],[-3.4182960434188523,40.987563522238638],[-3.4174977862893936,40.987926312551274],[-3.4169166841897129,40.988190404490517],[-3.4149668702416256,40.989076493608167],[-3.4142166225532136,40.989417428048661],[-3.4134416959582654,40.989769566757587],[-3.4130230878642207,40.989959785958938],[-3.4123952707721599,40.990245065622318],[-3.4119684469848868,40.990439010952855],[-3.4116823888133747,40.990568990968136],[-3.4099089322480816,40.991374798384548],[-3.4090431365227754,40.991768173797375],[-3.40823007654192,40.992137578758417],[-3.4079566892964976,40.992261786217661],[-3.4067716128534768,40.992800190199553],[-3.4065136993022498,40.992917362761546],[-3.4057309021959612,40.993272989575516],[-3.4046853629676486,40.993747966564747],[-3.403946633028863,40.994083553497724],[-3.4015118490426421,40.995189558549107],[-3.4008517064956933,40.995489414433187],[-3.4006380585570883,40.995680480921862],[-3.4000190784028397,40.99623403052248],[-3.3972091236001032,40.998746796982743],[-3.3967763737042276,40.999133753153288],[-3.3963084371261436,40.999362971493653],[-3.3949422449692079,41.000032178824917],[-3.3948738956929048,41.000065658674103],[-3.3944503108479167,41.000277629840966],[-3.3946361499215483,41.000615398826881],[-3.3948463116132279,41.000997371231065],[-3.3948849165891359,41.001067893963281],[-3.3950904261315524,41.001443317545679],[-3.3953323120724144,41.001876327957937],[-3.3954152815837393,41.002028102794249],[-3.395511621400904,41.002204337614124],[-3.3960214394229573,41.003131777239439],[-3.3962309187922308,41.003501766566885],[-3.3965022429752905,41.004000034874046],[-3.3967414238892504,41.004227124827416],[-3.3969017824898455,41.004399529366346],[-3.3971100751358443,41.004727415857822],[-3.3971819055662449,41.004947328810644],[-3.3972279184166956,41.005138178342868],[-3.3972676871833509,41.005335128103404],[-3.3972890191964713,41.005707788672481],[-3.397273283178921,41.00593447479212],[-3.3972726968508282,41.006191863580966],[-3.3973111708599038,41.006441184211631],[-3.3973693976854431,41.006639937668261],[-3.3974728939099723,41.006794985767307],[-3.3975416555735434,41.006857880795586],[-3.3976039011188273,41.006870781141501],[-3.3977725753135877,41.00687974519056],[-3.3979696024053094,41.00695191441465],[-3.3980471075790377,41.00701068652743],[-3.3982376994567671,41.00726316306725],[-3.3983250256398478,41.007348441008624],[-3.3985050443619778,41.007508559255854],[-3.3987147152530057,41.007686706351336],[-3.3988909053365974,41.007915812984336],[-3.3991092183665637,41.008121618831964],[-3.3992403248469141,41.008245818418828],[-3.3993702400204238,41.008327633918384],[-3.3994941399873539,41.008365045302504],[-3.3997058124517818,41.008365219527434],[-3.3998786479268626,41.008432177032127],[-3.4000116676794301,41.008584722388214],[-3.4002064780024162,41.008762545358245],[-3.4005319651155488,41.008901058049219],[-3.400873154668731,41.009078241433635],[-3.4010499430864125,41.009241589110879],[-3.4011961744042756,41.009399611831135],[-3.4013651513739069,41.009771466411514],[-3.4014668709881795,41.00991574321209],[-3.4016343493278454,41.010079114283457],[-3.401881198196004,41.01029415955049],[-3.4019884670410896,41.010427408517856],[-3.4020279580990023,41.010495584408545],[-3.402773658912658,41.010492981154549],[-3.4034953358283988,41.010490457174733],[-3.403674908674831,41.010489828437855],[-3.4040801513198238,41.010488408537206],[-3.404336882507863,41.010487508257988],[-3.4073459749988646,41.01047691364505],[-3.407535102193699,41.010476245129617],[-3.4077852593294513,41.010475360412514],[-3.4081653950496111,41.010474014967897],[-3.4099276603140596,41.010467761264749],[-3.4101581463973716,41.010466941352625],[-3.410565123146057,41.010465492481821],[-3.4114636754267642,41.010462288472887],[-3.4117342769269126,41.010461322204364],[-3.4131519536785162,41.010456249557322],[-3.4141030394638405,41.010452836665685],[-3.4156458859781593,41.010447283599248],[-3.416228848302346,41.010445180005362],[-3.417650476464098,41.010440037760766],[-3.4202167431054828,41.010430710791539],[-3.4271264078110426,41.010405313932694],[-3.4281207884058738,41.010401624937202],[-3.4293909246757219,41.010396900454751],[-3.4303760145267601,41.010393226612692],[-3.4311063260775994,41.010390497518848],[-3.4314701823906675,41.010389136100883],[-3.4328656373401234,41.010383904166396],[-3.4344485157980755,41.010377949080748],[-3.4373600947203675,41.010366938409376],[-3.4400127020845472,41.01035684306121],[-3.4426678399456527,41.010346676949517],[-3.4441661500281628,41.010340913156909],[-3.4453842137425261,41.01033621308067],[-3.4456498779086773,41.010335186266886],[-3.4460502734808633,41.010333637548371],[-3.446497074192346,41.010331907694074],[-3.4505187994525048,41.010316259039591],[-3.451904588604465,41.010310834385372],[-3.4578704083833856,41.010287291005767],[-3.4624424682406825,41.010269038930346],[-3.4637964472317484,41.010263598917881],[-3.4641920580518928,41.010262006431475],[-3.467214160463342,41.010249796496794],[-3.4686719670720181,41.010243878318718],[-3.4690692257942306,41.010242262392325],[-3.4756882772325204,41.0102151366671],[-3.4756371998579496,41.003112157040974],[-3.4756235045997848,41.001207218474896],[-3.4756139606006284,40.999879589940235],[-3.4755884264819348,40.99632720065668],[-3.4755879124101132,40.996255674778041],[-3.4755805193582385,40.995227006811582],[-3.4755750946818456,40.994472184293976],[-3.475568656414846,40.993576287280248],[-3.4755587612993173,40.992199284273454],[-3.4755526592084931,40.991350070383909],[-3.47555256738955,40.991337291875773],[-3.4755305948120934,40.988279115465261],[-3.4755292945660843,40.988098130472792],[-3.475527539332504,40.987853811825687],[-3.4755184022962164,40.986581939070675],[-3.4754992485789136,40.983915482257459],[-3.4754940473353995,40.983191336765785],[-3.4754293626864223,40.974183375051751],[-3.475400578684857,40.970173607928764],[-3.4753990711364975,40.969963575922442],[-3.4753647073372633,40.965175399131972],[-3.4753310952830447,40.960490849213173],[-3.4753276936132131,40.960016692931987],[-3.4753269132772813,40.959907920874763],[-3.4753171737515207,40.9585502652657],[-3.4753000812728154,40.956167409007143],[-3.4752805772581365,40.953448011315537],[-3.4752771533910241,40.952970591279204],[-3.4752354844779756,40.947159404677869],[-3.4751709169376572,40.938151386144838],[-3.4751461097788772,40.934689373158015],[-3.4751424786105982,40.934182567414567],[-3.4751311670370844,40.932603716853478],[-3.4751269650232492,40.93201717473076],[-3.4751063786367844,40.929143353408648],[-3.4750418695602918,40.920135306470016],[-3.4631661978120936,40.920183616066815],[-3.4512904975846554,40.920230702744433],[-3.4486153317515029,40.920241140886873]]]},"properties":{"FID":71,"Malla10km_":"30TVL63","Sheet1__Ur":" ","Sheet1__CU":" ","Sheet1__Ob":0}},{"type":"Feature","id":72,"geometry":{"type":"Polygon","coordinates":[[[-3.5929925297683942,40.829505435958581],[-3.5929936480118903,40.82963095610814],[-3.5930461170767782,40.83551958983854],[-3.5930727990403351,40.838513451654975],[-3.5931504496922479,40.847223707545993],[-3.593153104653108,40.847521453109167],[-3.5931971104685094,40.852455916756654],[-3.5932039984041375,40.853228164187108],[-3.5932243568766578,40.855510497834914],[-3.5932334466254012,40.856529440320458],[-3.5932349367685794,40.856696477367556],[-3.5932735493380039,40.861024248486665],[-3.5932883372379241,40.862681454667246],[-3.593313824975918,40.865537413288152],[-3.5933173777308762,40.865935474843397],[-3.5933492604836927,40.869507358593367],[-3.5933772850841073,40.87264647511121],[-3.5933845051522013,40.87345513530493],[-3.593391204754131,40.874205472882451],[-3.5933942397233731,40.874545372011568],[-3.5934007753372592,40.875277303456542],[-3.5934259220037097,40.878093257628045],[-3.5934326117068935,40.878842311348684],[-3.5934746908864992,40.883553316490016],[-3.5934816414439776,40.884331363493551],[-3.5934920404107791,40.885495369217701],[-3.5935261083104773,40.889308272345488],[-3.5935551784840394,40.892561246722792],[-3.5935628610414945,40.893420841540099],[-3.593599834544901,40.897557254120272],[-3.5936161092098691,40.899377709562742],[-3.5936357025347525,40.901569162709222],[-3.5936474900336437,40.902887441512405],[-3.5936548255772451,40.903707782629816],[-3.593664607638932,40.904801667474153],[-3.5936692216558788,40.905317611702728],[-3.593716263057412,40.910577064448624],[-3.5937404907715393,40.91328529393477],[-3.5937448170329005,40.913768854424156],[-3.5937698747744267,40.91656940875567],[-3.5937764402405117,40.917303126328932],[-3.5937943041157405,40.919299349662609],[-3.5937968600708037,40.919584951940294],[-3.5943209255028092,40.919582252176625],[-3.5979027669449666,40.919563736272252],[-3.5987363898336033,40.919559410996953],[-3.60493819581436,40.919527043558432],[-3.605672170364246,40.919523190845936],[-3.6066601219701808,40.919517997603535],[-3.608986894293134,40.919505733305456],[-3.6112937051712688,40.919493527874543],[-3.6130257544724973,40.919484333196891],[-3.614854307971358,40.919474597989634],[-3.6165781841037505,40.919465393529443],[-3.6175474434182049,40.91946020694953],[-3.6253976692467873,40.919417899581155],[-3.6294226785027801,40.919396000262296],[-3.6412978748880001,40.919330570795587],[-3.6452353203734065,40.919308606441817],[-3.6458721557044003,40.919305041335136],[-3.6484891522419902,40.919290354043177],[-3.6486104448728076,40.919289671875944],[-3.6500032859095124,40.919281829192258],[-3.65305283849032,40.919264599302281],[-3.6531730318439837,40.919263918561043],[-3.6572978188474954,40.919240481005232],[-3.6650481486408486,40.919196043570444],[-3.6655858175290184,40.919192941458931],[-3.6757981314511503,40.919133544882911],[-3.6761494602240337,40.919131485401053],[-3.6769232245487173,40.919126945835892],[-3.6788552138429211,40.919115588461885],[-3.6827138398391073,40.919092808290564],[-3.6840281655615255,40.919085019423328],[-3.6861916532539847,40.919072165683374],[-3.6870554777134297,40.919067022179092],[-3.6880617952739554,40.919061022061769],[-3.6887982588377368,40.919056625369585],[-3.6899736786222102,40.919049598361163],[-3.69042432257584,40.919046901100266],[-3.6911234815684391,40.919042712904499],[-3.6927027650858824,40.919033236865694],[-3.6934001926166702,40.919029045266008],[-3.694328290401435,40.919023460776266],[-3.6969395672168943,40.919007708293549],[-3.7006732507780624,40.918985082184008],[-3.7034512872615437,40.91896816884956],[-3.7037715317752467,40.918966214823698],[-3.7071098706966903,40.918945792424317],[-3.7072809968717255,40.918944742950025],[-3.7124509912056025,40.918912916918735],[-3.7125481996398753,40.918912316291888],[-3.7125459871136202,40.918706289778953],[-3.712545696036722,40.918679185056057],[-3.7125313208423223,40.917340538508448],[-3.7125263330378502,40.916876043158581],[-3.7124727341992081,40.91188389910927],[-3.7124602326447174,40.910719335550418],[-3.712458010881706,40.910512363388627],[-3.7124514873603527,40.909904641027452],[-3.7124124249929324,40.906265254232167],[-3.712354818866598,40.900896951458407],[-3.7123008075083455,40.895862323475676],[-3.7122876946472294,40.894639825103638],[-3.7122581941457278,40.891889248486187],[-3.7121616131462387,40.882881529409254],[-3.712121082224046,40.879100154785036],[-3.7121197892211426,40.878979510859814],[-3.7120650758746025,40.873873796930617],[-3.711973907170742,40.86536323759789],[-3.7119685822986703,40.864866050150241],[-3.7119679575821882,40.864807719069262],[-3.7119412976582122,40.862318266426087],[-3.7119383323018753,40.862041347813637],[-3.7118801723956376,40.856609326390732],[-3.7118732816682223,40.85596564732792],[-3.7118721323959658,40.855858289068834],[-3.7118705583005909,40.855711245387909],[-3.7118461784836301,40.85343367234038],[-3.7118366842814154,40.852546649084957],[-3.711787004902527,40.847904562556309],[-3.7117757261440327,40.846850513687137],[-3.7116793635204335,40.837842724005867],[-3.711583044502742,40.828834920025756],[-3.6997241771744833,40.828907456608569],[-3.6948631630626418,40.828936837468817],[-3.6886945556917472,40.828973826763388],[-3.6878652669887879,40.828978774337507],[-3.6760063146717341,40.829048873199895],[-3.6750855319456428,40.82905426498904],[-3.6742101852420057,40.829059383905737],[-3.665625655583602,40.829109233163301],[-3.6650012139615216,40.829112834290932],[-3.6643594445602745,40.82911653182498],[-3.6641473209494202,40.829117753183361],[-3.6606097356238267,40.8291380642818],[-3.6575924528186943,40.829155302332012],[-3.6572754382520731,40.829157108887692],[-3.6567962038950874,40.829159838223596],[-3.6522882865479569,40.829185414275685],[-3.640429212193474,40.829251856464879],[-3.6361109587300282,40.829275747323905],[-3.632349525566541,40.829296425834798],[-3.6323467103566509,40.829296441265512],[-3.6285700986121112,40.829317079739219],[-3.6262766862006091,40.829329552469467],[-3.6167109465300045,40.829381084087132],[-3.6145188584682706,40.82939278137755],[-3.6140742759711117,40.829395148651635],[-3.6130884485382584,40.829400391787637],[-3.6066606421442295,40.829434371617523],[-3.6048517566733809,40.82944386949729],[-3.6031683263016916,40.829452683171105],[-3.5932540084778339,40.829504091651479],[-3.5929925297683942,40.829505435958581]]]},"properties":{"FID":72,"Malla10km_":"30TVL42","Sheet1__Ur":" ","Sheet1__CU":" ","Sheet1__Ob":0}},{"type":"Feature","id":73,"geometry":{"type":"Polygon","coordinates":[[[-3.4745559435297433,40.852148730771468],[-3.4745602985955881,40.85275909046392],[-3.4745671008692489,40.853712387181218],[-3.4745911230444024,40.857078580285602],[-3.4746439657886623,40.864481348141098],[-3.4746554279711028,40.866086726623109],[-3.4747197620170467,40.875094858762751],[-3.474784125197218,40.884102976703879],[-3.4748000588550929,40.886332381758358],[-3.4748034298877979,40.886804017680412],[-3.4748061874175433,40.887189811018843],[-3.474822014837851,40.8894040076012],[-3.4748325480006286,40.890877420426214],[-3.4748331527335674,40.890962009098786],[-3.4748460354150636,40.892763923644893],[-3.4748485175266146,40.893111080445841],[-3.4748729256200055,40.896524557957299],[-3.4748996656143989,40.900263477816075],[-3.4749064689366964,40.901214639870098],[-3.4749129390202436,40.902119169987955],[-3.474914854364481,40.902386930877071],[-3.4749639430019865,40.909248179944413],[-3.4749773896931253,40.911127245329553],[-3.4749983211828654,40.914051895851117],[-3.4750418695602918,40.920135306470016],[-3.4869175120991684,40.920085773962633],[-3.488037543390925,40.920081039273875],[-3.4944412569240342,40.920053760057179],[-3.4987931246986408,40.920035018553406],[-3.5030130059332327,40.92001668861262],[-3.510668706628651,40.919983040251374],[-3.5225442571591397,40.919929839065766],[-3.5237578215569196,40.919924333551833],[-3.5291640368948762,40.919899652278872],[-3.5295382682341248,40.919897934401376],[-3.530324686774287,40.919894320455398],[-3.531065740054407,40.919890910074926],[-3.5311897692402496,40.919890338818462],[-3.5328529708504708,40.919882665517193],[-3.5341637354528754,40.919876601306825],[-3.5344197755600728,40.919875415005997],[-3.5349701694957703,40.919872862962222],[-3.5462952611014145,40.919819768081723],[-3.548453980890927,40.919809521245632],[-3.5488027422278603,40.91980786198161],[-3.5490569269470198,40.919806652009967],[-3.5542322403593616,40.919781894609734],[-3.557768302617248,40.919764845406043],[-3.5581707130531566,40.919762898302814],[-3.5583537974990884,40.919762011965567],[-3.55890585027712,40.919759337641608],[-3.5700461306852902,40.919704805679373],[-3.570187398734757,40.919704107258006],[-3.57453618757688,40.919682522419713],[-3.5784913911565011,40.919662748691884],[-3.5794972187045198,40.9196576984994],[-3.581758462321404,40.919646312913393],[-3.5819215132678339,40.919645490221697],[-3.5844685426510621,40.919632608970446],[-3.5851100003079339,40.919629356017829],[-3.5852598849079995,40.919628595410458],[-3.5860660803168658,40.91962450093304],[-3.5865895147754907,40.919621839514321],[-3.5893820494227233,40.919607600632816],[-3.5937968600708037,40.919584951940294],[-3.5937943041157405,40.919299349662609],[-3.5937764402405117,40.917303126328932],[-3.5937698747744267,40.91656940875567],[-3.5937448170329005,40.913768854424156],[-3.5937404907715393,40.91328529393477],[-3.593716263057412,40.910577064448624],[-3.5936692216558788,40.905317611702728],[-3.593664607638932,40.904801667474153],[-3.5936548255772451,40.903707782629816],[-3.5936474900336437,40.902887441512405],[-3.5936357025347525,40.901569162709222],[-3.5936161092098691,40.899377709562742],[-3.593599834544901,40.897557254120272],[-3.5935628610414945,40.893420841540099],[-3.5935551784840394,40.892561246722792],[-3.5935261083104773,40.889308272345488],[-3.5934920404107791,40.885495369217701],[-3.5934816414439776,40.884331363493551],[-3.5934746908864992,40.883553316490016],[-3.5934326117068935,40.878842311348684],[-3.5934259220037097,40.878093257628045],[-3.5934007753372592,40.875277303456542],[-3.5933942397233731,40.874545372011568],[-3.593391204754131,40.874205472882451],[-3.5933845051522013,40.87345513530493],[-3.5933772850841073,40.87264647511121],[-3.5933492604836927,40.869507358593367],[-3.5933173777308762,40.865935474843397],[-3.593313824975918,40.865537413288152],[-3.5932883372379241,40.862681454667246],[-3.5932735493380039,40.861024248486665],[-3.5932349367685794,40.856696477367556],[-3.5932334466254012,40.856529440320458],[-3.5932243568766578,40.855510497834914],[-3.5932039984041375,40.853228164187108],[-3.5931971104685094,40.852455916756654],[-3.593153104653108,40.847521453109167],[-3.5931504496922479,40.847223707545993],[-3.5930727990403351,40.838513451654975],[-3.5930461170767782,40.83551958983854],[-3.5929936480118903,40.82963095610814],[-3.5929925297683942,40.829505435958581],[-3.5902579784639124,40.829519459248672],[-3.5862710901908952,40.829539788609829],[-3.5811332665412556,40.829565783460104],[-3.5793067119104061,40.829574969789704],[-3.5785790003238032,40.829578621628585],[-3.5752252776099755,40.829595392121924],[-3.5747332322126555,40.829597844423084],[-3.5739122335892679,40.829601931519385],[-3.5725486011317771,40.829608707044287],[-3.5692739677181744,40.829624911991175],[-3.5639949098320658,40.829650840379159],[-3.5633766911219267,40.829653860993311],[-3.5625478386252856,40.829657905564773],[-3.5602929251738269,40.829668878781895],[-3.5601604501166966,40.829669522082227],[-3.5574146340253852,40.829682821541326],[-3.5536133906404794,40.829701125135799],[-3.5510953431272148,40.829713180970359],[-3.5502475787038552,40.82971722750495],[-3.5486476263579374,40.829724847396413],[-3.547902895486911,40.829728386664158],[-3.5471690051330702,40.829731869710081],[-3.5463381485403849,40.829735807323289],[-3.5455552661891283,40.829739512100325],[-3.5429648032106043,40.829751732884965],[-3.5423315041415298,40.829754711692033],[-3.5415139503686315,40.829758552024828],[-3.5405184813003725,40.829763220264923],[-3.5390835002606487,40.829769934475038],[-3.5379772660265645,40.829775098309881],[-3.5336958649356642,40.829794983658104],[-3.5317239568167178,40.829804088916454],[-3.5218364309912569,40.829849236204836],[-3.5099769650821937,40.829902269730944],[-3.4981174679347653,40.82995408422704],[-3.4862579402752814,40.830004679683931],[-3.4812324176428828,40.83002575193651],[-3.48083092422661,40.830027425973647],[-3.4789304728907426,40.830035330993887],[-3.4773094861705287,40.830042048827451],[-3.4765817926616451,40.830045057190432],[-3.4765733471394236,40.830226792705965],[-3.4766220346496395,40.830494782409879],[-3.4766870733824979,40.830707373666996],[-3.4767491257056511,40.83080763633987],[-3.476928629106371,40.831097666726365],[-3.4769413912883294,40.831118289278763],[-3.4771265333626156,40.831457767773649],[-3.4773141833129211,40.831826340094956],[-3.4773474014261203,40.831992862705647],[-3.477334707431416,40.832195451449934],[-3.4773145702275357,40.832275385721019],[-3.477253461830323,40.832517958786958],[-3.4771824806160954,40.83281151275942],[-3.4771640697307515,40.833057510722888],[-3.4772116742745567,40.833577102538115],[-3.4773254295711693,40.833893733109825],[-3.4774974057631298,40.834274251964928],[-3.4778608737500449,40.834793270700281],[-3.4783430545513623,40.835376824479148],[-3.4789236133341297,40.835981710604472],[-3.4792346986825788,40.836341650374884],[-3.4793518123973,40.836612217238482],[-3.4793805871871979,40.836965860349792],[-3.4792792184598951,40.837403459708149],[-3.4791804055927376,40.837609118650889],[-3.4791564817550102,40.837658912218124],[-3.4789765901661349,40.83803331521397],[-3.478777865108678,40.838446912546402],[-3.478423421435783,40.838824746862528],[-3.4782307225821603,40.838910954915342],[-3.4780652835145118,40.838984967557401],[-3.4771796883234929,40.839269215606471],[-3.4756911390086578,40.839811877286998],[-3.4744711171823961,40.840256624502118],[-3.4744725894131521,40.840463082571283],[-3.4744726753131614,40.840475128680438],[-3.4745263977014216,40.848007405706561],[-3.4745268472219668,40.848070419750933],[-3.4745286262602146,40.848319804375251],[-3.4745311201445341,40.848669390457793],[-3.474974345599203,40.849084992167832],[-3.4754466194473239,40.8495779472698],[-3.4761854956395983,40.850349159648466],[-3.4763327869303926,40.850666167090644],[-3.4763895548377879,40.851017073959106],[-3.4763300826413603,40.851284158158492],[-3.4762382651638841,40.851437486825262],[-3.4759774607681471,40.851824189640375],[-3.4758446233742801,40.851929875010114],[-3.4758282035749666,40.851942937394952],[-3.4755165625850504,40.85209945294099],[-3.47548319084233,40.852105770280183],[-3.4750706388031256,40.852183880400162],[-3.4746620005651798,40.852161540707236],[-3.4745559435297433,40.852148730771468]]]},"properties":{"FID":73,"Malla10km_":"30TVL52","Sheet1__Ur":" ","Sheet1__CU":" ","Sheet1__Ob":0}},{"type":"Feature","id":74,"geometry":{"type":"MultiPolygon","coordinates":[[[[-3.4725020793008374,40.840974378599114],[-3.4706494919924693,40.841681899502873],[-3.4698723687167496,40.842838141624448],[-3.469747845835649,40.843178266962276],[-3.4697827466791997,40.843753768664101],[-3.4699319854441053,40.844170529019848],[-3.4700751144111845,40.844414014213328],[-3.4702637814470862,40.844735414947344],[-3.4705701971671479,40.845066698404459],[-3.4707638676675958,40.845238102707036],[-3.4707946255546722,40.845265324097568],[-3.4719627763888985,40.846254296649569],[-3.4720168456364515,40.846300071595842],[-3.4738288866059461,40.848010908918383],[-3.4745311201445341,40.848669390457793],[-3.4745286262602146,40.848319804375251],[-3.4745268472219668,40.848070419750933],[-3.4745263977014216,40.848007405706561],[-3.4744726753131614,40.840475128680438],[-3.4744725894131521,40.840463082571283],[-3.4744711171823961,40.840256624502118],[-3.4725020793008374,40.840974378599114]]],[[[-3.4440756575252189,40.908562869200594],[-3.4443878122593254,40.909059563289382],[-3.4446089184444619,40.909410172440978],[-3.4448259530166605,40.909634461166142],[-3.4450559791722117,40.909872173111658],[-3.4453684117920349,40.910148122967883],[-3.4455721143430766,40.910328038010583],[-3.4458193547567069,40.910489164145503],[-3.446258444677313,40.91072177367905],[-3.4468068301058472,40.910939319572506],[-3.4472260425872085,40.911084142276756],[-3.4478319641269639,40.911247763227216],[-3.4483347550178438,40.911382488654894],[-3.4486701646471571,40.911503226468213],[-3.4490059562587732,40.911682528621306],[-3.4494067312150598,40.911954325507935],[-3.4498146498026161,40.912234904175044],[-3.4503755234040807,40.912487504197493],[-3.4512866382638587,40.912865160697734],[-3.4512528790456245,40.912927770112326],[-3.451123671011024,40.913167398284045],[-3.4507823566332267,40.913800389270612],[-3.450657555992481,40.914133285458703],[-3.4506371372381723,40.914274792482004],[-3.4506601895815971,40.914614660672534],[-3.4507504059350995,40.915041865158649],[-3.4507239640618477,40.915170784953723],[-3.4507457501158312,40.915580585194604],[-3.4507060573387336,40.915682531773044],[-3.4505824105004028,40.915835257552942],[-3.4504439087025491,40.915933456142845],[-3.4502624289892574,40.916107659010386],[-3.4501246828275836,40.916305680075709],[-3.4499208550469906,40.916613994657098],[-3.4494104332312023,40.917260318319478],[-3.449326416403526,40.917397457002423],[-3.4491158865711742,40.917741100764687],[-3.4489457993237442,40.918018726801321],[-3.4488144152692568,40.918218480804285],[-3.4487442849122423,40.918325105139978],[-3.4486821421074412,40.918389078155812],[-3.4485758119602692,40.918498538518854],[-3.4484210642779023,40.918646162569495],[-3.4483789399493667,40.918740908391264],[-3.4484123563613118,40.919070283222091],[-3.4484145322619684,40.919430034870004],[-3.4484150723374998,40.919519087275248],[-3.4484905937439905,40.919623299167725],[-3.4485482100669116,40.919667786995305],[-3.4486159548884303,40.91972009515532],[-3.4486560122294292,40.91985055912766],[-3.4486434911848813,40.920105549738807],[-3.4486153317515029,40.920241140886873],[-3.4512904975846554,40.920230702744433],[-3.4631661978120936,40.920183616066815],[-3.4750418695602918,40.920135306470016],[-3.4749983211828654,40.914051895851117],[-3.4749773896931253,40.911127245329553],[-3.4749639430019865,40.909248179944413],[-3.474914854364481,40.902386930877071],[-3.4749129390202436,40.902119169987955],[-3.4749064689366964,40.901214639870098],[-3.4748996656143989,40.900263477816075],[-3.4748729256200055,40.896524557957299],[-3.4748485175266146,40.893111080445841],[-3.4748460354150636,40.892763923644893],[-3.4748331527335674,40.890962009098786],[-3.4748325480006286,40.890877420426214],[-3.474822014837851,40.8894040076012],[-3.4748061874175433,40.887189811018843],[-3.4748034298877979,40.886804017680412],[-3.4748000588550929,40.886332381758358],[-3.474784125197218,40.884102976703879],[-3.4747197620170467,40.875094858762751],[-3.4746554279711028,40.866086726623109],[-3.4746439657886623,40.864481348141098],[-3.4745911230444024,40.857078580285602],[-3.4745671008692489,40.853712387181218],[-3.4745602985955881,40.85275909046392],[-3.4745559435297433,40.852148730771468],[-3.4728634333452701,40.851944289652309],[-3.4709968755583653,40.851635868834158],[-3.470840231759313,40.851609984789476],[-3.470809759627858,40.851604949134106],[-3.4705004923524796,40.851657562588571],[-3.4702375968896648,40.852063111120714],[-3.4698683919509734,40.852471562210518],[-3.469613367405135,40.85277280558811],[-3.4692721017898047,40.853186990155557],[-3.4690524352281167,40.853453591558122],[-3.4687051685947279,40.853766560338165],[-3.4684838656483823,40.853966003179977],[-3.4676116664878252,40.854726147874835],[-3.4670018721697984,40.855385026800661],[-3.4665805928402986,40.855881287594158],[-3.4661069235932911,40.85650904543737],[-3.465812924288846,40.856895133989518],[-3.4658415201673356,40.857082391840414],[-3.4659573340374665,40.857183275104937],[-3.4665321210382891,40.857551937488743],[-3.4685527765283743,40.858734822398553],[-3.4700379270557558,40.859641609302045],[-3.4710064850425479,40.860228306913051],[-3.4715820725694755,40.86070433979409],[-3.4720766591379508,40.861290154386069],[-3.4726476408934799,40.862271782420095],[-3.4727734377477102,40.862783813886509],[-3.4727845034827052,40.863437865498646],[-3.4727506783376292,40.86397280899255],[-3.4724234349622862,40.864343496217032],[-3.4715411760635115,40.864917124877699],[-3.4702567892352625,40.865703590737667],[-3.4702335621461913,40.865719187092573],[-3.4679824124958261,40.867230710835365],[-3.466375099216727,40.868179306936277],[-3.4649125284635178,40.868683096572475],[-3.463995124116829,40.868989425142445],[-3.4633199825622767,40.869374369978132],[-3.4622687885673979,40.869973711379494],[-3.4622017456847627,40.870011935138884],[-3.4610615641997402,40.870651070729487],[-3.4603249043071815,40.871059435078017],[-3.4597246580398826,40.87126632056188],[-3.4592603387138023,40.871483184499425],[-3.4587445835791706,40.871763883765333],[-3.4587381116990374,40.87176740656497],[-3.458203257901395,40.872058493973718],[-3.4571257366353643,40.87246791033499],[-3.4551501283997319,40.873203024068317],[-3.4550332049398715,40.873223637174902],[-3.4544435215922493,40.873327592902712],[-3.4540638590622903,40.873280521142675],[-3.4529702079327884,40.873216466420267],[-3.4527219451144484,40.873256474495847],[-3.4525976387264241,40.873276505144261],[-3.4520204485559338,40.873548791622333],[-3.4515476638859428,40.87396400001596],[-3.4514396479332552,40.874135512081963],[-3.4511531983499459,40.874590346992896],[-3.4507549714177976,40.875070742448685],[-3.4502841420082802,40.875408922476019],[-3.4498552226697066,40.875698592674659],[-3.4498320975378349,40.875712238694796],[-3.4495221408671588,40.875895138286729],[-3.4489515453635557,40.876156065484153],[-3.4482493007635622,40.876431742017324],[-3.4476875356916006,40.876585644062523],[-3.4471480263167416,40.876690246047815],[-3.446633793895912,40.876726400059283],[-3.4463012880691872,40.876722142461851],[-3.4459002131947174,40.876660892563734],[-3.4454235450962107,40.876545571168698],[-3.4450626274489351,40.876429810227854],[-3.4447014627818735,40.876274997720024],[-3.4439145819245289,40.875931446205989],[-3.4435983962302856,40.875771578159572],[-3.4428368729964833,40.875369344631608],[-3.4422741356235025,40.87508006957156],[-3.4417821211049819,40.874977452316095],[-3.4413134546168065,40.87499635247373],[-3.4408868959455226,40.875100674049627],[-3.4405664671333929,40.875280270957219],[-3.4404311646805668,40.875458242267968],[-3.4404012315714882,40.875622706629947],[-3.4404331233254424,40.876554928474675],[-3.4404505428251282,40.877243130233502],[-3.4405182426715486,40.878035219238477],[-3.440588006895263,40.878580100062806],[-3.4406671238386859,40.8788726723037],[-3.4409247023440273,40.879891892523474],[-3.4410609907297909,40.880237500741224],[-3.4412576492769045,40.880719608036209],[-3.4414005887848527,40.881154159881895],[-3.4414719342889115,40.881531347214789],[-3.4417036801862073,40.882660787965001],[-3.4417172693447391,40.882727017811327],[-3.4419323927683179,40.88330964422498],[-3.4419648915527099,40.883346977455069],[-3.4422684962580044,40.883695723579365],[-3.4425038991641812,40.884110919646865],[-3.4428055009096505,40.88449050587468],[-3.4430397996666673,40.884779963344613],[-3.4430713816404444,40.884818981638041],[-3.4430827114532563,40.884848373897924],[-3.4431728346195989,40.885082183373534],[-3.4432851029395786,40.885385402803223],[-3.4434385140740207,40.885606420117604],[-3.4435237339664284,40.885704259449689],[-3.4436669020494199,40.885868628809959],[-3.4439841367531172,40.886080879612415],[-3.4442383578189624,40.88620325424376],[-3.4444644931421866,40.886356148830274],[-3.4446914690343702,40.886597039864881],[-3.4448102941481178,40.886792968790793],[-3.4448337467434951,40.887103665542064],[-3.4448114960885463,40.887267616429149],[-3.444765459272872,40.887365170913156],[-3.4446735379044289,40.887465521928434],[-3.444348153691938,40.887716044046215],[-3.4442153805526603,40.887826092842694],[-3.4441114780714135,40.887912212174207],[-3.4436671467020665,40.888316622760421],[-3.4434410531506732,40.888480996071181],[-3.4432346241912377,40.88856479092702],[-3.4429134492749425,40.888629481550645],[-3.4426387714281703,40.888683155766174],[-3.44232923017712,40.888797675880575],[-3.4419764492171936,40.888945466646184],[-3.4417415588756826,40.889070334373173],[-3.4415088496266071,40.88924148280045],[-3.4413361864323972,40.889392119547701],[-3.4412067559507729,40.889511986509945],[-3.4406315562736696,40.889834125057511],[-3.4402279204325437,40.890074844135768],[-3.4399204326160819,40.890266395842261],[-3.4398149598724945,40.890391073102386],[-3.43979312369575,40.890416884281827],[-3.4397400108245688,40.89047966976419],[-3.4395654619898135,40.890831666156778],[-3.4395924838922087,40.891149556880364],[-3.4397588298719461,40.891351618293101],[-3.4401377513902949,40.891567275507015],[-3.4411247261312297,40.891938551150822],[-3.442117314892724,40.892237403733674],[-3.4426307687589937,40.892476617183476],[-3.4429669783071866,40.892693334294592],[-3.4433699193667744,40.893052016209097],[-3.4435453796342017,40.893208202461409],[-3.4442518336742602,40.89400115641584],[-3.4445233029080233,40.894398816175929],[-3.4447877653713683,40.894786205727023],[-3.4448711201847098,40.89522398621331],[-3.4449901544462627,40.895581761697152],[-3.4451942990145561,40.895935419610559],[-3.445537559574964,40.896131869964982],[-3.4459230887430703,40.896264609978431],[-3.4461876358694306,40.896331861188983],[-3.4465241913463633,40.896320840424252],[-3.446827546570808,40.896238600182159],[-3.4470273283458477,40.896111710724512],[-3.4470910540836752,40.896008666578602],[-3.447156127839794,40.89590344615408],[-3.4474743183498697,40.89538967492976],[-3.447717438117075,40.895106401174331],[-3.4480136094331848,40.894838604387104],[-3.4483320645661282,40.894705850176621],[-3.4486096851746142,40.894679558031434],[-3.448959337721516,40.894773688808534],[-3.4493497622893252,40.894952849068993],[-3.4497418537401097,40.895151699186428],[-3.4506793410304128,40.895606653536134],[-3.4515827177884533,40.895964288529278],[-3.452414551097978,40.896307671098583],[-3.4526595652349403,40.896497884239835],[-3.4527992338666014,40.896785602603941],[-3.4528050013974307,40.89696513098859],[-3.4527548397001384,40.897239794622948],[-3.4525659020019095,40.89775196505412],[-3.45245867332028,40.898064783941003],[-3.4524622768048001,40.898386806890962],[-3.4525070659080788,40.898514553446894],[-3.4527603835355603,40.89875228972852],[-3.4530632566340489,40.898989874017069],[-3.453590178142965,40.899263409898424],[-3.4540958579233512,40.89942628367217],[-3.4544497572713282,40.899482327864973],[-3.4548302824032704,40.899467529657201],[-3.4551135313738524,40.899456512960633],[-3.4555333045644812,40.899387850630262],[-3.4557681516108385,40.89934943630859],[-3.4562183098246648,40.899205331640005],[-3.4566908460341286,40.898882856730509],[-3.4570234511405058,40.898603309781038],[-3.4572664215070597,40.898387565847287],[-3.4577132105145743,40.898022024353907],[-3.458220102128549,40.897671224133674],[-3.4582709125776692,40.897636059908834],[-3.4586180543013927,40.897533796298447],[-3.4589720098183534,40.897558516968481],[-3.4590410422420819,40.897582283728994],[-3.4593007797475868,40.897671710646286],[-3.4597785032959032,40.897913883163397],[-3.46065261354802,40.898518430326362],[-3.4607355514306923,40.89862763162337],[-3.4607840077314385,40.898804368444615],[-3.4608079220865493,40.898999760513703],[-3.4609466844302017,40.899388276842942],[-3.4610734340274862,40.899622983719894],[-3.4610811784667392,40.899885093158197],[-3.4609639420873575,40.900098156251232],[-3.4608646581307099,40.90018698624705],[-3.4606878377602279,40.900345188447282],[-3.4604756905942122,40.900400087610144],[-3.4603641158553744,40.900403235550314],[-3.4600921412880297,40.900389903920058],[-3.4597103745584605,40.900295926955515],[-3.459363216781846,40.90019023694623],[-3.4588242045680313,40.900053516139486],[-3.4585596064869297,40.900077087598028],[-3.4583146023666336,40.900185267219697],[-3.4580868205605078,40.900382547102744],[-3.4579258935552319,40.900634518355737],[-3.4578564595050376,40.900928413191082],[-3.4579218494509867,40.901425467774231],[-3.4581466175509843,40.901957230809266],[-3.4583979541083316,40.902288388896892],[-3.4586399594198061,40.902594725882736],[-3.4589756447528166,40.902926706568358],[-3.4590762326511695,40.903026182677706],[-3.4593464247809043,40.903348535377141],[-3.4597297101407802,40.903883957019659],[-3.4600067163396013,40.904346716580513],[-3.4602281442015568,40.904783116314583],[-3.4604466269217808,40.905213706152459],[-3.4606521531969388,40.905650361265124],[-3.4607292840280697,40.906081462772818],[-3.4606544836742765,40.906428332391165],[-3.4605412096468826,40.906794882975014],[-3.4602162615132079,40.907255026424167],[-3.4598716786973034,40.907666429218388],[-3.4593853013223086,40.908044222732016],[-3.4588645631844019,40.908311336595268],[-3.4585470529189974,40.908416196328837],[-3.4583327948627658,40.908434023373374],[-3.4576955667243481,40.908397502995257],[-3.4571095457972385,40.908321714166163],[-3.4567808702528042,40.908244914147602],[-3.4565023170831548,40.908138709751071],[-3.4564260722114164,40.908109639837228],[-3.4560648606240054,40.907979268711671],[-3.4557228045682047,40.907824406345554],[-3.455143914113457,40.907539613705005],[-3.4548422690224614,40.907357927221248],[-3.4537586618493781,40.906624004438612],[-3.4530463047581437,40.906217310939404],[-3.4525610085145657,40.906013647720911],[-3.4518545714851268,40.905730852290787],[-3.4511613295432069,40.905494370457035],[-3.4505268018181945,40.90535153377396],[-3.4502178357710758,40.905356489628446],[-3.449671363693926,40.905445846819738],[-3.4489459596604299,40.905654311939159],[-3.4484092959860448,40.905809288610143],[-3.4481541695222,40.905832790369551],[-3.4469751580505799,40.905838263205993],[-3.4461039678647589,40.905919144268069],[-3.4450759509242146,40.906128120136422],[-3.4446297914765216,40.906318434485975],[-3.4442340805380227,40.906626241430523],[-3.4441247533103456,40.906792902530754],[-3.4439752838763318,40.90702075321532],[-3.4438234152158342,40.907402082706547],[-3.4438665829085395,40.908085302208711],[-3.4440756575252189,40.908562869200594]]]]},"properties":{"FID":74,"Malla10km_":"30TVL62","Sheet1__Ur":" ","Sheet1__CU":" ","Sheet1__Ob":0}},{"type":"Feature","id":75,"geometry":{"type":"Polygon","coordinates":[[[-3.592191831693385,40.739424495827542],[-3.5922293591891576,40.743655599222095],[-3.5922329496148717,40.744060360794435],[-3.5922399810546031,40.744853016308134],[-3.5922717385817706,40.748432653907408],[-3.5922821822079265,40.749609695070319],[-3.5923516816248773,40.757440797752103],[-3.5923651327280508,40.758956093435899],[-3.5923748339878112,40.760048889380968],[-3.5923998588867567,40.762867534950864],[-3.5924316608412532,40.766448927360898],[-3.5924593395846842,40.769565456316492],[-3.5924702562488635,40.77079449963243],[-3.5925116762494582,40.775457042733123],[-3.5925828830710311,40.783470051697407],[-3.592591727868073,40.78446514386804],[-3.5926667916640125,40.792908257846662],[-3.5926718157156832,40.793473230764953],[-3.5926861350417152,40.795083402882064],[-3.5927519398108956,40.802481303423171],[-3.5928077963567531,40.808758641196071],[-3.59281114931709,40.809135394438229],[-3.5928321001723282,40.811489361841979],[-3.5928409571563535,40.812484418678196],[-3.5928424028233192,40.812646830490571],[-3.5928443716421099,40.812868013061191],[-3.5928531175289922,40.813850520471433],[-3.5928564845333981,40.814228754646443],[-3.5929122968186116,40.820497406020664],[-3.5929447836430413,40.82414530673919],[-3.5929498276542544,40.824711631636156],[-3.5929500454983647,40.824736090088216],[-3.5929702414268343,40.82700345736886],[-3.5929706524661866,40.827049601463031],[-3.5929754850170537,40.827592105171959],[-3.5929925297683942,40.829505435958581],[-3.5932540084778339,40.829504091651479],[-3.6031683263016916,40.829452683171105],[-3.6048517566733809,40.82944386949729],[-3.6066606421442295,40.829434371617523],[-3.6130884485382584,40.829400391787637],[-3.6140742759711117,40.829395148651635],[-3.6145188584682706,40.82939278137755],[-3.6167109465300045,40.829381084087132],[-3.6262766862006091,40.829329552469467],[-3.6285700986121112,40.829317079739219],[-3.6323467103566509,40.829296441265512],[-3.632349525566541,40.829296425834798],[-3.6361109587300282,40.829275747323905],[-3.640429212193474,40.829251856464879],[-3.6522882865479569,40.829185414275685],[-3.6567962038950874,40.829159838223596],[-3.6572754382520731,40.829157108887692],[-3.6575924528186943,40.829155302332012],[-3.6606097356238267,40.8291380642818],[-3.6641473209494202,40.829117753183361],[-3.6643594445602745,40.82911653182498],[-3.6650012139615216,40.829112834290932],[-3.665625655583602,40.829109233163301],[-3.6742101852420057,40.829059383905737],[-3.6750855319456428,40.82905426498904],[-3.6760063146717341,40.829048873199895],[-3.6878652669887879,40.828978774337507],[-3.6886945556917472,40.828973826763388],[-3.6948631630626418,40.828936837468817],[-3.6997241771744833,40.828907456608569],[-3.711583044502742,40.828834920025756],[-3.7114867690685536,40.819827101747507],[-3.7113905371954781,40.810819269171901],[-3.7113556079722332,40.807548689631702],[-3.7113434103797291,40.806406447391367],[-3.7113162057482367,40.803858635629538],[-3.7113090512751263,40.803188539093647],[-3.7113016541968156,40.802495696062095],[-3.7112943488611418,40.801811422299657],[-3.7112774434917699,40.800227845241466],[-3.7112532143828685,40.797958010910506],[-3.7112098485532292,40.793894759438714],[-3.7112050007706561,40.79344048466006],[-3.7112026721413285,40.793222270355564],[-3.7111982040431939,40.792803561131493],[-3.7111961446460651,40.792610570323816],[-3.7111843331154706,40.791503648554063],[-3.7111536928504529,40.788631897319007],[-3.7111390019703765,40.787254850776485],[-3.7111231703188414,40.785770767249851],[-3.7111112367905581,40.784652026446473],[-3.7111021027192885,40.783795685668167],[-3.7110327202562128,40.777289708684748],[-3.7110215593272722,40.776242951818027],[-3.7110060448671094,40.774787795910406],[-3.710975377520374,40.771911083334693],[-3.7109417907654554,40.768760040668433],[-3.7109304542342736,40.767696356849449],[-3.7109187805847292,40.766600982300602],[-3.7109100304643468,40.765779891858926],[-3.7109093031797751,40.765711643678728],[-3.7108992001576584,40.764763554634932],[-3.7108917644225157,40.764065740521829],[-3.7108248083925721,40.757781078259029],[-3.7108140594791186,40.756771972613691],[-3.710767966639346,40.752444204956362],[-3.7107295740286581,40.748838709688918],[-3.7107181319179374,40.747764040877819],[-3.7106222477297637,40.738756093949682],[-3.7012861891539819,40.738813197685005],[-3.6987793893284957,40.738828401835541],[-3.6869364882892124,40.738899494709869],[-3.6750935453342781,40.738969372560142],[-3.6725899415074359,40.738983989161028],[-3.6669180320769752,40.739016902146254],[-3.6667693841325537,40.739017760972907],[-3.6664509069800273,40.739019600358304],[-3.6632505611860759,40.739038035373952],[-3.6544626817983397,40.739088199953848],[-3.6523296188268763,40.739100275371925],[-3.6514075365669965,40.739105483139227],[-3.6435443896703976,40.739149593610648],[-3.6409161464315902,40.739164218000305],[-3.6406475535978924,40.739165709166265],[-3.6395644721994573,40.739171715844023],[-3.6385409947238836,40.739177382622913],[-3.6375903239837841,40.739182638155569],[-3.6287728585668226,40.739231010046879],[-3.6277213688058776,40.739236733476616],[-3.6158782271086767,40.739300536025546],[-3.6155177964235263,40.739302458717802],[-3.6120113038313999,40.739321105113973],[-3.6115368831432346,40.739323619748049],[-3.6070128115350601,40.739347501309013],[-3.6040350478303669,40.739363123479556],[-3.5960147645667995,40.739404817961891],[-3.5958149172213991,40.739405849777327],[-3.5957319693523102,40.739406277937029],[-3.5943058781241626,40.739413629801298],[-3.5929412211704679,40.739420648457163],[-3.592191831693385,40.739424495827542]]]},"properties":{"FID":75,"Malla10km_":"30TVL41","Sheet1__Ur":" ","Sheet1__CU":" ","Sheet1__Ob":0}},{"type":"Feature","id":76,"geometry":{"type":"Polygon","coordinates":[[[-3.474077845830907,40.785029169327636],[-3.4742027062203196,40.785043577970299],[-3.4753407513479191,40.784579472344085],[-3.4772125268697844,40.784752519216667],[-3.4787713743085491,40.784896611752011],[-3.4800502525186903,40.785018221578916],[-3.4813132252697234,40.78514802997784],[-3.4822267526630295,40.785241913505601],[-3.4832543557847293,40.785179876275372],[-3.4841098820491418,40.785128220784607],[-3.4845482772732175,40.785102589247003],[-3.4861080177350416,40.785011383333405],[-3.487604996041799,40.785863471095176],[-3.4884617443313668,40.786054870541463],[-3.49033645954573,40.786473659787028],[-3.4904599864226782,40.786501385557408],[-3.4921336181595324,40.786877018616678],[-3.4944562248782276,40.787398261039755],[-3.4970532632457192,40.788377157158777],[-3.4973754008267668,40.788344248287544],[-3.4976809954877748,40.788794253925992],[-3.4976925734047701,40.78883096865961],[-3.4977853951545952,40.789125322524107],[-3.4980710406981941,40.788877649279463],[-3.4981445800270352,40.788813886634983],[-3.4982557046970544,40.788831287869705],[-3.4986780017514088,40.788897415807675],[-3.4987604548756575,40.788910327196206],[-3.4988115044747814,40.788827712813841],[-3.498820184502935,40.788813667945199],[-3.4988358394129624,40.788688389958196],[-3.4989139450503779,40.788576864631047],[-3.4989861064110435,40.788494950734815],[-3.4991740550110819,40.788427484706354],[-3.4993316591876411,40.788422296759549],[-3.49963817625722,40.788519164642757],[-3.4996607027923101,40.788516902355447],[-3.4997506952512918,40.788507868969035],[-3.5000705123280582,40.788382026231737],[-3.5000781453250043,40.78837902304376],[-3.5004411073621031,40.788270657098877],[-3.5004456684806486,40.788270537323271],[-3.5008535030872321,40.788259865644598],[-3.5008747308299473,40.788277054548431],[-3.5011146631767458,40.788471338267279],[-3.5013701780147124,40.78840100149079],[-3.5017601988757967,40.788293636289985],[-3.5021577598574378,40.788165929052525],[-3.5025483894058289,40.788098463578116],[-3.5031397232304045,40.788241831053497],[-3.5036588197302048,40.788259533878517],[-3.504457603948179,40.788286769977276],[-3.5062885881956518,40.78836175277543],[-3.5084472221300316,40.788449917425837],[-3.5090389934238302,40.788470640476191],[-3.5100994512325827,40.788507768752396],[-3.5108295166264791,40.788533323150638],[-3.5115723804898189,40.788495808818695],[-3.51046528198271,40.789471002764294],[-3.5099378648421391,40.789940777597302],[-3.5092731065873894,40.790532871164942],[-3.5088482633547322,40.790508102727614],[-3.5087765235045683,40.790497652985884],[-3.5082952958591576,40.7904275570287],[-3.5075552985563205,40.790245314587246],[-3.5057471817954902,40.78963758811696],[-3.505191576738441,40.789405889672459],[-3.5047103593012454,40.789205209236435],[-3.5045173455234848,40.789179598881894],[-3.5044671347498313,40.789172936796362],[-3.5042990361783413,40.789200698016657],[-3.5042050308027282,40.789310109171566],[-3.5041292558985653,40.789477999569151],[-3.5040667885985664,40.789556515938585],[-3.5038768168820278,40.789795298406936],[-3.5032213803532555,40.790430226762524],[-3.5028040815729207,40.790889994644353],[-3.5026797669840879,40.791066209518604],[-3.5026436920245914,40.791154642006475],[-3.5025708908542659,40.791472797521735],[-3.5024756606493614,40.792046772623436],[-3.5024400616310789,40.792437445786163],[-3.5024334899320424,40.792486624847555],[-3.5023245389560316,40.793301960567959],[-3.5023487496879722,40.793531278533855],[-3.5024225057225467,40.793736548752371],[-3.5025186522629443,40.793911792432596],[-3.502715883920192,40.794233371330158],[-3.5029302864811518,40.794582941942856],[-3.5033126227929379,40.795291718311333],[-3.5033532726610481,40.795499966342973],[-3.5032265023399281,40.796137425266643],[-3.5031314984170749,40.796400588874533],[-3.5028718247940076,40.796889858479304],[-3.5026236499943972,40.797198465851466],[-3.5024006744239489,40.797443506149882],[-3.5022040975025361,40.79763458187756],[-3.5012206798340459,40.798554268749655],[-3.5006987227612658,40.798761543188533],[-3.5001406865376379,40.798868912405538],[-3.5000231290283543,40.798868571494864],[-3.4994856714557288,40.798867012131012],[-3.4988258022155532,40.798698861870058],[-3.4984080278301377,40.798540146456062],[-3.4979204512005952,40.79831713437256],[-3.4974111480416354,40.798072389871578],[-3.4970530753584583,40.797857131506326],[-3.4968336219785465,40.797716516978753],[-3.4960975209339566,40.797251959781597],[-3.4957362176875999,40.796986570725309],[-3.4955227985258763,40.796789789433568],[-3.4953892862705707,40.796700072243318],[-3.4952752731020755,40.796670824591253],[-3.4950720041109249,40.796633079226815],[-3.4948281506003416,40.796665847785519],[-3.4945557537546774,40.796745110365727],[-3.4938486095168586,40.797102036472189],[-3.4934454920705149,40.797311217093672],[-3.4928794568145425,40.797640690164691],[-3.4919382049826395,40.798419212348946],[-3.4917476500752369,40.798621816930407],[-3.4915229260229519,40.799011942755847],[-3.4914684771282052,40.799185136175737],[-3.4914674449760841,40.799190811425717],[-3.491403539800094,40.799542151324673],[-3.4913127834376221,40.79990989197713],[-3.491218854537701,40.800239783304029],[-3.4911340863939451,40.800460362407229],[-3.4908883485053255,40.800896513385545],[-3.4907893716404819,40.801141063927666],[-3.4907293116842406,40.801367031889185],[-3.4907144483046695,40.801528181519238],[-3.4907375835055015,40.801618383440882],[-3.4907994230636663,40.801700448207036],[-3.4912416840585068,40.801849310809772],[-3.4912596603784918,40.801855360956758],[-3.4916008522563535,40.801953976925034],[-3.4918842509193562,40.802055287679345],[-3.4921485901918445,40.802192887794526],[-3.4922121013160217,40.802285398125434],[-3.4922503854405198,40.802488175580486],[-3.4922526500414208,40.802640169030333],[-3.4921659532675666,40.802966633012751],[-3.4921327853287853,40.80309153047898],[-3.492038315401444,40.803348199924471],[-3.4918587400784946,40.803824906117221],[-3.491511545344415,40.804656222225979],[-3.4914867678358954,40.804780800864251],[-3.4914491077587284,40.805771884940903],[-3.4914311459658007,40.806387022677285],[-3.4913141052654062,40.807505355240245],[-3.4912366474773675,40.808112642056301],[-3.4911911818995476,40.808260061382299],[-3.4911141682898013,40.808384318117142],[-3.4908251928208212,40.808725341714961],[-3.4905863344026922,40.809004599184718],[-3.4902687756834334,40.809345511371937],[-3.4900825405243117,40.809514404572681],[-3.4898686008738293,40.80968859768096],[-3.4896992828859523,40.809816228917626],[-3.4893154827691841,40.810044840494207],[-3.4886563310767458,40.810396651668718],[-3.4878372476385113,40.810844314559269],[-3.4873002289767419,40.811207808002493],[-3.4871333584949489,40.811373966124272],[-3.4867228791408493,40.811828826210494],[-3.486599293778017,40.812001541089977],[-3.4862882048935129,40.812381073922694],[-3.4861926444399103,40.812447230477659],[-3.486044920914058,40.812512722074331],[-3.4858393619021673,40.812634442963812],[-3.4851889904409408,40.813020793446746],[-3.4846427296852185,40.813298457937712],[-3.4839708054967664,40.813669811856947],[-3.4832094849805535,40.814117210243715],[-3.4828775676138179,40.814418796743269],[-3.4825016598689205,40.814857259157712],[-3.4822794910040291,40.815180592601401],[-3.4821745721607913,40.815383366116549],[-3.4821304987592634,40.815508033093856],[-3.4820969733078506,40.815684924986265],[-3.4820694906517367,40.815957375197826],[-3.4820618896860793,40.816238085977226],[-3.4820611660296099,40.816622649289869],[-3.4820611450011669,40.816633667648944],[-3.482159851454409,40.816901546622773],[-3.4823110805332687,40.817165614267331],[-3.4825307740817517,40.81754922796037],[-3.482697052974812,40.817885350388671],[-3.4827955980491936,40.818185144661406],[-3.4827946454448315,40.818205039364507],[-3.4827760642056766,40.818592820327225],[-3.4827417774916833,40.818764937402342],[-3.4826293214862778,40.818955484914959],[-3.4824847472098104,40.819131752170712],[-3.4822102469047453,40.819380627441213],[-3.4820212319965327,40.819503905513251],[-3.4817201578054173,40.819660141172136],[-3.4816050368795359,40.819705656943519],[-3.4814576603426697,40.819763925377671],[-3.4812432154586022,40.819875696363418],[-3.4809734302259767,40.820034399399091],[-3.479670791533537,40.821024476616728],[-3.4787662017822116,40.821670128160306],[-3.4785625427965359,40.821837088432602],[-3.4781856716926489,40.822258301708736],[-3.4773315643549343,40.823677439522903],[-3.4770563943871409,40.824286309696987],[-3.476898792426701,40.824750558657151],[-3.4768896209212681,40.824777575127364],[-3.4767550358466779,40.825283989232503],[-3.4767658778758537,40.825446832824248],[-3.4769548514511697,40.82581215491944],[-3.4771023737142066,40.826093324361423],[-3.4771643188318051,40.826348244673127],[-3.4771029176742143,40.826500501142576],[-3.4769805916445824,40.826641538096872],[-3.4768912452935261,40.826803347246077],[-3.4767995859728393,40.827036856141099],[-3.4766584416525714,40.8283956399695],[-3.4765817926616451,40.830045057190432],[-3.4773094861705287,40.830042048827451],[-3.4789304728907426,40.830035330993887],[-3.48083092422661,40.830027425973647],[-3.4812324176428828,40.83002575193651],[-3.4862579402752814,40.830004679683931],[-3.4981174679347653,40.82995408422704],[-3.5099769650821937,40.829902269730944],[-3.5218364309912569,40.829849236204836],[-3.5317239568167178,40.829804088916454],[-3.5336958649356642,40.829794983658104],[-3.5379772660265645,40.829775098309881],[-3.5390835002606487,40.829769934475038],[-3.5405184813003725,40.829763220264923],[-3.5415139503686315,40.829758552024828],[-3.5423315041415298,40.829754711692033],[-3.5429648032106043,40.829751732884965],[-3.5455552661891283,40.829739512100325],[-3.5463381485403849,40.829735807323289],[-3.5471690051330702,40.829731869710081],[-3.547902895486911,40.829728386664158],[-3.5486476263579374,40.829724847396413],[-3.5502475787038552,40.82971722750495],[-3.5510953431272148,40.829713180970359],[-3.5536133906404794,40.829701125135799],[-3.5574146340253852,40.829682821541326],[-3.5601604501166966,40.829669522082227],[-3.5602929251738269,40.829668878781895],[-3.5625478386252856,40.829657905564773],[-3.5633766911219267,40.829653860993311],[-3.5639949098320658,40.829650840379159],[-3.5692739677181744,40.829624911991175],[-3.5725486011317771,40.829608707044287],[-3.5739122335892679,40.829601931519385],[-3.5747332322126555,40.829597844423084],[-3.5752252776099755,40.829595392121924],[-3.5785790003238032,40.829578621628585],[-3.5793067119104061,40.829574969789704],[-3.5811332665412556,40.829565783460104],[-3.5862710901908952,40.829539788609829],[-3.5902579784639124,40.829519459248672],[-3.5929925297683942,40.829505435958581],[-3.5929754850170537,40.827592105171959],[-3.5929706524661866,40.827049601463031],[-3.5929702414268343,40.82700345736886],[-3.5929500454983647,40.824736090088216],[-3.5929498276542544,40.824711631636156],[-3.5929447836430413,40.82414530673919],[-3.5929122968186116,40.820497406020664],[-3.5928564845333981,40.814228754646443],[-3.5928531175289922,40.813850520471433],[-3.5928443716421099,40.812868013061191],[-3.5928424028233192,40.812646830490571],[-3.5928409571563535,40.812484418678196],[-3.5928321001723282,40.811489361841979],[-3.59281114931709,40.809135394438229],[-3.5928077963567531,40.808758641196071],[-3.5927519398108956,40.802481303423171],[-3.5926861350417152,40.795083402882064],[-3.5926718157156832,40.793473230764953],[-3.5926667916640125,40.792908257846662],[-3.592591727868073,40.78446514386804],[-3.5925828830710311,40.783470051697407],[-3.5925116762494582,40.775457042733123],[-3.5924702562488635,40.77079449963243],[-3.5924593395846842,40.769565456316492],[-3.5924316608412532,40.766448927360898],[-3.5923998588867567,40.762867534950864],[-3.5923748339878112,40.760048889380968],[-3.5923651327280508,40.758956093435899],[-3.5923516816248773,40.757440797752103],[-3.5922821822079265,40.749609695070319],[-3.5922717385817706,40.748432653907408],[-3.5922399810546031,40.744853016308134],[-3.5922329496148717,40.744060360794435],[-3.5922293591891576,40.743655599222095],[-3.592191831693385,40.739424495827542],[-3.5883578216114373,40.739444103530104],[-3.587607642321089,40.739447925161052],[-3.587265839619727,40.739449664786221],[-3.5872357941877722,40.739449817655817],[-3.581362638661461,40.739479549767758],[-3.5803485794202223,40.739484653058682],[-3.5775405019856392,40.73949873831581],[-3.5751437617407067,40.739510706271403],[-3.5744307695504483,40.739514256942797],[-3.5736124863916365,40.739518326530458],[-3.5726123440176445,40.739523292684062],[-3.5725021718365473,40.739523839208196],[-3.5691129044081449,40.739540600749415],[-3.5685052917333722,40.739543595162353],[-3.5599275966595734,40.739585526092384],[-3.5577029554535127,40.739596296848369],[-3.5571250688693263,40.739599087710474],[-3.5566619693553521,40.739601322128138],[-3.5486450395061344,40.739639708645683],[-3.5448186130086832,40.739657833945827],[-3.5329752234159089,40.739713130605438],[-3.521131801299576,40.739767212097213],[-3.5169681583341048,40.739785936117791],[-3.5150818823098455,40.739794369316733],[-3.5126431695901794,40.739805226667144],[-3.511619650393659,40.73980976810742],[-3.5092883473822534,40.739820078411562],[-3.4974448623865131,40.739871729539182],[-3.4856013470349487,40.739922165470936],[-3.4737578020501538,40.739971386197894],[-3.4738217297853176,40.748979717046481],[-3.4738856864459273,40.757988033705956],[-3.473889882259646,40.758578872529093],[-3.4738913589416409,40.758786809189338],[-3.4739496720468246,40.766996336175637],[-3.4739911723900461,40.772836834414932],[-3.4740000469141368,40.774085556227519],[-3.4740028053027614,40.774473669204937],[-3.4740057031004143,40.774881389244669],[-3.4740136866028601,40.776004624454885],[-3.4740737398818449,40.784451755357722],[-3.4740777301224894,40.785012897642162],[-3.474077845830907,40.785029169327636]]]},"properties":{"FID":76,"Malla10km_":"30TVL51","Sheet1__Ur":" ","Sheet1__CU":" ","Sheet1__Ob":0}},{"type":"Feature","id":77,"geometry":{"type":"Polygon","coordinates":[[[-3.45038091039289,40.740064971671465],[-3.4503115097492789,40.740342898453775],[-3.4501198407335045,40.74109959044538],[-3.449401349240643,40.741409766430849],[-3.4482857270597371,40.74189137067826],[-3.4478119205394133,40.741699266446041],[-3.4476184784951998,40.741620833892775],[-3.446967410962769,40.7413568527938],[-3.4461300670502242,40.74456355445318],[-3.4462178399864247,40.745113644086452],[-3.4457445047281841,40.746032860833317],[-3.4447420969300335,40.747986764256723],[-3.4447348916963869,40.749040799143238],[-3.4449672239579936,40.750311922061499],[-3.4447689660254177,40.75202881782139],[-3.4444485846319526,40.752891420622021],[-3.4441553666903584,40.753685791364155],[-3.4437840868399956,40.75466798592096],[-3.4437742530604831,40.754693999982528],[-3.4437726290485648,40.754698297916022],[-3.4437768063854941,40.75471971507438],[-3.443946665917776,40.755590644856774],[-3.4439509733810412,40.755612729040749],[-3.4441086654351105,40.756421248761008],[-3.4441197766029261,40.756457389867712],[-3.4444489180141007,40.757527996919272],[-3.4441363485489576,40.758227753269601],[-3.4441010509986216,40.758306770906707],[-3.4440679361341378,40.75849428664381],[-3.4441367980156468,40.758694010267142],[-3.4441581479502017,40.7589382208809],[-3.4441212459667851,40.75918243314819],[-3.4439386089159392,40.760250550191095],[-3.4440292782692548,40.760524070144434],[-3.4440785593488248,40.760807647897018],[-3.4443431458854099,40.761579566850493],[-3.4447423243678537,40.762008213782707],[-3.4449935032876948,40.762277931501274],[-3.4453394269623581,40.762395295894663],[-3.4453669443968318,40.762404631589547],[-3.4453794354854512,40.76240886966297],[-3.4468332361656353,40.763301415263683],[-3.4471769236943453,40.763522269609005],[-3.4473530294799293,40.763635434692993],[-3.4474115494801993,40.763673039320601],[-3.4476129704354421,40.763849727069911],[-3.4477412281376911,40.76398394997603],[-3.4477501866665325,40.763993325569601],[-3.4479036217313186,40.764081924008394],[-3.4475266470325794,40.764407688582416],[-3.4470314037892344,40.765808752724872],[-3.4468056810399519,40.766447315219807],[-3.4481649556805229,40.76864959371531],[-3.4483256418998813,40.76890992325837],[-3.4490171171924318,40.770011744628697],[-3.4492519572196887,40.770385936205869],[-3.4495847417445162,40.770916185645021],[-3.4500244719830033,40.771652598568892],[-3.4511953899087655,40.772672117188968],[-3.451918751782034,40.773294118184779],[-3.45315902292133,40.774387578059418],[-3.4533339807881216,40.774539688527717],[-3.4535160238359546,40.774697957953876],[-3.4546438424557184,40.775678470829249],[-3.4554004444596065,40.776336230298838],[-3.4557361916838465,40.776630547350429],[-3.4560797590743451,40.776931713227192],[-3.4561821079042834,40.777021430175715],[-3.4568722554128515,40.777620961710525],[-3.4572124346242026,40.777916470287927],[-3.4578767040114857,40.778493500292811],[-3.4584292112128381,40.779873289185588],[-3.4584481519607722,40.779920589857689],[-3.4586214161657276,40.780353272554429],[-3.4588758657587824,40.780988689135555],[-3.4589321750932043,40.781129302908347],[-3.4590101405944371,40.78132399525154],[-3.4590199372624486,40.78132474543127],[-3.4602397833120948,40.781418196023743],[-3.461811451428281,40.78207018345848],[-3.4619646667901445,40.78213374160844],[-3.4632913734316757,40.782680037096618],[-3.4645212376108465,40.783148595020357],[-3.465403270494738,40.783467224991476],[-3.466800368957986,40.783969264999001],[-3.4668306018444897,40.783979976358104],[-3.4677607553594898,40.784309492962855],[-3.4695078638928276,40.784509904761563],[-3.4707611495252899,40.784646375888833],[-3.4724258715943908,40.784838521436512],[-3.474077845830907,40.785029169327636],[-3.4740777301224894,40.785012897642162],[-3.4740737398818449,40.784451755357722],[-3.4740136866028601,40.776004624454885],[-3.4740057031004143,40.774881389244669],[-3.4740028053027614,40.774473669204937],[-3.4740000469141368,40.774085556227519],[-3.4739911723900461,40.772836834414932],[-3.4739496720468246,40.766996336175637],[-3.4738913589416409,40.758786809189338],[-3.473889882259646,40.758578872529093],[-3.4738856864459273,40.757988033705956],[-3.4738217297853176,40.748979717046481],[-3.4737578020501538,40.739971386197894],[-3.4619142281547468,40.740019391711371],[-3.45038091039289,40.740064971671465]]]},"properties":{"FID":77,"Malla10km_":"30TVL61","Sheet1__Ur":" ","Sheet1__CU":" ","Sheet1__Ob":0}},{"type":"Feature","id":78,"geometry":{"type":"Polygon","coordinates":[[[-3.5913947472484273,40.649342132251157],[-3.5914048385411848,40.650485156322624],[-3.5914742936067166,40.658350432643502],[-3.5915538759350052,40.66735871880784],[-3.5916334942517039,40.676366990743418],[-3.5917127496908532,40.685330148043782],[-3.5917131485752356,40.685375248449553],[-3.5917841962929975,40.693406721469486],[-3.59178651537353,40.693668823381913],[-3.5917928389240368,40.694383491925507],[-3.5918725653165615,40.703391721170576],[-3.5919523277712724,40.712399936184013],[-3.5919547197490052,40.712670018325447],[-3.591955655730676,40.712775700555355],[-3.5919684738511894,40.714222945318355],[-3.5919728942699778,40.714722013359768],[-3.5920321263066493,40.721408136965138],[-3.5921119609411845,40.730416323513211],[-3.5921854916118474,40.738709583120674],[-3.592191831693385,40.739424495827542],[-3.5929412211704679,40.739420648457163],[-3.5943058781241626,40.739413629801298],[-3.5957319693523102,40.739406277937029],[-3.5958149172213991,40.739405849777327],[-3.5960147645667995,40.739404817961891],[-3.6040350478303669,40.739363123479556],[-3.6070128115350601,40.739347501309013],[-3.6115368831432346,40.739323619748049],[-3.6120113038313999,40.739321105113973],[-3.6155177964235263,40.739302458717802],[-3.6158782271086767,40.739300536025546],[-3.6277213688058776,40.739236733476616],[-3.6287728585668226,40.739231010046879],[-3.6375903239837841,40.739182638155569],[-3.6385409947238836,40.739177382622913],[-3.6395644721994573,40.739171715844023],[-3.6406475535978924,40.739165709166265],[-3.6409161464315902,40.739164218000305],[-3.6435443896703976,40.739149593610648],[-3.6514075365669965,40.739105483139227],[-3.6523296188268763,40.739100275371925],[-3.6544626817983397,40.739088199953848],[-3.6632505611860759,40.739038035373952],[-3.6664509069800273,40.739019600358304],[-3.6667693841325537,40.739017760972907],[-3.6669180320769752,40.739016902146254],[-3.6725899415074359,40.738983989161028],[-3.6750935453342781,40.738969372560142],[-3.6869364882892124,40.738899494709869],[-3.6987793893284957,40.738828401835541],[-3.7012861891539819,40.738813197685005],[-3.7106222477297637,40.738756093949682],[-3.7105264069019546,40.729748132730791],[-3.7104306094122852,40.720740157221933],[-3.7103456839245434,40.712751071590176],[-3.7103348552385529,40.711732167423818],[-3.7103044328339041,40.708869350463416],[-3.7102666349374314,40.705311907799334],[-3.7102391443585683,40.702724163337209],[-3.7101972254785958,40.698777603855667],[-3.710178025215908,40.696969684303319],[-3.7101434767501598,40.693716144962842],[-3.7100478523911709,40.684708112301472],[-3.7099522712594646,40.675700065353865],[-3.7098729485393078,40.668221188303967],[-3.7098567333329182,40.666692004120762],[-3.7098140185291042,40.662663196623555],[-3.7098061890810419,40.661924644100424],[-3.7098053719600315,40.661847563420686],[-3.7098037236168908,40.661692070963298],[-3.7097889562695268,40.660298974697497],[-3.709761238598972,40.657683929503705],[-3.7096891195500956,40.650878187488487],[-3.7096657870068968,40.648675838801061],[-3.6978388652976615,40.648747918598687],[-3.6948439417574832,40.64876597909128],[-3.6944916751283405,40.648768098282929],[-3.693868112782535,40.64877184692039],[-3.6934821110782408,40.648774165739333],[-3.6860119011681944,40.648818787216939],[-3.6741848953371705,40.648888444643333],[-3.6724267397422965,40.648898696209443],[-3.6711849355302641,40.648905920868806],[-3.6669067144847998,40.648930708751365],[-3.6629603745801251,40.648953433175556],[-3.6623578485232837,40.648956890865605],[-3.6620944070409274,40.648958401677859],[-3.6605220380044345,40.648967406567515],[-3.6532282653014518,40.649008897657758],[-3.6529397568243809,40.649010529383794],[-3.6518129971085904,40.649016895127097],[-3.6508746398466081,40.649022188080281],[-3.6505307614452369,40.649024125871641],[-3.650053336391136,40.649026814514642],[-3.6492740642510588,40.649031198783845],[-3.6476304407473896,40.649040428742452],[-3.6467481582632386,40.649045373651823],[-3.6466960276329123,40.649045665616299],[-3.6461271086019917,40.649048850392326],[-3.6419269086466453,40.649072276128962],[-3.638703634821757,40.649090149649609],[-3.6268764693715769,40.649154962187879],[-3.6220265231537558,40.649181189512078],[-3.6150492658134286,40.649218563474996],[-3.6136320392314443,40.649226103390205],[-3.6076706463107193,40.649257628661047],[-3.6032220248661289,40.649280953499762],[-3.6014379416717679,40.64929025958439],[-3.5983664473795622,40.6493062164459],[-3.5972298535383431,40.649312100505867],[-3.5968706281768483,40.649313957861466],[-3.5967613501023235,40.649314522656255],[-3.5941535006273591,40.649327970429084],[-3.5916891526496304,40.649340624088126],[-3.5913947472484273,40.649342132251157]]]},"properties":{"FID":78,"Malla10km_":"30TVL40","Sheet1__Ur":" ","Sheet1__CU":" ","Sheet1__Ob":0}},{"type":"Feature","id":79,"geometry":{"type":"Polygon","coordinates":[[[-3.4731201123411917,40.649887297462371],[-3.4731766015281211,40.657883839066884],[-3.4731837516356561,40.658895770164214],[-3.4731863582292255,40.659264659914449],[-3.4731966857862173,40.660726166754294],[-3.4732474197077741,40.667904228683824],[-3.473311116572277,40.676912673020517],[-3.4733549746930308,40.683113011925784],[-3.4733587679250788,40.683649180237268],[-3.4733748422439046,40.685921103173612],[-3.47343859673741,40.694929519142427],[-3.4735023800675529,40.703937920926244],[-3.4735661922427266,40.712946307623525],[-3.4736300332968622,40.721954681936168],[-3.4736578595965337,40.725879868818495],[-3.4736580107153343,40.725901183566485],[-3.473658873041475,40.726022811041879],[-3.4736636306872852,40.726693843574282],[-3.4736663779737849,40.727081318710546],[-3.4736717684903029,40.727841570956713],[-3.473679934555757,40.728993217662072],[-3.4736900792463712,40.730423813534166],[-3.4736939032256089,40.730963041160898],[-3.4737578020501538,40.739971386197894],[-3.4856013470349487,40.739922165470936],[-3.4974448623865131,40.739871729539182],[-3.5092883473822534,40.739820078411562],[-3.511619650393659,40.73980976810742],[-3.5126431695901794,40.739805226667144],[-3.5150818823098455,40.739794369316733],[-3.5169681583341048,40.739785936117791],[-3.521131801299576,40.739767212097213],[-3.5329752234159089,40.739713130605438],[-3.5448186130086832,40.739657833945827],[-3.5486450395061344,40.739639708645683],[-3.5566619693553521,40.739601322128138],[-3.5571250688693263,40.739599087710474],[-3.5577029554535127,40.739596296848369],[-3.5599275966595734,40.739585526092384],[-3.5685052917333722,40.739543595162353],[-3.5691129044081449,40.739540600749415],[-3.5725021718365473,40.739523839208196],[-3.5726123440176445,40.739523292684062],[-3.5736124863916365,40.739518326530458],[-3.5744307695504483,40.739514256942797],[-3.5751437617407067,40.739510706271403],[-3.5775405019856392,40.73949873831581],[-3.5803485794202223,40.739484653058682],[-3.581362638661461,40.739479549767758],[-3.5872357941877722,40.739449817655817],[-3.587265839619727,40.739449664786221],[-3.587607642321089,40.739447925161052],[-3.5883578216114373,40.739444103530104],[-3.592191831693385,40.739424495827542],[-3.5921854916118474,40.738709583120674],[-3.5921119609411845,40.730416323513211],[-3.5920321263066493,40.721408136965138],[-3.5919728942699778,40.714722013359768],[-3.5919684738511894,40.714222945318355],[-3.591955655730676,40.712775700555355],[-3.5919547197490052,40.712670018325447],[-3.5919523277712724,40.712399936184013],[-3.5918725653165615,40.703391721170576],[-3.5917928389240368,40.694383491925507],[-3.59178651537353,40.693668823381913],[-3.5917841962929975,40.693406721469486],[-3.5917131485752356,40.685375248449553],[-3.5917127496908532,40.685330148043782],[-3.5916334942517039,40.676366990743418],[-3.5915538759350052,40.66735871880784],[-3.5914742936067166,40.658350432643502],[-3.5914048385411848,40.650485156322624],[-3.5913947472484273,40.649342132251157],[-3.5844363772363774,40.649377559652322],[-3.5802414292863318,40.649398714941967],[-3.5795674336791277,40.649402099718401],[-3.5777530336572569,40.649411192005225],[-3.5684368991208339,40.649457427826],[-3.567740084877034,40.649460855890936],[-3.5650024463222838,40.649474283332786],[-3.5594540541106032,40.649501297750831],[-3.5559127015609735,40.649518400758353],[-3.5552174138731516,40.64952174590379],[-3.5533560765282908,40.64953068050302],[-3.5440852844497752,40.649574734310555],[-3.5322578342622943,40.649629856537587],[-3.5204303517173878,40.649683767429721],[-3.5086028375339344,40.649736466977444],[-3.496775292430816,40.64978795517149],[-3.4849477171269343,40.649838232002757],[-3.4731201123411917,40.649887297462371]]]},"properties":{"FID":79,"Malla10km_":"30TVL50","Sheet1__Ur":" ","Sheet1__CU":" ","Sheet1__Ob":0}},{"type":"Feature","id":80,"geometry":{"type":"Polygon","coordinates":[[[-3.3655217486534927,40.650278015316871],[-3.3654278274937779,40.650550249160155],[-3.365339788138344,40.650805433249324],[-3.3623204448320818,40.653738265222216],[-3.362805665157607,40.654494513015635],[-3.3632318906705838,40.655158799134114],[-3.3632422515712097,40.655166641992984],[-3.3640290889239002,40.655762326309365],[-3.3642510363447529,40.655930349486361],[-3.3642236655606044,40.655952838782866],[-3.3635950640445933,40.656469336546266],[-3.3640255523464737,40.656667077196438],[-3.3644979980263097,40.656853976899086],[-3.3646602194787509,40.657041301629711],[-3.3647657102189377,40.657163116258026],[-3.3649815837069608,40.657372346066033],[-3.3652712386748069,40.657975743242616],[-3.3654211628945014,40.658135625480959],[-3.365616998927428,40.658252123778155],[-3.3660650777653638,40.658579559418186],[-3.3664639949575967,40.658851666268049],[-3.3666668942209688,40.659029200722536],[-3.3668029805419706,40.659233036395939],[-3.3668466225613822,40.659425681284361],[-3.3669363397620402,40.659581516856868],[-3.3669827840059221,40.659662188503646],[-3.3671525219512368,40.659839420267787],[-3.3674360990899039,40.66013551129349],[-3.3677780153598107,40.660587776946805],[-3.3678598149471362,40.660817034809703],[-3.3678421106971324,40.661254919662305],[-3.367881994243604,40.661625050058696],[-3.3680471299869876,40.662179469433603],[-3.3680708878840573,40.662628937917155],[-3.368038138376817,40.662913712152552],[-3.3679468882564589,40.663099579376166],[-3.3678362380948537,40.663171290135296],[-3.3676869512366543,40.66326803929347],[-3.3675239090738152,40.663345444334851],[-3.3674849038568677,40.663424458899186],[-3.3674852560953807,40.663488421619853],[-3.367531856287878,40.663572959942229],[-3.3675690647882885,40.663668338626671],[-3.3675576535525922,40.663945766590381],[-3.3675767917563104,40.6642151443803],[-3.3676755539429193,40.664533745520366],[-3.3678382022925084,40.664851235875744],[-3.3681490171806847,40.665221411513855],[-3.3684723488697106,40.66549785460429],[-3.3687749887604159,40.665670760613978],[-3.3690902615246419,40.665771479896648],[-3.3695165706535373,40.665844068201324],[-3.3705978089715076,40.667109087483077],[-3.3708752953798937,40.667435254024433],[-3.3723197876776232,40.669110654094951],[-3.371511036494208,40.672410415000655],[-3.3715550061237933,40.672443609395877],[-3.3716955495302985,40.672606342859275],[-3.3717627294191894,40.672684128602796],[-3.3723604066863104,40.673376158962469],[-3.3724633144404845,40.673645153584388],[-3.3724293782403687,40.673928126086693],[-3.3721487393889724,40.67431550148077],[-3.3721686549148626,40.67449200910572],[-3.3723165010203049,40.674704063472191],[-3.3723951832630257,40.674800281401964],[-3.3724398614070141,40.674981912531209],[-3.3725114799543765,40.675176942774641],[-3.3726278357260773,40.675347415867272],[-3.3726603994077355,40.6754669672723],[-3.3726750301676032,40.675757000777345],[-3.3727590937977237,40.675980145614602],[-3.3729667292093799,40.676329952927667],[-3.3730639967334568,40.676548508166547],[-3.3730481053134023,40.676669275414802],[-3.3729069749731062,40.677036382467719],[-3.3728524884999405,40.677238352767795],[-3.3728410694406379,40.677527563103659],[-3.3728857776920518,40.677630158615209],[-3.3729237846164581,40.677717377156007],[-3.3731493094147762,40.678028120313897],[-3.3734333430896939,40.678368907933738],[-3.3736016994766249,40.678663696847075],[-3.3737356314092288,40.679006609770312],[-3.3738407675688347,40.679186440049058],[-3.373945136112662,40.679306940432106],[-3.3740738694806449,40.679394396200259],[-3.374282863858622,40.679503559411309],[-3.3745202045005036,40.67964278966074],[-3.3746142689213534,40.679746083780671],[-3.3746621829527421,40.679851332034524],[-3.3746670815202449,40.679983139709279],[-3.3746506292268839,40.680112620347515],[-3.3779411097338272,40.68178843096883],[-3.37876375701939,40.682117683493047],[-3.3796507657480417,40.682485781159848],[-3.3802292075324476,40.682718195889528],[-3.3810196986438403,40.682867850514484],[-3.3823359796932286,40.683117034707045],[-3.3830989376845659,40.683261461922456],[-3.3831854273288324,40.683278294146234],[-3.383601839489613,40.683457093563476],[-3.3836083373874066,40.683497737265121],[-3.3836276064835809,40.683618258349291],[-3.3840421717060072,40.683637790218704],[-3.3841974632658531,40.683645105731571],[-3.3853370603394106,40.683924296508401],[-3.385584722719011,40.684016374613044],[-3.3857713168598824,40.684125590807874],[-3.3859262326891479,40.68430080945059],[-3.3861009685444321,40.684578470721263],[-3.3863246187311518,40.684997531687422],[-3.3866714844063948,40.685652932743572],[-3.3868460988292259,40.685906188652126],[-3.3870363273632536,40.686088606985457],[-3.387242426296786,40.686241686288838],[-3.388117255134345,40.686704940781304],[-3.3887412386516269,40.687037229027482],[-3.3891970103109288,40.687316663073759],[-3.3894239060083104,40.687535293986699],[-3.3896371481631871,40.687812819833759],[-3.3933540429329221,40.692458274792649],[-3.3952294651318975,40.692163625039846],[-3.397044994172747,40.691551134179235],[-3.3994451693150429,40.691334793727719],[-3.3999168707573495,40.691443969415531],[-3.4003781576258811,40.690663192822413],[-3.4006860492368012,40.690142044838936],[-3.4007019095745354,40.6901151961438],[-3.4012351997864729,40.688847634480418],[-3.4012481897601963,40.688830670108757],[-3.4031551637293673,40.686340186409481],[-3.4029758052943184,40.683476966124147],[-3.4032367691092857,40.683088757398572],[-3.4032702064200122,40.683039015277473],[-3.4035519824569245,40.681817897450209],[-3.4039317726417724,40.680171954618707],[-3.4039743197055645,40.679987559698773],[-3.404688813932069,40.67789284549675],[-3.4047253174272547,40.677667853844731],[-3.404764488918484,40.677426416427799],[-3.4048838975858597,40.676690409494384],[-3.4047946100629058,40.676041071021253],[-3.4047320434909842,40.675586066590931],[-3.4045695372156151,40.674404212677103],[-3.4049215804670099,40.674068613827103],[-3.4050510839379329,40.673945158188047],[-3.4051519031697803,40.673849047216109],[-3.4051006845182772,40.671836697502592],[-3.4047353479242317,40.669640414820975],[-3.404734806483356,40.669637160966644],[-3.4047427451629768,40.669640057370181],[-3.4072960212180923,40.670571565133685],[-3.4074686945125543,40.670634556564565],[-3.4074716530792943,40.670635636178908],[-3.4081700589354416,40.670628544299745],[-3.4084240626179425,40.670625963270318],[-3.4093208702655793,40.670810168909412],[-3.4093214714849731,40.67081309911633],[-3.4094149610016253,40.671268526874677],[-3.4095367131957572,40.671861621001256],[-3.4098468564788775,40.671802213402039],[-3.4124357115511912,40.671306289034504],[-3.4135390479594685,40.671652530399356],[-3.4140053114842188,40.671798846595891],[-3.4141801360401423,40.671795140427299],[-3.4145708941602022,40.67178685449845],[-3.4153243308954222,40.671770874259131],[-3.415472285497795,40.672527791251504],[-3.415755833731609,40.672975955067017],[-3.41576142483764,40.672984791402286],[-3.4160320251062499,40.673322101143157],[-3.4163041914391901,40.67366136037186],[-3.4168633066938598,40.674386687688937],[-3.4169710120700456,40.674523917673135],[-3.4180597934090753,40.675911112964243],[-3.4175284853797709,40.676761657773213],[-3.4174681423271749,40.676858256546502],[-3.418614688648991,40.678139096522713],[-3.4191442019580816,40.678916502408285],[-3.4191781855664471,40.678966392663042],[-3.4191755428370407,40.679034336904195],[-3.4191598532125966,40.679437846913203],[-3.4191501641796815,40.679687028619085],[-3.4191240559119223,40.680183250735816],[-3.4191168282017115,40.680320617358198],[-3.4191362527960965,40.680325930445072],[-3.4204700399451657,40.680690736682521],[-3.4209526987692915,40.680822745447138],[-3.4216463174641989,40.680995949896733],[-3.4218197306913689,40.681039251901773],[-3.4222502308694005,40.681179236501542],[-3.4228436750565563,40.681327717128696],[-3.4229726379087797,40.681377865539268],[-3.4231538360676348,40.681448326174745],[-3.4246859784429931,40.68204409621579],[-3.4255531833026707,40.682377187918867],[-3.4255598839735089,40.682328691916375],[-3.4258480044036399,40.680243439673085],[-3.4259822896436734,40.679176339994676],[-3.4260953242735166,40.678297252600387],[-3.426216989348462,40.677261923935681],[-3.4263346440307871,40.676312187094318],[-3.4263694489178351,40.676031229203517],[-3.4264020837208689,40.675756259284356],[-3.4264370125643251,40.675461972503498],[-3.4264850841539567,40.675056948933175],[-3.4266025929716237,40.674099412263374],[-3.4266283227955712,40.673889745730996],[-3.4266531504774029,40.673688373236963],[-3.4267502536399692,40.672900785306226],[-3.4267758378644833,40.67237578001356],[-3.4274815668921672,40.672684548293475],[-3.4299937613793587,40.673783616723149],[-3.4333414298247904,40.674371529721085],[-3.4334243347979863,40.674386087411769],[-3.4342597956078005,40.674699913312821],[-3.435537922296207,40.675180000006371],[-3.435934234995293,40.675328857893582],[-3.4363952959274302,40.675239305597266],[-3.4373640692074239,40.675051132585395],[-3.4417047647732608,40.674207890962009],[-3.4417043797495226,40.674331350480053],[-3.4417036252970568,40.674572743507035],[-3.4416925688544024,40.674667901545199],[-3.4416639194724694,40.674914489384641],[-3.4416149130393867,40.675261269734193],[-3.441601098125076,40.675330769794563],[-3.4415435432452468,40.675620334256969],[-3.4415328711932651,40.675947431645319],[-3.4415826174020503,40.676198632937329],[-3.4417042380258067,40.676461857037346],[-3.4418060917493252,40.676655156297159],[-3.4419337746903298,40.676944162368272],[-3.4420055522780446,40.677134268554418],[-3.4420232146463774,40.677380715110019],[-3.4420361549622434,40.677628104023817],[-3.4421809516771975,40.677873486267998],[-3.4422170899534374,40.677907593543473],[-3.4424119551120032,40.678091511016213],[-3.4453241373836558,40.678095647319353],[-3.4477883912911205,40.677473527319535],[-3.4479361115629423,40.67768305436806],[-3.4480438793547785,40.677835912075587],[-3.4480960608458564,40.677910952049068],[-3.4484127976131527,40.678366430176965],[-3.4489040933588933,40.679040309607302],[-3.4491121848033024,40.67936651254071],[-3.4485415396199288,40.679994329140293],[-3.4482288124770042,40.680338379556964],[-3.448250383660644,40.680572996710595],[-3.4482652466260464,40.680734659538317],[-3.4482772241923163,40.680846792034629],[-3.4483199759221876,40.681246996846497],[-3.448364705979639,40.681703244235166],[-3.4483749067229827,40.681787508896228],[-3.4484046420767394,40.682033118195342],[-3.4487307155216862,40.682465552430592],[-3.4488225408142226,40.682587328176837],[-3.4489611842564676,40.682621786105351],[-3.4497554529948218,40.682819181453574],[-3.4498040301966024,40.682831253944236],[-3.4506530558917121,40.683480961631993],[-3.4507251876797524,40.683536736648009],[-3.4510465334139706,40.683785209852253],[-3.4510743568939644,40.683806722912706],[-3.4513499684275528,40.684050876790145],[-3.4520203569202854,40.684644739322849],[-3.4532827849665986,40.685464761481867],[-3.4540373761649499,40.685956874295513],[-3.4543436384386617,40.686156602845948],[-3.4547713174517485,40.686523079736013],[-3.4558162530704837,40.687430030844737],[-3.4563345025281471,40.687934269882369],[-3.458264115699976,40.688528407772985],[-3.4588740690206805,40.688651050812631],[-3.4599480580584836,40.688856678547594],[-3.4603861552237536,40.688910404241547],[-3.4620980162151964,40.689120318550046],[-3.4642236552089143,40.689278930904081],[-3.4663068131902137,40.689518362834917],[-3.466439520888843,40.689533614464509],[-3.4666859215056629,40.689580615152387],[-3.4674976262294734,40.689735441596213],[-3.4685526270182829,40.689936666230075],[-3.4683336289939168,40.692977966116011],[-3.4681539802078434,40.692967303275417],[-3.467717894858676,40.692941418681919],[-3.4674668978774017,40.692926520546557],[-3.4661930011925266,40.692701039683946],[-3.4651797612928039,40.692496139018097],[-3.4648608020624709,40.692431636101524],[-3.4643950912840138,40.692500013308965],[-3.4639266718251593,40.692615862632657],[-3.4635232206278297,40.692715641706172],[-3.4634095516286498,40.692743752858718],[-3.4627621335620948,40.692912106689967],[-3.46257123759997,40.693009646509005],[-3.4623587675964904,40.693118209847668],[-3.4623874602633462,40.693221731634836],[-3.4628466855959572,40.694878619840232],[-3.4631292128637492,40.695853785385992],[-3.4631719457779702,40.696468682728892],[-3.4631745536577219,40.696492832618098],[-3.4632747320344111,40.697420151521754],[-3.4633104917331106,40.698098879612999],[-3.462778659825227,40.698027444364143],[-3.4627052473792483,40.698026722445192],[-3.4617202898619976,40.698017030410817],[-3.461057597274845,40.698043927542685],[-3.4608394631961494,40.698167308275316],[-3.4607485081285763,40.699774111152259],[-3.4607294124712453,40.700111439351382],[-3.4607064881327489,40.700516392832249],[-3.4602710230378748,40.701322685468639],[-3.4600999987312666,40.701634037251303],[-3.4600027754002634,40.701811034114144],[-3.4600029405896531,40.70181525851855],[-3.4600030828490014,40.701818902856466],[-3.460021009524552,40.702278015533913],[-3.4600663913131013,40.703487275301732],[-3.4599992353181928,40.703707362314312],[-3.4595380620632601,40.703951528338841],[-3.4593226143346447,40.704014069852875],[-3.4589213483928098,40.704130549536259],[-3.4586749584663341,40.704106296400347],[-3.4582304103506911,40.704005847770013],[-3.4579541999647714,40.703956007950971],[-3.4574284956073211,40.703940979343599],[-3.457245123087096,40.703891675299467],[-3.4570916837254395,40.703850419698611],[-3.4569334259139355,40.703838496243172],[-3.4568308484784351,40.703830768290238],[-3.45647373857157,40.703863417523451],[-3.4563564759767411,40.70387413749296],[-3.4561025613198497,40.703925496669555],[-3.4560537719872131,40.704062624651279],[-3.4559786684677696,40.704158405004712],[-3.4552737318198203,40.706334963761734],[-3.4548816471120376,40.706301379232315],[-3.4545376993441783,40.708472899091191],[-3.4544273254293536,40.709130065295646],[-3.4541718925652392,40.70917160675473],[-3.4528813266759495,40.709108762565393],[-3.4527851218241628,40.709104077084191],[-3.4523898137198428,40.710444010712891],[-3.4523684253742593,40.710517045678003],[-3.4519784957219555,40.711848561358416],[-3.4510573849407709,40.711339293659975],[-3.4510291826187194,40.711323700876399],[-3.4508685794866683,40.711234905702007],[-3.4501885775296297,40.711776234462491],[-3.4497745945695701,40.712105787310499],[-3.4489868703518609,40.712876959027355],[-3.4476853513041936,40.714110210385968],[-3.4469416338198506,40.714294251624132],[-3.4463354918165923,40.714444243155256],[-3.4462439705456847,40.7149220542629],[-3.4461034257107235,40.7152373000579],[-3.4457213539882354,40.716094280866947],[-3.4453988800963917,40.716563972262563],[-3.444765477616254,40.717208499095705],[-3.4445057390009759,40.71742671051355],[-3.4442167845339355,40.717669463405095],[-3.4438234362404749,40.718060954157345],[-3.4438759538527486,40.718157922118294],[-3.4439013412582558,40.718204797344015],[-3.4438815337716666,40.718233812866266],[-3.4438298163292083,40.718309568086923],[-3.4437667813047748,40.718380223760299],[-3.4428538437475322,40.719333988948101],[-3.4427501731782453,40.719404267534671],[-3.4420627576810223,40.719870263190806],[-3.442054644355161,40.719875763405142],[-3.4418206403239133,40.720121687923275],[-3.4413673617712432,40.720400812307119],[-3.4406405990871942,40.720733368019523],[-3.4402149357158125,40.720825074876807],[-3.4400252881841347,40.720975342225621],[-3.4397869084854098,40.721097865460862],[-3.4395766897738889,40.721180642968307],[-3.4393462270578929,40.721310119537726],[-3.4389372162074716,40.721558190554155],[-3.4388051013180485,40.721621041618121],[-3.4384817418605134,40.721774873065506],[-3.4380598212431712,40.722077353507778],[-3.4380189348052093,40.722163094296867],[-3.437854588542026,40.722311602654536],[-3.4376311834302293,40.722488174981017],[-3.4371912574153249,40.722889621770506],[-3.4370859920504953,40.723500707552589],[-3.4369311594876524,40.724355558896576],[-3.4369230769372119,40.724617595622647],[-3.4368645121250654,40.724715104194125],[-3.4368344242745135,40.724823323434649],[-3.4367034192968058,40.725138603208919],[-3.4365896016431909,40.725412516848273],[-3.4364074847755894,40.725721300659067],[-3.4363286033402001,40.725924179511587],[-3.4362570801366843,40.726171188090099],[-3.4362564385890679,40.726173403934887],[-3.4361628333621002,40.726431198150749],[-3.4359540820470515,40.726793266974028],[-3.4357239175328886,40.72704003553428],[-3.4356042071617332,40.727133218565037],[-3.4354541074640257,40.727250055660932],[-3.4354337384504423,40.727264562520077],[-3.4353006259318501,40.727359363290844],[-3.4352926119646598,40.727365070749322],[-3.435203258210993,40.727464499870614],[-3.4350695764818875,40.727687475458495],[-3.4350681563353489,40.727690880666962],[-3.4349449449788776,40.727986180230353],[-3.4349195388053291,40.728085368145223],[-3.4349088601457596,40.728157804401725],[-3.4348921003457669,40.728271479832884],[-3.4349055308789276,40.728364171230709],[-3.4348749218925865,40.728508943459005],[-3.4348813317983664,40.728583689098294],[-3.4348678258887926,40.728734091233392],[-3.4348651727238271,40.728758560546829],[-3.4348360464537881,40.729027093961648],[-3.4348152095817963,40.729160487486425],[-3.4348191572970768,40.729221733963627],[-3.4348426201321125,40.729297997270244],[-3.4348553045110841,40.729358087455964],[-3.4349068938431211,40.729602470922778],[-3.4348478345280697,40.729853247574141],[-3.4347386423336972,40.730501259047955],[-3.4346716555996113,40.730761865008255],[-3.4346539788346875,40.730811761864807],[-3.4346007087923924,40.730962122659136],[-3.4345852727270096,40.731172230300245],[-3.4345373201135385,40.731411886108411],[-3.4344947253809019,40.731506189244506],[-3.4344684348610994,40.731564393809748],[-3.4343619319870715,40.731760279004774],[-3.4343630450724687,40.731931443106355],[-3.4343760977276712,40.731954184895031],[-3.4344305328259841,40.732049031782033],[-3.4344969041135887,40.732116381743779],[-3.434538611695042,40.732158703982904],[-3.4346377504300745,40.73221951816403],[-3.4347755069607318,40.732304020908529],[-3.4351763734112573,40.732437365695908],[-3.4355535069216097,40.73270080202218],[-3.435914584980559,40.733044476240082],[-3.4369537344859933,40.733712817004864],[-3.4370094631995816,40.733748659410388],[-3.4374059594959445,40.734003664405407],[-3.4374240101542961,40.734006523800865],[-3.4376169825665372,40.734037098178121],[-3.4377120985403873,40.734094387259375],[-3.4378311751114543,40.734192130454687],[-3.4382246334629079,40.734596027719419],[-3.4384703063431079,40.73485455005035],[-3.4384981794721772,40.734899197160402],[-3.4385780277063822,40.735027102591523],[-3.4388662732454773,40.735459321328541],[-3.439442637832447,40.736001167601316],[-3.4399780614804816,40.736494697965732],[-3.4409329467438865,40.737113089737093],[-3.4418792797029538,40.737725924525378],[-3.4418823568053094,40.737727917160761],[-3.442930558834381,40.737195095876729],[-3.4444127096156185,40.736024597875648],[-3.444819320979168,40.735625878817679],[-3.4462153500497168,40.734256898915561],[-3.4462259345628148,40.734246517909249],[-3.4472371417734937,40.733862439772494],[-3.4472968555372794,40.733826698226117],[-3.447965572377047,40.733426427662117],[-3.4481399479044907,40.733321131025043],[-3.4486040509939437,40.733040879104081],[-3.4487375377901945,40.732960270929055],[-3.4488225231202012,40.733054377822],[-3.448927244589842,40.733170338465676],[-3.4490386397741144,40.73335728345937],[-3.4490792302834685,40.733463597465139],[-3.4492331022549987,40.73374569804318],[-3.4493582264134965,40.733918929511525],[-3.449500348136108,40.734057499765811],[-3.4496765677364363,40.734178192739286],[-3.4498622523800679,40.73431710540757],[-3.4500169491681829,40.734427307425847],[-3.4501864027598317,40.734617623832392],[-3.4502797349162981,40.734758700403219],[-3.4504156006811417,40.734886990759826],[-3.4506364154145679,40.735724834248565],[-3.4506497864264367,40.735775569892517],[-3.451017787108785,40.737174510142559],[-3.4510345303196557,40.73723766443171],[-3.4512700128935676,40.738125859394117],[-3.4506654423247167,40.738925490436564],[-3.45038091039289,40.740064971671465],[-3.4619142281547468,40.740019391711371],[-3.4737578020501538,40.739971386197894],[-3.4736939032256089,40.730963041160898],[-3.4736900792463712,40.730423813534166],[-3.473679934555757,40.728993217662072],[-3.4736717684903029,40.727841570956713],[-3.4736663779737849,40.727081318710546],[-3.4736636306872852,40.726693843574282],[-3.473658873041475,40.726022811041879],[-3.4736580107153343,40.725901183566485],[-3.4736578595965337,40.725879868818495],[-3.4736300332968622,40.721954681936168],[-3.4735661922427266,40.712946307623525],[-3.4735023800675529,40.703937920926244],[-3.47343859673741,40.694929519142427],[-3.4733748422439046,40.685921103173612],[-3.4733587679250788,40.683649180237268],[-3.4733549746930308,40.683113011925784],[-3.473311116572277,40.676912673020517],[-3.4732474197077741,40.667904228683824],[-3.4731966857862173,40.660726166754294],[-3.4731863582292255,40.659264659914449],[-3.4731837516356561,40.658895770164214],[-3.4731766015281211,40.657883839066884],[-3.4731201123411917,40.649887297462371],[-3.4612924787925188,40.649935151541698],[-3.4519233539894216,40.649972198669239],[-3.4508506045038532,40.649976392001314],[-3.4494648171998392,40.649981794232296],[-3.4376371282821006,40.650027225525925],[-3.4285305424220054,40.650061379316959],[-3.4270560855986032,40.650066841638356],[-3.4263055294564273,40.650069614942225],[-3.4258094127582521,40.650071445414589],[-3.4239278526170271,40.65007836824806],[-3.4221732706583339,40.650084796264721],[-3.4145977626272401,40.650112243545699],[-3.4139816713472615,40.650114453890467],[-3.4090723496898954,40.6501319495597],[-3.4052708234893778,40.650145353918823],[-3.4021539047680971,40.650156250945997],[-3.4007538047971324,40.6501611184366],[-3.4005325521438463,40.650161886074947],[-3.4000086031543457,40.650163702230685],[-3.3995344065403525,40.650165343881092],[-3.3995136066208711,40.650165415845009],[-3.399239155286939,40.650166365045855],[-3.3903261137397189,40.650196836573791],[-3.385357732880137,40.650213523629041],[-3.3843667349312887,40.650216826472899],[-3.3784982989811718,40.650236210766707],[-3.3689788635900029,40.650267020562815],[-3.3666704612114269,40.65027437351781],[-3.3665415622727406,40.650274782739288],[-3.3655217486534927,40.650278015316871]]]},"properties":{"FID":80,"Malla10km_":"30TVL60","Sheet1__Ur":" ","Sheet1__CU":" ","Sheet1__Ob":0}},{"type":"Feature","id":81,"geometry":{"type":"Polygon","coordinates":[[[-3.3142488835903796,40.650428929089536],[-3.3159868999402939,40.653467353759872],[-3.3164965229537207,40.655176735048826],[-3.3167783135232343,40.652709089057247],[-3.3168611199583169,40.651983927638739],[-3.3174272595814625,40.651392308670282],[-3.3190105441912561,40.650415872839972],[-3.3156561181959656,40.650425090957874],[-3.3142488835903796,40.650428929089536]]]},"properties":{"FID":81,"Malla10km_":"30TVL70","Sheet1__Ur":" ","Sheet1__CU":" ","Sheet1__Ob":0}},{"type":"Feature","id":82,"geometry":{"type":"Polygon","coordinates":[[[-3.5906012579752287,40.559258345946859],[-3.590680445650948,40.568266789480141],[-3.5907423477867964,40.575305975051492],[-3.5907548164455396,40.576723543679705],[-3.5907582547179508,40.577114424959348],[-3.5907596690974852,40.577275216991069],[-3.590760688502673,40.577391106033488],[-3.5907714668863138,40.578616383689891],[-3.5907759413113118,40.579125010393881],[-3.5908172226807027,40.583817023065883],[-3.5908275740262381,40.584993376285873],[-3.5908323641361175,40.585537712975565],[-3.5908389283568747,40.58628363118136],[-3.5909182234394814,40.595292031149462],[-3.5909210093333201,40.595608451234305],[-3.5909304589005751,40.596681689649813],[-3.5909327393553214,40.596940684533465],[-3.5909550818807388,40.599477982197449],[-3.590992347031253,40.60370922598311],[-3.5909967241362053,40.604206161963326],[-3.5909975543636041,40.604300416894631],[-3.5910769211475584,40.61330878841617],[-3.5911183459347154,40.618009005625424],[-3.5911563238096691,40.622317145713303],[-3.5912357623682789,40.631325488785336],[-3.5912722816185738,40.635465406032296],[-3.5912749078928621,40.635763094060074],[-3.5912831996596504,40.636702936028499],[-3.5913143840855075,40.640237180498389],[-3.5913152368417425,40.640333817631515],[-3.5913202290461959,40.640899541177262],[-3.5913344523736055,40.642511260042326],[-3.5913518614470519,40.644483794266911],[-3.5913706927898534,40.646617258080042],[-3.5913790861352783,40.647568093523581],[-3.5913897299845918,40.648773810570823],[-3.5913947472484273,40.649342132251157],[-3.5916891526496304,40.649340624088126],[-3.5941535006273591,40.649327970429084],[-3.5967613501023235,40.649314522656255],[-3.5968706281768483,40.649313957861466],[-3.5972298535383431,40.649312100505867],[-3.5983664473795622,40.6493062164459],[-3.6014379416717679,40.64929025958439],[-3.6032220248661289,40.649280953499762],[-3.6076706463107193,40.649257628661047],[-3.6136320392314443,40.649226103390205],[-3.6150492658134286,40.649218563474996],[-3.6220265231537558,40.649181189512078],[-3.6268764693715769,40.649154962187879],[-3.638703634821757,40.649090149649609],[-3.6419269086466453,40.649072276128962],[-3.6461271086019917,40.649048850392326],[-3.6466960276329123,40.649045665616299],[-3.6467481582632386,40.649045373651823],[-3.6476304407473896,40.649040428742452],[-3.6492740642510588,40.649031198783845],[-3.650053336391136,40.649026814514642],[-3.6505307614452369,40.649024125871641],[-3.6508746398466081,40.649022188080281],[-3.6518129971085904,40.649016895127097],[-3.6529397568243809,40.649010529383794],[-3.6532282653014518,40.649008897657758],[-3.6605220380044345,40.648967406567515],[-3.6620944070409274,40.648958401677859],[-3.6623578485232837,40.648956890865605],[-3.6629603745801251,40.648953433175556],[-3.6669067144847998,40.648930708751365],[-3.6711849355302641,40.648905920868806],[-3.6724267397422965,40.648898696209443],[-3.6741848953371705,40.648888444643333],[-3.6860119011681944,40.648818787216939],[-3.6934821110782408,40.648774165739333],[-3.693868112782535,40.64877184692039],[-3.6944916751283405,40.648768098282929],[-3.6948439417574832,40.64876597909128],[-3.6978388652976615,40.648747918598687],[-3.7096657870068968,40.648675838801061],[-3.7095703785632614,40.639667734716006],[-3.7094750132364629,40.630659616348446],[-3.7093796910044623,40.62165148369921],[-3.7093544105375527,40.619261745746549],[-3.7093514699412902,40.618983755372604],[-3.7093391247973879,40.617816660092942],[-3.7092844118452342,40.612643336769011],[-3.7091891757272539,40.603635174657796],[-3.7090939826570954,40.594627000068797],[-3.709021542681374,40.587769225682607],[-3.7090164291463252,40.587285046191184],[-3.7089988325842191,40.585618810300311],[-3.7089760783187637,40.583463979151276],[-3.7089307091834125,40.57916681990045],[-3.7089177704559591,40.577941151817186],[-3.7089037254961914,40.576610606253915],[-3.7089004355154507,40.57629891791337],[-3.7088893187199665,40.575245691516066],[-3.7088704373347157,40.573456705122076],[-3.7088086613710702,40.567602387930428],[-3.7088006694035878,40.566844887832943],[-3.7087785587335058,40.564749028775545],[-3.7087295256695865,40.560100420935413],[-3.708725209194669,40.55969114295695],[-3.7087136401869314,40.558594155330546],[-3.7051233211347983,40.558616124711158],[-3.7032238158466653,40.558627702763985],[-3.7016378359818147,40.55863734585904],[-3.7013225492574811,40.55863926027483],[-3.700732854444774,40.558642838582145],[-3.7004948975024181,40.558644281668258],[-3.6988324217273458,40.558654350051206],[-3.6969025833036007,40.558666007645058],[-3.6923294141270269,40.558693504111787],[-3.6914917968932786,40.558698520721371],[-3.6898580662847418,40.558708287892415],[-3.6850914842161964,40.558736652602207],[-3.6732803436397292,40.558806090189556],[-3.6614691622892357,40.558874320394899],[-3.6595128123368008,40.558885505155473],[-3.6508098101723041,40.558934860063481],[-3.6505123151637719,40.558936535574595],[-3.6498721513938026,40.558940138420226],[-3.6496579408797531,40.5589413432062],[-3.6495276527441156,40.558942075792558],[-3.6438433661609455,40.558973894440946],[-3.6434768930526795,40.558975936231633],[-3.6398189829882597,40.558996252420215],[-3.639421290973444,40.55899845423771],[-3.6378466801263536,40.559007158611678],[-3.6260353807441024,40.55907176659975],[-3.6155493717230778,40.559128113250537],[-3.6142240434480715,40.559135167159035],[-3.6123390106126076,40.559145173838516],[-3.6118950456617749,40.559147526147036],[-3.6086821028586651,40.559164498782884],[-3.6082715165380455,40.559166661299685],[-3.6035829172810709,40.55919125220133],[-3.6027880502863039,40.559195402277901],[-3.6024126689534168,40.559197360278397],[-3.5906012579752287,40.559258345946859]]]},"properties":{"FID":82,"Malla10km_":"30TVK49","Sheet1__Ur":" ","Sheet1__CU":" ","Sheet1__Ob":0}},{"type":"Feature","id":83,"geometry":{"type":"Polygon","coordinates":[[[-3.4724852989413728,40.559801791477199],[-3.4725486512606372,40.568810405061768],[-3.4725487779121065,40.568828410638183],[-3.4725558456028689,40.569833172529691],[-3.4725675956049238,40.571503471917815],[-3.4725766770209465,40.572794327293657],[-3.4726120322172025,40.577819005372],[-3.4726754418193546,40.586827591506342],[-3.4727388800817254,40.595836163464085],[-3.4728023470189542,40.60484472124449],[-3.4728105138024374,40.606003625687215],[-3.4728200934727007,40.60736293914939],[-3.4728457699029063,40.61100585396936],[-3.4728527003589424,40.6119890171679],[-3.4728609603061509,40.613160720095514],[-3.4728658426456938,40.613853264846917],[-3.4728956795217671,40.618085008761014],[-3.4729293669766079,40.622861794270605],[-3.4729471739074635,40.625386302489126],[-3.4729482737064634,40.625542211685122],[-3.4729513471213287,40.625977897209673],[-3.4729755727584939,40.629411775074082],[-3.4729762395787653,40.629506285528826],[-3.4729882754211947,40.631212084580582],[-3.4729910379719104,40.631603590834494],[-3.4729929200263707,40.631870309514881],[-3.4729931488177304,40.631902732843393],[-3.4729966950978453,40.63240528965563],[-3.4730005460066544,40.632951002154087],[-3.4730067053294418,40.63382380895321],[-3.4730565018160258,40.640878811479887],[-3.4731201123411917,40.649887297462371],[-3.4849477171269343,40.649838232002757],[-3.496775292430816,40.64978795517149],[-3.5086028375339344,40.649736466977444],[-3.5204303517173878,40.649683767429721],[-3.5322578342622943,40.649629856537587],[-3.5440852844497752,40.649574734310555],[-3.5533560765282908,40.64953068050302],[-3.5552174138731516,40.64952174590379],[-3.5559127015609735,40.649518400758353],[-3.5594540541106032,40.649501297750831],[-3.5650024463222838,40.649474283332786],[-3.567740084877034,40.649460855890936],[-3.5684368991208339,40.649457427826],[-3.5777530336572569,40.649411192005225],[-3.5795674336791277,40.649402099718401],[-3.5802414292863318,40.649398714941967],[-3.5844363772363774,40.649377559652322],[-3.5913947472484273,40.649342132251157],[-3.5913897299845918,40.648773810570823],[-3.5913790861352783,40.647568093523581],[-3.5913706927898534,40.646617258080042],[-3.5913518614470519,40.644483794266911],[-3.5913344523736055,40.642511260042326],[-3.5913202290461959,40.640899541177262],[-3.5913152368417425,40.640333817631515],[-3.5913143840855075,40.640237180498389],[-3.5912831996596504,40.636702936028499],[-3.5912749078928621,40.635763094060074],[-3.5912722816185738,40.635465406032296],[-3.5912357623682789,40.631325488785336],[-3.5911563238096691,40.622317145713303],[-3.5911183459347154,40.618009005625424],[-3.5910769211475584,40.61330878841617],[-3.5909975543636041,40.604300416894631],[-3.5909967241362053,40.604206161963326],[-3.590992347031253,40.60370922598311],[-3.5909550818807388,40.599477982197449],[-3.5909327393553214,40.596940684533465],[-3.5909304589005751,40.596681689649813],[-3.5909210093333201,40.595608451234305],[-3.5909182234394814,40.595292031149462],[-3.5908389283568747,40.58628363118136],[-3.5908323641361175,40.585537712975565],[-3.5908275740262381,40.584993376285873],[-3.5908172226807027,40.583817023065883],[-3.5907759413113118,40.579125010393881],[-3.5907714668863138,40.578616383689891],[-3.590760688502673,40.577391106033488],[-3.5907596690974852,40.577275216991069],[-3.5907582547179508,40.577114424959348],[-3.5907548164455396,40.576723543679705],[-3.5907423477867964,40.575305975051492],[-3.590680445650948,40.568266789480141],[-3.5906012579752287,40.559258345946859],[-3.5787898112364038,40.559318125054538],[-3.5669783294364081,40.55937669578924],[-3.5645435730027395,40.559388619124391],[-3.560952991449656,40.559406109056219],[-3.5585193969040412,40.559417899784791],[-3.5551668132983254,40.559434059041486],[-3.5519187965487058,40.55944962150194],[-3.5507809942666695,40.559455051539132],[-3.5495747837732083,40.559460795809819],[-3.5483398626844451,40.559466663759856],[-3.5454217595304311,40.559480477200445],[-3.543355263537324,40.559490214801173],[-3.5428781780180776,40.559492457638662],[-3.5315436808685945,40.559545163058452],[-3.5197320660073306,40.559598903803604],[-3.5184503386843566,40.559604662800325],[-3.5153863676857227,40.559618372061365],[-3.5152381734767011,40.559619033072998],[-3.5124346252490564,40.559631502320102],[-3.507920419668749,40.559651437027206],[-3.4987817857194967,40.559691253178194],[-3.4966804025645914,40.559700306475726],[-3.4961087425680692,40.559702762720008],[-3.495841116262449,40.559703911654402],[-3.495704729462894,40.559704496931936],[-3.4842970354205289,40.559752880872935],[-3.4724852989413728,40.559801791477199]]]},"properties":{"FID":83,"Malla10km_":"30TVK59","Sheet1__Ur":" ","Sheet1__CU":" ","Sheet1__Ob":0}},{"type":"Feature","id":84,"geometry":{"type":"Polygon","coordinates":[[[-3.3548125917778262,40.644645323636873],[-3.3556859780824388,40.645353611660809],[-3.3575176217653806,40.645495725404707],[-3.3583615147563779,40.645561191616906],[-3.3588321144501094,40.645597695906559],[-3.3619172938691952,40.645814289805365],[-3.3621535113487009,40.645830869495981],[-3.3655794245159578,40.647640926977772],[-3.3661028185352255,40.647917441397922],[-3.3662365068668554,40.647988070491529],[-3.3663182141236594,40.648031236264146],[-3.3662683317423077,40.648171129400765],[-3.3656617808124354,40.649872122864402],[-3.3655217486534927,40.650278015316871],[-3.3665415622727406,40.650274782739288],[-3.3666704612114269,40.65027437351781],[-3.3689788635900029,40.650267020562815],[-3.3784982989811718,40.650236210766707],[-3.3843667349312887,40.650216826472899],[-3.385357732880137,40.650213523629041],[-3.3903261137397189,40.650196836573791],[-3.399239155286939,40.650166365045855],[-3.3995136066208711,40.650165415845009],[-3.3995344065403525,40.650165343881092],[-3.4000086031543457,40.650163702230685],[-3.4005325521438463,40.650161886074947],[-3.4007538047971324,40.6501611184366],[-3.4021539047680971,40.650156250945997],[-3.4052708234893778,40.650145353918823],[-3.4090723496898954,40.6501319495597],[-3.4139816713472615,40.650114453890467],[-3.4145977626272401,40.650112243545699],[-3.4221732706583339,40.650084796264721],[-3.4239278526170271,40.65007836824806],[-3.4258094127582521,40.650071445414589],[-3.4263055294564273,40.650069614942225],[-3.4270560855986032,40.650066841638356],[-3.4285305424220054,40.650061379316959],[-3.4376371282821006,40.650027225525925],[-3.4494648171998392,40.649981794232296],[-3.4508506045038532,40.649976392001314],[-3.4519233539894216,40.649972198669239],[-3.4612924787925188,40.649935151541698],[-3.4731201123411917,40.649887297462371],[-3.4730565018160258,40.640878811479887],[-3.4730067053294418,40.63382380895321],[-3.4730005460066544,40.632951002154087],[-3.4729966950978453,40.63240528965563],[-3.4729931488177304,40.631902732843393],[-3.4729929200263707,40.631870309514881],[-3.4729910379719104,40.631603590834494],[-3.4729882754211947,40.631212084580582],[-3.4729762395787653,40.629506285528826],[-3.4729755727584939,40.629411775074082],[-3.4729513471213287,40.625977897209673],[-3.4729482737064634,40.625542211685122],[-3.4729471739074635,40.625386302489126],[-3.4729293669766079,40.622861794270605],[-3.4728956795217671,40.618085008761014],[-3.4728658426456938,40.613853264846917],[-3.4728609603061509,40.613160720095514],[-3.4728527003589424,40.6119890171679],[-3.4728457699029063,40.61100585396936],[-3.4728200934727007,40.60736293914939],[-3.4728105138024374,40.606003625687215],[-3.4728023470189542,40.60484472124449],[-3.4727388800817254,40.595836163464085],[-3.4726754418193546,40.586827591506342],[-3.4726120322172025,40.577819005372],[-3.4725766770209465,40.572794327293657],[-3.4725675956049238,40.571503471917815],[-3.4725558456028689,40.569833172529691],[-3.4725487779121065,40.568828410638183],[-3.4725486512606372,40.568810405061768],[-3.4724852989413728,40.559801791477199],[-3.4606735338458616,40.559849494524194],[-3.45632908142559,40.559866736264901],[-3.455589172442632,40.559869656444867],[-3.4507434370384504,40.559888663840937],[-3.4505566649083708,40.559889392386538],[-3.449788337310987,40.559892386240556],[-3.4497406046492634,40.55989257206636],[-3.4488617408492579,40.559895990005515],[-3.4463824714851099,40.559905595956948],[-3.4453617227666227,40.559909535394596],[-3.4370499206668477,40.559941277912976],[-3.4252380740139143,40.559985358238606],[-3.4159220349405115,40.56001927265239],[-3.4149736870186373,40.560022682919659],[-3.4134262016057653,40.560028230974666],[-3.4016143041577025,40.560069896113554],[-3.3898023823850227,40.560110353647985],[-3.3779904370031084,40.560149603570821],[-3.3757291818031674,40.560156979768465],[-3.3724132913579385,40.560167716140633],[-3.3684284486040958,40.560180492573359],[-3.3682809502243027,40.56018096285321],[-3.3673581745507852,40.560183900731992],[-3.3661784687272664,40.560187645875168],[-3.3658557344169875,40.560188668317728],[-3.3543664782680978,40.560224479653442],[-3.3544139937906574,40.569233227807324],[-3.3544185981983876,40.570105987582117],[-3.3544209952218789,40.570560325238482],[-3.3544295693991053,40.572185410580381],[-3.3544313206522762,40.57251731364569],[-3.3544460575502386,40.575310077755681],[-3.3544464494760313,40.575384345577866],[-3.3544615307873995,40.578241961821419],[-3.3544688449446256,40.579627704884437],[-3.3544698699005457,40.579821885709528],[-3.3544794448509871,40.581635795730797],[-3.3544852101045413,40.582727904401672],[-3.354491639750222,40.583945797685871],[-3.3545090892692913,40.587250681695089],[-3.3545111478105456,40.587640526679841],[-3.3545201188486367,40.589339365775032],[-3.354524050658878,40.590083884095471],[-3.354556669247303,40.596259387427594],[-3.3545668750223485,40.598191198142828],[-3.3545703690915754,40.598852533494991],[-3.3545750705301955,40.599742357357563],[-3.3545849172578763,40.601605881859591],[-3.3545881431872591,40.602216361229516],[-3.3545905266648171,40.60266740179118],[-3.3546042707324202,40.605268079018266],[-3.3546518937356304,40.614276756466438],[-3.354699538267933,40.623285419771392],[-3.3547472043403341,40.632294068932474],[-3.3547948919638477,40.641302703949016],[-3.3548125917778262,40.644645323636873]],[[-3.3748639327210155,40.634908686640827],[-3.3746011246478909,40.635163335701797],[-3.3743228725622991,40.635432950954851],[-3.3733313261945832,40.635760465909314],[-3.3738695107432717,40.636839790977639],[-3.3742063149536858,40.637856700093415],[-3.3748517168830574,40.63843213528466],[-3.375062075412059,40.638619682539179],[-3.3749316418527502,40.638781610906634],[-3.3749111841854296,40.63880700819815],[-3.3746838386690983,40.639089245944064],[-3.3745047335523619,40.639311593218721],[-3.3742751073284505,40.639596659083651],[-3.3742399224421948,40.639640341345256],[-3.374326173993178,40.640261667177391],[-3.3734442584455002,40.641174406705019],[-3.3732335481874629,40.641024780153444],[-3.3720550466532901,40.640187906872413],[-3.3698423621731171,40.639570241506497],[-3.3690674486764562,40.639353911004356],[-3.3686323524871788,40.639232445325895],[-3.3685134429401482,40.639199249130272],[-3.3669514838356323,40.639042051422187],[-3.3664708653584152,40.639121665684051],[-3.3655099569586184,40.639280834916704],[-3.3648320309238007,40.638580285023821],[-3.3647491687729429,40.636391408086979],[-3.3642570656066679,40.635059652608199],[-3.3654997728234277,40.633073796423517],[-3.366631051997838,40.63234951213574],[-3.3677116274739758,40.633165886936439],[-3.3685288096458246,40.633388514342343],[-3.3692677473805954,40.632287083015264],[-3.3694523834952865,40.631457678689955],[-3.3694949606285776,40.630601706689475],[-3.3693987274168635,40.630304722697097],[-3.3688954088937253,40.630330448943852],[-3.368356175930697,40.630358010035074],[-3.3675190935545238,40.630400789471146],[-3.3672345596218189,40.630266560051517],[-3.3674437179871708,40.629720400811131],[-3.3679806652307063,40.628318282629905],[-3.3690834759772197,40.626738228187698],[-3.3694366733656738,40.626007552221346],[-3.3697942866974366,40.625267723328925],[-3.3699252251741196,40.624996838279472],[-3.3709290559730225,40.624952927642973],[-3.3710364082406716,40.624948231554356],[-3.3715521789266161,40.625327782444003],[-3.3719505858482588,40.625620963342826],[-3.3731335313771509,40.625716251435584],[-3.3738100482642972,40.626173523103908],[-3.3746189105283242,40.627035755472022],[-3.3755453824231605,40.627780488944758],[-3.3776680154192666,40.628854643668198],[-3.3785448042177557,40.629167088841463],[-3.3814446275875394,40.629653055177435],[-3.3820603748632942,40.629804177296833],[-3.3817543894671913,40.630105308824596],[-3.381070146627422,40.630778681835274],[-3.3806964278820453,40.631146457581501],[-3.3802141720257026,40.631621033692966],[-3.3786582111830481,40.632830331222756],[-3.3774998458207359,40.633730573115045],[-3.3772881041761473,40.633895127613144],[-3.3760933310171466,40.63482362034857],[-3.3753125931059969,40.634781110081668],[-3.3748639327210155,40.634908686640827]]]},"properties":{"FID":84,"Malla10km_":"30TVK69","Sheet1__Ur":" ","Sheet1__CU":" ","Sheet1__Ob":0}},{"type":"Feature","id":85,"geometry":{"type":"Polygon","coordinates":[[[-3.2861154716153016,40.560413665126745],[-3.2854990165579725,40.560910579282094],[-3.2851366596948797,40.561205764599407],[-3.2845736383938378,40.561664411667437],[-3.2841458248315396,40.562012908517119],[-3.2835076871301676,40.563023776542011],[-3.2831319395109255,40.563618978592913],[-3.2834701170421763,40.563749615366099],[-3.287115827494933,40.565157841839856],[-3.2852700084793418,40.567812845592478],[-3.2840687521594583,40.568977043532996],[-3.2862059046502425,40.571411756654669],[-3.2868394240370735,40.572129681482245],[-3.2867089711220778,40.572569645519195],[-3.2867513286598284,40.572519425728608],[-3.286909989570209,40.572331306320706],[-3.2870603424902463,40.572405713817197],[-3.288936341421838,40.572190945142793],[-3.2895591716942727,40.572158062690718],[-3.2896476327202606,40.572182781144868],[-3.2913325789274541,40.572653597486848],[-3.2913878083932078,40.572669292218954],[-3.2919007954060504,40.57281506368723],[-3.2926085883778526,40.573016187521169],[-3.2926125825040971,40.573018821513479],[-3.2939178307778465,40.573879701902079],[-3.2947602634146396,40.574434164187608],[-3.2959458710538452,40.57511041652414],[-3.2962319575713934,40.575179550782195],[-3.2962858883358455,40.575192583466311],[-3.2963480037200648,40.575207595102121],[-3.29691608996511,40.574889926304209],[-3.2972836413720121,40.574659435515095],[-3.2977008075997651,40.574397829637256],[-3.2986368630154463,40.575141778222658],[-3.2995018287450679,40.575830134839983],[-3.2999426909408993,40.576397465097543],[-3.3004908308549248,40.576704004752322],[-3.3028656945535735,40.577961944463688],[-3.3028501269363009,40.577990297485947],[-3.3028215018952207,40.578042432143889],[-3.3027614297178554,40.578151842093526],[-3.3026863778917201,40.578288533213268],[-3.3028211383869759,40.578331812742661],[-3.3029396032904113,40.578369859249015],[-3.3029650675196831,40.578375553647497],[-3.3032979798895759,40.578449999704873],[-3.30360522520431,40.578459111398857],[-3.3039388287292026,40.578549224736619],[-3.3046398489027107,40.578102344934258],[-3.3047328714353092,40.578084187229358],[-3.3051451023027192,40.578003720017023],[-3.3053165786857117,40.578063872376035],[-3.3066067139589221,40.578516421798589],[-3.3068518786278194,40.578602418234127],[-3.3083392197669919,40.579124114221038],[-3.3112448027914763,40.580984698284411],[-3.3114559209002024,40.581119881297262],[-3.3128687112036714,40.582024067913288],[-3.3140053740447448,40.582748375429347],[-3.3160839244963958,40.584073547463092],[-3.3176883251245415,40.585750348711294],[-3.3184283473079637,40.586529386107202],[-3.3199113191246075,40.588072970868986],[-3.3204059313807299,40.588708689598789],[-3.3206077114814114,40.588968029073733],[-3.3211633172838684,40.589682120690497],[-3.3221799835779047,40.590424375353102],[-3.3282753039140793,40.594836096318346],[-3.3280075537503553,40.594944964957349],[-3.3297753435894992,40.596591297702567],[-3.329661138843703,40.596643654299598],[-3.3296468056063686,40.596650225719465],[-3.330340536883539,40.597368973204617],[-3.3277502954329572,40.598928558964374],[-3.3304142445017386,40.60060298333201],[-3.3307171923680223,40.600921041018864],[-3.3295541554200319,40.602619835132074],[-3.3299206289259402,40.602880483981153],[-3.3314163523789904,40.603944261788186],[-3.3290709690356928,40.606263122846471],[-3.3274194486147484,40.607895843712484],[-3.3267437549090997,40.608571412255252],[-3.3255745590995014,40.609733184421628],[-3.325248509753262,40.610057158694744],[-3.3256097694165248,40.610935402313693],[-3.3227480449311915,40.611496899783859],[-3.3218964139194704,40.611665768518371],[-3.3216026076474932,40.61172402454963],[-3.3216400098660954,40.612166256409964],[-3.3218438260741339,40.612721537604685],[-3.3224780529901459,40.61402417941337],[-3.3229086105848844,40.614615852390216],[-3.3234109559711134,40.615087411703662],[-3.3238071393948148,40.615362880517331],[-3.3241698779196289,40.615566374883201],[-3.3243279649681092,40.615725147525751],[-3.3247419349956919,40.616546541650898],[-3.3252724235654654,40.617619002483444],[-3.3254530789498031,40.617882106814626],[-3.3257936914694319,40.618132050111875],[-3.3262190286105651,40.618320046340621],[-3.3266727596396319,40.618396128871403],[-3.3269124294466712,40.618391162532959],[-3.3269954216629518,40.618389442938941],[-3.3273200199326243,40.618382715483285],[-3.3273254933500178,40.618394024050644],[-3.3273753071077592,40.618496935587871],[-3.3278558118529253,40.619489625746162],[-3.3282062153010026,40.620213511948414],[-3.3326723710764861,40.622727782171602],[-3.3359850918215845,40.623401113109963],[-3.3358381433080084,40.624263180412207],[-3.3357702998691861,40.624661172204412],[-3.3375752383111887,40.625441855604159],[-3.338515842888937,40.625848673162082],[-3.3384596125354302,40.625881200281377],[-3.338057224833971,40.626113960862327],[-3.3370878174947025,40.626083102373059],[-3.3318593458127714,40.625916529874068],[-3.3280410214640392,40.627525528745217],[-3.3236753351386601,40.629686389318707],[-3.3237548608287373,40.630071616785493],[-3.3245253596738817,40.633803745954914],[-3.3236558468307176,40.638380843657593],[-3.3231444959664098,40.6395544254773],[-3.3226744965190562,40.640633069164686],[-3.321793527500247,40.642224517432012],[-3.3207494117002643,40.644145525822594],[-3.3176716992368025,40.645822406869357],[-3.3163058934190728,40.647238314310599],[-3.3138568298881261,40.649743493088479],[-3.3142488835903796,40.650428929089536],[-3.3156561181959656,40.650425090957874],[-3.3190105441912561,40.650415872839972],[-3.3192572306309924,40.650263733020438],[-3.3194887875990928,40.65012092346926],[-3.3195524407140269,40.650050865444896],[-3.3209793966889194,40.648480276103136],[-3.3213136747870124,40.648112337347385],[-3.3223354772013396,40.645903488690848],[-3.3223660462069757,40.645837405095939],[-3.3224062510466217,40.645814624081474],[-3.3229308989765842,40.645517353281377],[-3.3235675607142783,40.645156607578237],[-3.3237672984719855,40.64504343178006],[-3.3236902881382786,40.644975071984994],[-3.3223823194874562,40.643813986408396],[-3.3234466066421242,40.643048880552911],[-3.325592018960271,40.642567219722977],[-3.3271706865789565,40.640587155454789],[-3.3292818012091723,40.640846047514543],[-3.3322942260266024,40.639460923093274],[-3.3335244439454517,40.639617762677823],[-3.3352196547494031,40.639833862190656],[-3.3357496919050234,40.639901424235575],[-3.3361061081047567,40.64095650277941],[-3.3361230394970471,40.641006625184623],[-3.3361321268529651,40.641007554565718],[-3.3363292798332855,40.641027696228264],[-3.3366080973308287,40.64105618220767],[-3.3367832977346881,40.641074080833398],[-3.3374451150278319,40.640981172812367],[-3.33742589448293,40.640878958628505],[-3.3371715808048847,40.63952653871285],[-3.3370515682071202,40.637744554832594],[-3.3383556066035296,40.637688283346378],[-3.3387754079573639,40.637670163841101],[-3.3388634181283807,40.636570897119931],[-3.338884416368868,40.63630861681564],[-3.3433952865563996,40.637277422076828],[-3.3443447140368976,40.637479633995653],[-3.3456341482041418,40.637754056966799],[-3.3467824466740459,40.638069041551574],[-3.3466055617816686,40.638443554984278],[-3.3463029501339978,40.6390842537553],[-3.3450983821010971,40.641634470768075],[-3.3450733053103217,40.641687557842339],[-3.3487686191003552,40.642955765550234],[-3.349165773455161,40.643044225208278],[-3.349250944738039,40.64306319507638],[-3.3542284903623858,40.644171624157373],[-3.3548125917778262,40.644645323636873],[-3.3547948919638477,40.641302703949016],[-3.3547472043403341,40.632294068932474],[-3.354699538267933,40.623285419771392],[-3.3546518937356304,40.614276756466438],[-3.3546042707324202,40.605268079018266],[-3.3545905266648171,40.60266740179118],[-3.3545881431872591,40.602216361229516],[-3.3545849172578763,40.601605881859591],[-3.3545750705301955,40.599742357357563],[-3.3545703690915754,40.598852533494991],[-3.3545668750223485,40.598191198142828],[-3.354556669247303,40.596259387427594],[-3.354524050658878,40.590083884095471],[-3.3545201188486367,40.589339365775032],[-3.3545111478105456,40.587640526679841],[-3.3545090892692913,40.587250681695089],[-3.354491639750222,40.583945797685871],[-3.3544852101045413,40.582727904401672],[-3.3544794448509871,40.581635795730797],[-3.3544698699005457,40.579821885709528],[-3.3544688449446256,40.579627704884437],[-3.3544615307873995,40.578241961821419],[-3.3544464494760313,40.575384345577866],[-3.3544460575502386,40.575310077755681],[-3.3544313206522762,40.57251731364569],[-3.3544295693991053,40.572185410580381],[-3.3544209952218789,40.570560325238482],[-3.3544185981983876,40.570105987582117],[-3.3544139937906574,40.569233227807324],[-3.3543664782680978,40.560224479653442],[-3.3425544663506104,40.560260106700902],[-3.3307424336852645,40.560294526110404],[-3.3295999565526166,40.56029779115191],[-3.3267479762310068,40.560305892412693],[-3.3241116580988463,40.560313318448841],[-3.3237202073671694,40.560314415965919],[-3.3189303809874242,40.560327737875902],[-3.3152038698223811,40.560337965043146],[-3.3145471163865139,40.560339755001316],[-3.3091290860540727,40.560354379204504],[-3.3074649651582093,40.560358819948462],[-3.3071183089724756,40.560359741991533],[-3.295306218355798,40.560390538451671],[-3.2861154716153016,40.560413665126745]]]},"properties":{"FID":85,"Malla10km_":"30TVK79","Sheet1__Ur":" ","Sheet1__CU":" ","Sheet1__Ob":0}},{"type":"Feature","id":86,"geometry":{"type":"Polygon","coordinates":[[[-4.2988067933834611,40.533273298430188],[-4.2988488165058358,40.535449231843366],[-4.2988689310515218,40.53649066728142],[-4.2988804096172197,40.53708494831897],[-4.2989421986572012,40.540283653731635],[-4.2990228078730768,40.544455871240871],[-4.29912815092045,40.549906956204133],[-4.2991590384255947,40.55150497861618],[-4.2991946958021421,40.55334961935948],[-4.2991968778426433,40.553462495934333],[-4.3000293095022011,40.553453130693207],[-4.3008891466362522,40.553443450827999],[-4.3048829447773027,40.553398405564479],[-4.3110048346664556,40.553329089855431],[-4.3168466991370362,40.553262642165336],[-4.3178828297044349,40.552653801269962],[-4.3191432361667879,40.551889535539438],[-4.3207253344143917,40.550934103988453],[-4.3219084709097988,40.550297364610266],[-4.3220230332898435,40.550258133814083],[-4.3226738477399707,40.550035265578451],[-4.3232736802239673,40.549800390030178],[-4.3236818299662154,40.549613321039843],[-4.323699479800764,40.549596169175452],[-4.3237089507541713,40.549586965599552],[-4.3238586709435545,40.54944147043561],[-4.3239034297301515,40.549397974003817],[-4.3240666562249412,40.549254230892515],[-4.3240764313396118,40.549239729464787],[-4.3241743900228045,40.549094410975087],[-4.3242731789895821,40.54894785771716],[-4.3243402470278784,40.548643081198371],[-4.3243324987247025,40.548593691365205],[-4.3243323528963629,40.548592763352751],[-4.3242870771596529,40.548304206430927],[-4.3242029868596532,40.548082230829309],[-4.3241010927131045,40.547684995708686],[-4.3240257198236396,40.546837814394841],[-4.3238256148258882,40.546120619198746],[-4.3237330583495659,40.545725989978422],[-4.3235790953269051,40.545069533669263],[-4.3238803949364799,40.543505496829333],[-4.3239461301569504,40.543184040861902],[-4.3240082853700272,40.542880083595271],[-4.3240984895050874,40.542438959093154],[-4.324035919583765,40.5414997734064],[-4.3240125895319057,40.541149571918581],[-4.3240042144606372,40.541023854979443],[-4.3239736250291276,40.54048205477752],[-4.3241518223077886,40.540087335550119],[-4.3250384504031079,40.538381280499038],[-4.325137243803888,40.538191176072864],[-4.325148721896781,40.538099845115511],[-4.3253497931091118,40.537933846251335],[-4.3261943123410207,40.537236624802951],[-4.3271763541556494,40.535847163377156],[-4.3276435923166563,40.535294585328302],[-4.3277573398497911,40.535054367660074],[-4.327822106208755,40.534917590015716],[-4.3280499276609277,40.534347479859882],[-4.3281266696196994,40.534080047947832],[-4.3281769791796565,40.533904722780463],[-4.3282176855965711,40.533762866797133],[-4.3282176430813379,40.533762388029039],[-4.3282027068375966,40.533593300984776],[-4.3281355988761323,40.533574814833614],[-4.327147727490372,40.533302668907744],[-4.3261060061199075,40.53301061555608],[-4.3255998287149406,40.532935352756247],[-4.3246399773393565,40.53275380729044],[-4.3240255695465661,40.532578439023972],[-4.3230645444685472,40.532336097570138],[-4.322479097981029,40.532282000867106],[-4.3217573624077241,40.532310732478898],[-4.3214970341198393,40.53232109402753],[-4.3212371000929677,40.532356998854368],[-4.3211004810871074,40.532285484389448],[-4.3209955494191199,40.532230557112669],[-4.3207009063291233,40.53202111304045],[-4.3205725303172242,40.532078314009631],[-4.3204189171113034,40.531694992886933],[-4.3202769857613967,40.531230458857507],[-4.3201061091894131,40.530644653705068],[-4.320149282916466,40.530137472682547],[-4.3200882252114257,40.529732820362547],[-4.3201325787891447,40.529286431135503],[-4.3202332391514586,40.529001544220037],[-4.3204731841341957,40.528370513383024],[-4.3209322908169829,40.527402565418278],[-4.3211647133123154,40.527065496767463],[-4.3212003646624151,40.526852277956529],[-4.3211151346764556,40.526569505930667],[-4.3208961315640533,40.526237596256024],[-4.3207714674153532,40.525975545046585],[-4.3209160689715969,40.525224001212194],[-4.3210103622554854,40.524614893574963],[-4.3213289565139785,40.523932296899261],[-4.3213519166764129,40.523749626233638],[-4.3213988624668529,40.523434950166063],[-4.3214456074865497,40.523110132668819],[-4.3213449032642286,40.522716066890602],[-4.3212011968963386,40.522160355801446],[-4.3212205852086418,40.521795317820711],[-4.3212195468508199,40.521065708812039],[-4.3211000140704856,40.520388107425298],[-4.3208814322051659,40.520076464563864],[-4.3209194267908844,40.519840109022283],[-4.3209287604419115,40.519782046299383],[-4.3210278116788183,40.519416098294975],[-4.3211690683808337,40.519171269451164],[-4.3212031366587906,40.518877002665555],[-4.3211914133994007,40.51883941495295],[-4.3210897655102123,40.518513491588209],[-4.3210683321038559,40.518098245812432],[-4.3212870555299556,40.517741071896985],[-4.3216266542389645,40.517453441579221],[-4.3219794385709092,40.517252141209987],[-4.3222144686709898,40.517127507540103],[-4.3223735434415875,40.516975145799272],[-4.3225857981875624,40.51664768989653],[-4.3229255063874046,40.516362704836844],[-4.3229680844166083,40.516186523147383],[-4.3228119271640164,40.515854512995965],[-4.322737185986667,40.515565480363044],[-4.3227065807302694,40.515179311450503],[-4.3228733150449381,40.514878736187256],[-4.3230785523750273,40.514779754280369],[-4.323363133410143,40.51461838393115],[-4.3234613432458744,40.514344943763831],[-4.3235349917954489,40.51399272070595],[-4.3235285967577557,40.513667775546537],[-4.3235939043681899,40.513315573191015],[-4.3236118466045363,40.513218811444716],[-4.3237804865958198,40.513014844862816],[-4.3240432515952891,40.512915203919668],[-4.3240909878020792,40.512891665972326],[-4.3244080132616132,40.512735340814281],[-4.324826007742125,40.51233525220551],[-4.3252050864999045,40.512073990777495],[-4.3255871170617484,40.511825813497786],[-4.3258098174835657,40.511445529443087],[-4.3259758560505839,40.511115642638408],[-4.3260935957026954,40.510660464861161],[-4.326080098279097,40.51041144754079],[-4.3260755130040645,40.510326864141909],[-4.3266097443384472,40.509986925992919],[-4.3266664173423051,40.509958189996645],[-4.32724787972694,40.509663364093448],[-4.3274630365064786,40.509485208878296],[-4.3274787851956846,40.50911607700484],[-4.3274739085557501,40.509100888637029],[-4.3273439024718323,40.508695976075948],[-4.327143962390986,40.508478655089],[-4.3269543286901362,40.508199736006311],[-4.3269268081940728,40.507971655437949],[-4.3269911748822167,40.507733739782303],[-4.3272154138334296,40.507432488596791],[-4.3272677307074581,40.507377543091586],[-4.3273845470267078,40.507254861239318],[-4.327347073528049,40.507105958406491],[-4.3271717143293795,40.506967417436108],[-4.3267889077046515,40.506813698862615],[-4.3265348988992276,40.506772682964623],[-4.3261323702713694,40.506786091499848],[-4.3258000683861182,40.506860174942247],[-4.3256033610947773,40.506904661618726],[-4.3255136377445087,40.506924952300622],[-4.3252366270776372,40.506884207328405],[-4.3248701674637893,40.506764883514954],[-4.3248196436246609,40.506748432911131],[-4.3244622657519942,40.506717388239366],[-4.3242678402593713,40.506610189794777],[-4.324100047919015,40.506440439778345],[-4.3240645992670741,40.505808370695888],[-4.3241509490494412,40.505517494182818],[-4.3242254410736356,40.505209183054895],[-4.3242540889602141,40.504910185210299],[-4.324512150839448,40.50457342050877],[-4.3245311876628936,40.50437115754913],[-4.3243401899588463,40.504021976771014],[-4.3238902010341072,40.503377073945295],[-4.3232430757901437,40.502655374435633],[-4.323014299091172,40.502139720917597],[-4.3227333387201536,40.501896968397347],[-4.3225676137395901,40.501661688673764],[-4.3225744524602936,40.501424423736239],[-4.3227193622836255,40.501185589135275],[-4.3228050234727,40.5008595803872],[-4.3235805809163574,40.499919557075927],[-4.3240565312789094,40.49954516613343],[-4.324279502379107,40.499306244903153],[-4.3243382801851187,40.499243262081194],[-4.3246420004656851,40.498888411213869],[-4.3246731171078903,40.498594164658506],[-4.3245382145782889,40.498292253183855],[-4.3242163773719611,40.497724952477967],[-4.3241339812827144,40.497534847695981],[-4.3240837761849997,40.497419012399654],[-4.3241703942910537,40.497318839145606],[-4.3242525514189349,40.497223823050426],[-4.3245586862913665,40.49699191715726],[-4.3247379183214756,40.496743896745834],[-4.3247327328708307,40.496480417284822],[-4.3246017020248866,40.496253520512859],[-4.3244928024048788,40.495982450953093],[-4.3245629780687134,40.495454579460116],[-4.324785462347938,40.49506551831449],[-4.3247806237686142,40.494819606174225],[-4.3246171588411952,40.494698495887384],[-4.3244587713977838,40.494572667893344],[-4.3243980116441039,40.494524398696655],[-4.3241706865488911,40.494343802265689],[-4.3241238085478857,40.494185861099965],[-4.3242692076706577,40.493973368153043],[-4.3245052744667456,40.493689554810707],[-4.3245570903707025,40.493399073322891],[-4.3245038255620969,40.493030739998169],[-4.3246869636893601,40.492876713380561],[-4.3248320864940712,40.492754660714503],[-4.3250796324666565,40.492470713658854],[-4.3250988403779589,40.49227723710397],[-4.3249798302724614,40.492076555736752],[-4.3247701810212549,40.49194719350637],[-4.32447439985744,40.491826139493213],[-4.3244569991907218,40.491819018506504],[-4.3242816865012648,40.491680472970749],[-4.324221578881831,40.491549398543697],[-4.3242970950854831,40.49129377201227],[-4.3244981158681393,40.490984020733656],[-4.3245767669502104,40.490788945773446],[-4.324761419166621,40.490330952356921],[-4.3247545205285913,40.489979649763583],[-4.3246552435739716,40.489611835672029],[-4.3244786473162486,40.489387450781798],[-4.3244428373892871,40.489341951310138],[-4.3241938431197102,40.488967071021719],[-4.3242590687854774,40.488773068047273],[-4.3244142781781729,40.48846799209047],[-4.324569247627748,40.488163384413795],[-4.324583962308413,40.487741551083836],[-4.3244508741837651,40.487409266101274],[-4.3243321363714333,40.487294620643944],[-4.3241811384905047,40.487148827941674],[-4.324160316059726,40.486674700239966],[-4.3242765309492484,40.486500281489199],[-4.3243726467454993,40.486356026048121],[-4.3244680669038811,40.485942059186598],[-4.3244029561255237,40.485556292416199],[-4.324444132949643,40.485309853380954],[-4.3244410237978022,40.485151762668707],[-4.3241972932729862,40.484759696264938],[-4.3241695800084763,40.484321141474041],[-4.3241149416545195,40.484191839197003],[-4.324051036683624,40.484040604269623],[-4.3240815809552888,40.483838207969235],[-4.3240891784867621,40.483823770113354],[-4.3242257633721435,40.483564236507021],[-4.3242566392242638,40.483379405947765],[-4.3241346543728296,40.482903575119607],[-4.3239906006126656,40.482135051334012],[-4.3238350406300974,40.481829382998953],[-4.3238143216744902,40.481824371899449],[-4.3235229431087019,40.481753896031542],[-4.323438632987604,40.481561592347518],[-4.3234210963189854,40.481254343539568],[-4.3234715403686401,40.480893592940305],[-4.3236524653845452,40.480733407781386],[-4.3238428118273022,40.480467688650947],[-4.3238498338915115,40.480239209598267],[-4.3237971029127618,40.479897222038105],[-4.3238975119540308,40.479737947082455],[-4.3239848709770152,40.479577458539623],[-4.3240418583152103,40.479472764482935],[-4.3241056928423633,40.479208494317582],[-4.3240097179377441,40.479007545666803],[-4.3238660046150388,40.478719312871696],[-4.3237807498613359,40.478613467372732],[-4.3236065942198474,40.4783972523431],[-4.323648806642316,40.478203512995201],[-4.3236811630786693,40.478143148221299],[-4.3238895975024354,40.47775429209014],[-4.3239131103221418,40.477603135546097],[-4.3238512901652362,40.477384233900111],[-4.3236181667117703,40.477228780389275],[-4.3234316962978969,40.476964967305911],[-4.3232500387707313,40.476055864078987],[-4.3231066799639724,40.475785184911246],[-4.3228119238932106,40.475419616951669],[-4.322482327019979,40.475036861975383],[-4.322098335659879,40.474812857667544],[-4.3219369242663754,40.474791444644922],[-4.3216715999883464,40.47475624472829],[-4.3214853593600893,40.474644180520237],[-4.3214223444925475,40.47436379242793],[-4.3214356683405102,40.474029730634967],[-4.3214377672580335,40.473977101344829],[-4.3214070847217503,40.473931937624087],[-4.321331173510873,40.473820194375584],[-4.3211433736141096,40.473629084523267],[-4.321001749965597,40.473446225495586],[-4.3210087816149079,40.473217748005645],[-4.321049102671604,40.472927396709736],[-4.3209519413891204,40.472664968227583],[-4.320819003951839,40.472324172111449],[-4.3207097271464976,40.472044032955004],[-4.3205104511037877,40.471357724120416],[-4.3204599526061491,40.471183808294853],[-4.3203518527477582,40.471097199691641],[-4.3202505811082696,40.471065412810681],[-4.320172613700775,40.471048732050122],[-4.3198945962121682,40.471095829474905],[-4.319648424326668,40.471006401710405],[-4.3195676178794526,40.470844812204668],[-4.3196101828998898,40.470668640578914],[-4.3199173556353259,40.470400978196423],[-4.3199268498182581,40.470392705188388],[-4.3202531297680746,40.47002002742591],[-4.3202834929758076,40.46980885294235],[-4.3201652289982819,40.469643297305076],[-4.3198763654286925,40.46957631362892],[-4.3193566406291612,40.469468052178115],[-4.3187346184950144,40.469422438227895],[-4.3182514656088022,40.469419168743912],[-4.3178721347454845,40.469439310686582],[-4.3177434309655416,40.469446143852267],[-4.3176194959660261,40.469452723412765],[-4.3173393176768746,40.469341088182908],[-4.3171897073221661,40.469238004379854],[-4.3170833016781271,40.469089880928898],[-4.3170654543344567,40.468765063376885],[-4.3172362443575674,40.468086701072494],[-4.3174602180871595,40.467776689493896],[-4.3179236349781638,40.467358540970366],[-4.3181251306515422,40.467075133946373],[-4.3184295212315487,40.466759816018552],[-4.3184680901491603,40.466727033906068],[-4.3185709447018521,40.466639613027787],[-4.3186248300308678,40.466454522704247],[-4.3185863831069762,40.466252913485093],[-4.3184975707304893,40.46612216108425],[-4.3183410459988201,40.46605805982221],[-4.3180467025295393,40.466004319092853],[-4.3176938217822523,40.465898532471428],[-4.317196954878761,40.465781211598078],[-4.3167789923017006,40.465625913403429],[-4.3166234641267955,40.465568125249568],[-4.3164139990132968,40.465443141911038],[-4.3161809343022606,40.465287669461624],[-4.3158353653053405,40.464966581482344],[-4.3157851855333575,40.464906982802702],[-4.3156705343368715,40.46477080542234],[-4.3160230557747754,40.464564745588916],[-4.3186618835336734,40.463348770968615],[-4.3190386232303082,40.463151319914751],[-4.3186079797011088,40.463156234096225],[-4.3178118400914762,40.463165314818653],[-4.3172179083636468,40.463172085596838],[-4.3092518897038365,40.463262602541292],[-4.3087508898672588,40.463268276987236],[-4.2974597104499868,40.463395587440786],[-4.2976330744384867,40.472402344433675],[-4.2977257063479852,40.477213165895961],[-4.297806516709624,40.481409086730757],[-4.2979079798413586,40.486676108619086],[-4.2979106602810369,40.486815233190818],[-4.2979800373032528,40.490415814331008],[-4.2981536362592552,40.499422527233349],[-4.2982196753356776,40.502847714983211],[-4.2982647703884584,40.50518627929808],[-4.2982827127241707,40.506116666400416],[-4.2983273136175546,40.508429225436799],[-4.298423832583417,40.513432818620807],[-4.2985010694180961,40.517435908940293],[-4.2985523575428743,40.52009366404824],[-4.2986007323790618,40.522600126594725],[-4.298615178771974,40.523348581377881],[-4.298635286755859,40.524390311236594],[-4.2986560647123779,40.525466692853357],[-4.2986604397922967,40.525693332138061],[-4.2986749037008547,40.526442577742834],[-4.2987082952977129,40.528172189533954],[-4.2987687153468039,40.531301433525194],[-4.2987863981378274,40.532217158303446],[-4.2988067933834611,40.533273298430188]]]},"properties":{"FID":86,"Malla10km_":"30TUK88","Sheet1__Ur":" ","Sheet1__CU":" ","Sheet1__Ob":0}},{"type":"Feature","id":87,"geometry":{"type":"Polygon","coordinates":[[[-4.2971644780465814,40.463398901446247],[-4.2922674021078464,40.46345376145014],[-4.2896918880982184,40.463482530630039],[-4.2856674529533354,40.463527369705787],[-4.2832138764310574,40.46355463795468],[-4.2812640526737029,40.463576270505371],[-4.2808932530053943,40.463580380662563],[-4.2787913636556487,40.463603656724551],[-4.2747051442999604,40.463648797589016],[-4.2738751179241037,40.463657949313166],[-4.2708612113561006,40.463691129980809],[-4.2703421089103966,40.463696836941509],[-4.2627298291392348,40.46378025773285],[-4.2620827060725173,40.463787326239988],[-4.2610812043752304,40.463798258470135],[-4.2558054855314795,40.463855704054147],[-4.2502902181089084,40.463915500463536],[-4.2472555775528438,40.463948289694549],[-4.246215296854766,40.463959511563182],[-4.2384976547435613,40.464042471961278],[-4.2267050166868154,40.464168240710983],[-4.226316336354472,40.464172365507466],[-4.2252941936382005,40.46418320656349],[-4.2222507371042148,40.464215432546922],[-4.2149123046490331,40.464292806690509],[-4.214429947814728,40.464297876186492],[-4.2110484574292775,40.464333358591936],[-4.2083568362154296,40.464361531378323],[-4.203119519340615,40.464416169878],[-4.19933861886485,40.464455466716338],[-4.1913266614719822,40.464538330251798],[-4.1903591504609485,40.464548299125028],[-4.1795337317535832,40.464659287790447],[-4.1796913480437707,40.473666443644696],[-4.179786257481128,40.479088179656088],[-4.1797987652019133,40.479802577473841],[-4.1798490355409958,40.482673586710035],[-4.1798598287951316,40.483289950451351],[-4.180006794234207,40.491680714283426],[-4.1800378973393348,40.493456043799604],[-4.1801338284256309,40.498930681475862],[-4.1801646241754362,40.500687827264549],[-4.1801974102727266,40.502558367710733],[-4.1802467330456823,40.50537204112981],[-4.180268207917277,40.506596975032778],[-4.1803023516517612,40.508544389712888],[-4.1803225254009799,40.509694925652468],[-4.1804369295526431,40.516218288104625],[-4.1804460386663642,40.516737600753231],[-4.1804536730099739,40.517172825969681],[-4.1804725054339489,40.518246400214103],[-4.1804804979471673,40.518702009446187],[-4.1805271272726925,40.521359882694902],[-4.1806385418503416,40.527709078644769],[-4.1807827279733845,40.535922820370523],[-4.1807966571468826,40.536716133247218],[-4.1808076760809101,40.537343675845776],[-4.1808243835241825,40.53829514862651],[-4.1808258500478335,40.538378663559115],[-4.1808341707920942,40.538852502933779],[-4.1809548438731969,40.545723173252604],[-4.1809686156985828,40.546507138056597],[-4.1810366213723285,40.55037792559996],[-4.1810550009815364,40.551423937743067],[-4.1811131020657148,40.554730198659932],[-4.1824511627092615,40.554716510046262],[-4.1929218131871506,40.554608858019606],[-4.1958145439056356,40.55457894959693],[-4.1958565163449295,40.554578515103664],[-4.1965923313368538,40.55457089556409],[-4.2047304520918241,40.55448631073584],[-4.2073508410517659,40.554458953264906],[-4.2103471888641115,40.554427597835037],[-4.2165390180656601,40.554362556830228],[-4.2276877930934837,40.554244609465371],[-4.2283475103946078,40.554237596324505],[-4.2340481927067968,40.554176838105377],[-4.2355671779680506,40.554160601189658],[-4.2401559283646533,40.554111429240692],[-4.243936163401437,40.554070784180716],[-4.2468311214260783,40.554039573949744],[-4.2473598585673438,40.554033865854286],[-4.2510840681702113,40.553993591775964],[-4.2519642712618015,40.553984055600964],[-4.2537911786891947,40.553964241360596],[-4.263305982196389,40.5538605786655],[-4.2637725383720886,40.553855475427738],[-4.2719739475936471,40.553765459820468],[-4.2751889369257299,40.553730014390155],[-4.2755807289816117,40.553725688743633],[-4.2762749670913633,40.553718020626015],[-4.2824780575099961,40.553649319953493],[-4.287388842376413,40.553594695571491],[-4.2878280513430731,40.553589799922811],[-4.2990903723371527,40.553463693737562],[-4.2991968778426433,40.553462495934333],[-4.2991946958021421,40.55334961935948],[-4.2991590384255947,40.55150497861618],[-4.29912815092045,40.549906956204133],[-4.2990228078730768,40.544455871240871],[-4.2989421986572012,40.540283653731635],[-4.2988804096172197,40.53708494831897],[-4.2988689310515218,40.53649066728142],[-4.2988488165058358,40.535449231843366],[-4.2988067933834611,40.533273298430188],[-4.2987863981378274,40.532217158303446],[-4.2987687153468039,40.531301433525194],[-4.2987082952977129,40.528172189533954],[-4.2986749037008547,40.526442577742834],[-4.2986604397922967,40.525693332138061],[-4.2986560647123779,40.525466692853357],[-4.298635286755859,40.524390311236594],[-4.298615178771974,40.523348581377881],[-4.2986007323790618,40.522600126594725],[-4.2985523575428743,40.52009366404824],[-4.2985010694180961,40.517435908940293],[-4.298423832583417,40.513432818620807],[-4.2983273136175546,40.508429225436799],[-4.2982827127241707,40.506116666400416],[-4.2982647703884584,40.50518627929808],[-4.2982196753356776,40.502847714983211],[-4.2981536362592552,40.499422527233349],[-4.2979800373032528,40.490415814331008],[-4.2979106602810369,40.486815233190818],[-4.2979079798413586,40.486676108619086],[-4.297806516709624,40.481409086730757],[-4.2977257063479852,40.477213165895961],[-4.2976330744384867,40.472402344433675],[-4.2974597104499868,40.463395587440786],[-4.2971644780465814,40.463398901446247]]]},"properties":{"FID":87,"Malla10km_":"30TUK98","Sheet1__Ur":" ","Sheet1__CU":" ","Sheet1__Ob":0}},{"type":"Feature","id":88,"geometry":{"type":"Polygon","coordinates":[[[-4.1742707463984408,40.464712880671719],[-4.171955424990113,40.464736381621698],[-4.1689393821679888,40.464766925448195],[-4.1684798164606187,40.464771572613543],[-4.1677407308958916,40.464779042472721],[-4.1676123857679732,40.464780339161521],[-4.162846263185104,40.464828391025144],[-4.1582548816854326,40.4648744952474],[-4.1559476596094198,40.464897594277581],[-4.1441545186046937,40.465014943184187],[-4.1358874695815668,40.465096487745321],[-4.1323613085922739,40.465131089171948],[-4.1264321536381594,40.465189028057964],[-4.1254839492537823,40.465198265563643],[-4.1226425717429667,40.46522589996718],[-4.1210288935084707,40.465241563021074],[-4.1205680302827439,40.465246032220492],[-4.1105221789832402,40.465342994682096],[-4.108774684386713,40.465359772309604],[-4.1066589775267035,40.465380049762722],[-4.1064893652642951,40.465381673691006],[-4.1063619679313987,40.465382893274779],[-4.1027534163481736,40.465417379863744],[-4.0985583009068209,40.465457330535877],[-4.0969812716148164,40.46547230941934],[-4.096587335257948,40.465476047732018],[-4.0956716467391274,40.465484732093962],[-4.0851877926777149,40.465583643529904],[-4.0805473388698372,40.465627120883127],[-4.0776182449158949,40.465654468222986],[-4.073394248286097,40.465693774621712],[-4.0676876035471601,40.465746632594517],[-4.0616006391506732,40.465802702675511],[-4.0616504912529718,40.468968456808142],[-4.0617162352118736,40.473142619625392],[-4.0617425041525914,40.474810221153959],[-4.0618844332201851,40.483817725137584],[-4.0620264263860797,40.492825214625476],[-4.0620780308108673,40.496097785911701],[-4.0620816026313813,40.496324278281492],[-4.0621195167369466,40.498728286931104],[-4.0621652980745155,40.501630743404284],[-4.0621684836971319,40.501832690517467],[-4.0621969241638727,40.503635534480559],[-4.0623106051433897,40.51084015011039],[-4.0624527908001768,40.519847596105578],[-4.0624947602532755,40.52250557625365],[-4.0625031664119513,40.523037906505962],[-4.0625919759719089,40.528661009295142],[-4.0625950407002343,40.528855028502115],[-4.0626875956938457,40.534713528842119],[-4.0626878848428358,40.534731828546136],[-4.0626949330984798,40.535177894381789],[-4.0627020177378519,40.53562625275891],[-4.062712246750583,40.536273588052573],[-4.062737354847866,40.537862445497623],[-4.0627687254111757,40.539847417539633],[-4.0627905198244445,40.541226342074005],[-4.0627975254325746,40.541669564009077],[-4.0628057793023098,40.54219174669219],[-4.0628797332758149,40.546869847091209],[-4.0629508463972819,40.551367205452607],[-4.0630221760453562,40.555877235083393],[-4.0701324331210449,40.555811588066987],[-4.0748315700543438,40.555767962016461],[-4.0771235041442919,40.555746614695899],[-4.0866408989887919,40.555657482102141],[-4.0984501621343661,40.555545795359933],[-4.0986232506033371,40.555544149387956],[-4.1086199578794336,40.555448646328898],[-4.109975689668361,40.555435627782799],[-4.1102593587767453,40.555432901809425],[-4.1142493384480918,40.555394485506639],[-4.1178347558215762,40.555359846826441],[-4.1220684882016512,40.555318801470534],[-4.124850180302289,40.555291748930692],[-4.1338775496948132,40.55520349436329],[-4.1456865425419993,40.555086980507994],[-4.1513953815100839,40.555030221098214],[-4.157495466028994,40.554969259925159],[-4.1666110802750236,40.554877562605967],[-4.1693043194416202,40.55485033263551],[-4.1733224539988099,40.554809590575225],[-4.1811131020657148,40.554730198659932],[-4.1810550009815364,40.551423937743067],[-4.1810366213723285,40.55037792559996],[-4.1809686156985828,40.546507138056597],[-4.1809548438731969,40.545723173252604],[-4.1808341707920942,40.538852502933779],[-4.1808258500478335,40.538378663559115],[-4.1808243835241825,40.53829514862651],[-4.1808076760809101,40.537343675845776],[-4.1807966571468826,40.536716133247218],[-4.1807827279733845,40.535922820370523],[-4.1806385418503416,40.527709078644769],[-4.1805271272726925,40.521359882694902],[-4.1804804979471673,40.518702009446187],[-4.1804725054339489,40.518246400214103],[-4.1804536730099739,40.517172825969681],[-4.1804460386663642,40.516737600753231],[-4.1804369295526431,40.516218288104625],[-4.1803225254009799,40.509694925652468],[-4.1803023516517612,40.508544389712888],[-4.180268207917277,40.506596975032778],[-4.1802467330456823,40.50537204112981],[-4.1801974102727266,40.502558367710733],[-4.1801646241754362,40.500687827264549],[-4.1801338284256309,40.498930681475862],[-4.1800378973393348,40.493456043799604],[-4.180006794234207,40.491680714283426],[-4.1798598287951316,40.483289950451351],[-4.1798490355409958,40.482673586710035],[-4.1797987652019133,40.479802577473841],[-4.179786257481128,40.479088179656088],[-4.1796913480437707,40.473666443644696],[-4.1795337317535832,40.464659287790447],[-4.1742707463984408,40.464712880671719]]]},"properties":{"FID":88,"Malla10km_":"30TVK08","Sheet1__Ur":" ","Sheet1__CU":" ","Sheet1__Ob":0}},{"type":"Feature","id":89,"geometry":{"type":"Polygon","coordinates":[[[-4.0572447214966854,40.465842630395379],[-4.0555247456216659,40.465858351021339],[-4.0547111564382057,40.465865778329594],[-4.0526930769035978,40.465884176782289],[-4.049806965982178,40.465910427672128],[-4.0415296322932939,40.4659853151147],[-4.0409802384757487,40.465990264657904],[-4.0400469214520811,40.465998667015612],[-4.0380132294913436,40.4660169495926],[-4.0324857529877045,40.466066459918423],[-4.0272526380786138,40.466113089961098],[-4.0262194303890109,40.466122268418296],[-4.025862583919305,40.466125436302733],[-4.0237341407028762,40.466144308549602],[-4.0220284364459191,40.466159404204213],[-4.0144255693859598,40.4662263841307],[-4.002631647193021,40.466329296711478],[-3.9908376645210493,40.466431006142614],[-3.9905662581765617,40.466433332539388],[-3.9870280078953351,40.466463602816049],[-3.9840061744492239,40.466489369296731],[-3.9826082188427008,40.466501262610329],[-3.9801275846296309,40.46652232534322],[-3.9790436220809227,40.466531512406199],[-3.9762309027253546,40.466555304027608],[-3.9760899125155493,40.466556494803235],[-3.9750726325663361,40.466565081451911],[-3.9746834521879117,40.466568364074348],[-3.9744057260495693,40.466570705811556],[-3.9710272706385563,40.466599138900136],[-3.9672495205835423,40.466630815484606],[-3.9613317323655868,40.466680188127029],[-3.9602927296903032,40.466688825346736],[-3.9600056950313567,40.466691209816418],[-3.9554553607398311,40.466728915360392],[-3.9443628617150841,40.466820080650898],[-3.9442430748887616,40.466821059325042],[-3.9437564242720313,40.466825034047808],[-3.9436611432607327,40.466825812016324],[-3.9436769120592623,40.467952372272137],[-3.9437872536985878,40.475833654169513],[-3.9438600455986443,40.481031191633619],[-3.943867109066685,40.481535469929049],[-3.9438772218969258,40.482257427398665],[-3.9438898826677362,40.483161246020494],[-3.9439134210898494,40.484841481913314],[-3.9439138441667496,40.484871680981335],[-3.9439258562523301,40.485729079934416],[-3.9439562976132971,40.487901758581984],[-3.9439622801106013,40.488328716965192],[-3.9440014976904245,40.491127366948341],[-3.9440102218807418,40.49174989016889],[-3.9440224803182073,40.492624570145608],[-3.944039645463524,40.493849295246896],[-3.9440534505121407,40.494834224272367],[-3.944062947999599,40.495511799567275],[-3.9440863812231419,40.497183487491121],[-3.9440889863287953,40.497369322793475],[-3.9440924642761073,40.497617419577857],[-3.9441659268486378,40.502857094169372],[-3.944183199801746,40.504088876809995],[-3.9442114695585411,40.506104707613439],[-3.9442414497018579,40.508242277551403],[-3.9442922652742376,40.511864878679852],[-3.9443293169063787,40.514505843447047],[-3.9444186607693967,40.520872648777534],[-3.9444559693840056,40.523530724580496],[-3.9445451133632057,40.529880404461515],[-3.944548437246802,40.530117123754593],[-3.9446102459698933,40.534518484232386],[-3.9446158996076113,40.534921027577845],[-3.9446716230847794,40.538888145730944],[-3.9447277640839156,40.542884187751845],[-3.9447981899759119,40.547895873485743],[-3.9448445197746218,40.551192130730783],[-3.9448499382750359,40.551577608698103],[-3.9449248140277846,40.556903585022752],[-3.9470427181826122,40.556886242231478],[-3.9472055714101799,40.556884907074391],[-3.95102883520308,40.556853495961413],[-3.9567348194881951,40.556806381451949],[-3.9595071328834486,40.556783388619351],[-3.9634706388764216,40.556750400784217],[-3.9685447670187743,40.556707970851058],[-3.9688072331938442,40.556705770041901],[-3.9701697366642463,40.556694335709039],[-3.9803546559049496,40.556608353237408],[-3.9860286453118277,40.556560063128963],[-3.9921644854321694,40.556507528628494],[-3.9969906007319449,40.556465978861361],[-4.0039742548858994,40.556405497042093],[-4.0059740125345744,40.556388100408505],[-4.015372069919521,40.556305879525716],[-4.0157839635516384,40.556302258496146],[-4.0164456427087973,40.556296438482896],[-4.0169618586108928,40.55629189530665],[-4.0232431369660615,40.556236429431522],[-4.0237664828998865,40.556231792688791],[-4.0274217343389918,40.556199341756461],[-4.0275936107148977,40.556197813008808],[-4.0394031956612206,40.556092160598496],[-4.0456454692495809,40.556035827374458],[-4.0512127176761945,40.555985301283748],[-4.0530288304953324,40.555968760932863],[-4.0630221760453562,40.555877235083393],[-4.0629508463972819,40.551367205452607],[-4.0628797332758149,40.546869847091209],[-4.0628057793023098,40.54219174669219],[-4.0627975254325746,40.541669564009077],[-4.0627905198244445,40.541226342074005],[-4.0627687254111757,40.539847417539633],[-4.062737354847866,40.537862445497623],[-4.062712246750583,40.536273588052573],[-4.0627020177378519,40.53562625275891],[-4.0626949330984798,40.535177894381789],[-4.0626878848428358,40.534731828546136],[-4.0626875956938457,40.534713528842119],[-4.0625950407002343,40.528855028502115],[-4.0625919759719089,40.528661009295142],[-4.0625031664119513,40.523037906505962],[-4.0624947602532755,40.52250557625365],[-4.0624527908001768,40.519847596105578],[-4.0623106051433897,40.51084015011039],[-4.0621969241638727,40.503635534480559],[-4.0621684836971319,40.501832690517467],[-4.0621652980745155,40.501630743404284],[-4.0621195167369466,40.498728286931104],[-4.0620816026313813,40.496324278281492],[-4.0620780308108673,40.496097785911701],[-4.0620264263860797,40.492825214625476],[-4.0618844332201851,40.483817725137584],[-4.0617425041525914,40.474810221153959],[-4.0617162352118736,40.473142619625392],[-4.0616504912529718,40.468968456808142],[-4.0616006391506732,40.465802702675511],[-4.0572447214966854,40.465842630395379]]]},"properties":{"FID":89,"Malla10km_":"30TVK18","Sheet1__Ur":" ","Sheet1__CU":" ","Sheet1__Ob":0}},{"type":"Feature","id":90,"geometry":{"type":"Polygon","coordinates":[[[-3.9422026035869218,40.466837711172865],[-3.9386418043228986,40.466866683796212],[-3.9345035226695555,40.466900217284341],[-3.9318668688572158,40.46692150543538],[-3.9274767028145088,40.466956817845926],[-3.9268349302447052,40.466961965987544],[-3.9235269092083116,40.46698844558712],[-3.9231733526604611,40.466991270087682],[-3.9210089588481187,40.467008537466967],[-3.9204610255870382,40.467012902409344],[-3.9200725382402677,40.467015995600754],[-3.9192549618486745,40.467022500993885],[-3.9125872994229458,40.467075339141466],[-3.9086479167410935,40.467106376144933],[-3.9082781521208987,40.467109282495869],[-3.9003274159127916,40.467171489085302],[-3.8989737401544917,40.467182025755996],[-3.8964837112101409,40.467201366104312],[-3.8886417413309,40.467261925059653],[-3.8876919506993333,40.467269223610337],[-3.8846892162190438,40.467292246409926],[-3.8830473353538175,40.46730480217316],[-3.8820020529910115,40.467312783486079],[-3.877309386258835,40.467348498113161],[-3.8728946678586822,40.467381923396722],[-3.8614911786448185,40.46746748253765],[-3.8611000668401494,40.467470397048977],[-3.8588063963614037,40.467487462523309],[-3.8579083739747784,40.467494131630886],[-3.8575380969781783,40.467496879438265],[-3.857258955907815,40.467498950146094],[-3.8550384535909674,40.467515398131702],[-3.8524812656157255,40.467534287199676],[-3.8513839356581085,40.46754237544863],[-3.8493054138745566,40.467557667351166],[-3.8459371482386997,40.467582368660416],[-3.8412601281981229,40.467616504976817],[-3.8375107096730372,40.467643734287925],[-3.833528796753888,40.4676725188463],[-3.8257159549467432,40.467728597844129],[-3.8257511705946721,40.470603699232932],[-3.8257782562184905,40.472814760469426],[-3.8257828188574021,40.473187194888467],[-3.8258240729573845,40.476554325636435],[-3.8258263079332195,40.476736726514972],[-3.8258276419626793,40.476845598548081],[-3.8258357508870398,40.477507366519276],[-3.8258865223064125,40.481650312942058],[-3.8258924957508209,40.4821376890796],[-3.8259124298347964,40.483764033897707],[-3.8259367107365914,40.485744839050213],[-3.8260471634153577,40.494752938151507],[-3.8261539772401281,40.503460385205457],[-3.8261576659838812,40.503761022917182],[-3.8261694287930417,40.504719677744951],[-3.8262026019317741,40.507422999694334],[-3.8262041107031775,40.507545942684857],[-3.826268218467586,40.512769093346428],[-3.8263788208919109,40.521777149438421],[-3.8264114678091503,40.524435309649135],[-3.8264894732823187,40.530785191192372],[-3.8266001756753592,40.539793219508226],[-3.8266849390748257,40.54668779177657],[-3.826706013448764,40.54840158955691],[-3.8267109280633123,40.548801231682837],[-3.8267974014852602,40.555831683631588],[-3.8268217305049141,40.557809230417732],[-3.8346851188292574,40.557752684163582],[-3.8358889672964351,40.557743979944668],[-3.8365246479047395,40.557739378703978],[-3.838632275957286,40.557724098053576],[-3.8504427706267466,40.557637758497862],[-3.8586776946458352,40.557576843303941],[-3.861840907027478,40.557553288395525],[-3.8622532137985122,40.557550211765736],[-3.8704686213705011,40.557488601650633],[-3.8719490383124193,40.557477437372249],[-3.8740636047578199,40.557461457872641],[-3.8791873923152047,40.55742257754806],[-3.8835315826789176,40.557389434924382],[-3.8852613453713869,40.557376192769546],[-3.8858739427899223,40.557371496834158],[-3.8928940835249763,40.557317451204646],[-3.8976842271800982,40.557280328666138],[-3.9001536728411534,40.557261113416196],[-3.9007068848945377,40.557256801524481],[-3.9009839571662903,40.55725464094877],[-3.9026981612315677,40.557241259019406],[-3.9094944572136447,40.557187953384634],[-3.9213046321758789,40.557094371005881],[-3.9302847815386803,40.557022405237397],[-3.9307985531239207,40.557018266823526],[-3.9310243027304699,40.55701644769492],[-3.9317704943446881,40.557010431616959],[-3.9318381666392996,40.557009885779024],[-3.9323396060106215,40.557005839984008],[-3.9324676522811175,40.557004806511266],[-3.9331147513521398,40.556999581546364],[-3.9357915420938725,40.556977929436648],[-3.936133879656206,40.556975155851745],[-3.9380255926332368,40.556959811087346],[-3.9387554118635593,40.556953882824843],[-3.9449248140277846,40.556903585022752],[-3.9448499382750359,40.551577608698103],[-3.9448445197746218,40.551192130730783],[-3.9447981899759119,40.547895873485743],[-3.9447277640839156,40.542884187751845],[-3.9446716230847794,40.538888145730944],[-3.9446158996076113,40.534921027577845],[-3.9446102459698933,40.534518484232386],[-3.944548437246802,40.530117123754593],[-3.9445451133632057,40.529880404461515],[-3.9444559693840056,40.523530724580496],[-3.9444186607693967,40.520872648777534],[-3.9443293169063787,40.514505843447047],[-3.9442922652742376,40.511864878679852],[-3.9442414497018579,40.508242277551403],[-3.9442114695585411,40.506104707613439],[-3.944183199801746,40.504088876809995],[-3.9441659268486378,40.502857094169372],[-3.9440924642761073,40.497617419577857],[-3.9440889863287953,40.497369322793475],[-3.9440863812231419,40.497183487491121],[-3.944062947999599,40.495511799567275],[-3.9440534505121407,40.494834224272367],[-3.944039645463524,40.493849295246896],[-3.9440224803182073,40.492624570145608],[-3.9440102218807418,40.49174989016889],[-3.9440014976904245,40.491127366948341],[-3.9439622801106013,40.488328716965192],[-3.9439562976132971,40.487901758581984],[-3.9439258562523301,40.485729079934416],[-3.9439138441667496,40.484871680981335],[-3.9439134210898494,40.484841481913314],[-3.9438898826677362,40.483161246020494],[-3.9438772218969258,40.482257427398665],[-3.943867109066685,40.481535469929049],[-3.9438600455986443,40.481031191633619],[-3.9437872536985878,40.475833654169513],[-3.9436769120592623,40.467952372272137],[-3.9436611432607327,40.466825812016324],[-3.9422026035869218,40.466837711172865]]]},"properties":{"FID":90,"Malla10km_":"30TVK28","Sheet1__Ur":" ","Sheet1__CU":" ","Sheet1__Ob":0}},{"type":"Feature","id":91,"geometry":{"type":"Polygon","coordinates":[[[-3.8215272693344309,40.467758445890858],[-3.8191132129446301,40.467775579192832],[-3.8184957825753489,40.467779953188547],[-3.81392115040682,40.467812258004905],[-3.8138259578155651,40.467812928306039],[-3.8128091751660618,40.467820083116287],[-3.8021262967645071,40.467894714755531],[-3.7913073802446826,40.467969290344925],[-3.790331394730992,40.467975968081554],[-3.7902435397967258,40.467976568784607],[-3.7785364450174974,40.468056017968685],[-3.7667414483352735,40.468134864402835],[-3.7634178462901997,40.468156864414262],[-3.7606228721573451,40.468175291279003],[-3.7549464053955801,40.468212507370183],[-3.7541150327851343,40.468217934613989],[-3.7534784390863565,40.468222086287959],[-3.750023973079653,40.46824455414265],[-3.7496243647826577,40.468247146532931],[-3.7493768252865238,40.468248751709858],[-3.7431513169097013,40.468288946857101],[-3.7354782728964673,40.468338026681813],[-3.7313561835889302,40.468364182850145],[-3.7195610061445867,40.468438215336107],[-3.7077657852880002,40.468511044301948],[-3.7078603782645372,40.47751941962288],[-3.7078995912139217,40.481252590953623],[-3.7079022031393678,40.481501227919402],[-3.7079550139637152,40.48652778067521],[-3.7080496924072954,40.495536127458173],[-3.7081010657453972,40.500422425925407],[-3.708106251132655,40.500915559572803],[-3.7081258987570753,40.502783950240563],[-3.7081420995595034,40.504324433301612],[-3.7081444136170547,40.504544459970951],[-3.7081480172774364,40.504887100614319],[-3.7081563638072375,40.505680676673343],[-3.7081709014997082,40.507062823933872],[-3.7081770870588588,40.507650876676692],[-3.7081817028928157,40.508089686433294],[-3.7082062088732024,40.510419214432801],[-3.7082110397860646,40.510878406726029],[-3.7082391776147858,40.513552778212777],[-3.7083339844222984,40.522561082182868],[-3.7083619688905141,40.525219315551787],[-3.7084288340614195,40.531569371880479],[-3.7084748297174879,40.535936313015362],[-3.708523726553989,40.540577647304801],[-3.7085283373850801,40.541015255858738],[-3.7085837944667492,40.546277867373576],[-3.7086186619218684,40.549585908455086],[-3.7086605557046193,40.553559842389951],[-3.7086681156593269,40.554276875148737],[-3.7086775404561654,40.555170744809175],[-3.7087136401869314,40.558594155330546],[-3.7113877820086132,40.55857771958577],[-3.7115576845745517,40.558576673243302],[-3.7122580933991225,40.558572357147341],[-3.7124898952558141,40.558570927790484],[-3.7142411547637586,40.558560113989529],[-3.7205246541511925,40.558521095671324],[-3.730306151855983,40.558459675860426],[-3.7323356244813977,40.558446828680239],[-3.7441465504625833,40.558371354370344],[-3.7559574313798012,40.558294672754961],[-3.7572411670899895,40.558286265397967],[-3.7576830497405904,40.558283368148857],[-3.7677682665181211,40.558216783847591],[-3.7731340799261126,40.55818099898562],[-3.7754830485036899,40.558165255164965],[-3.7785389350587617,40.558144701778062],[-3.7795790551626265,40.558137687661898],[-3.7854851789238042,40.558097681764366],[-3.7862707279375027,40.558092337992896],[-3.7863629038813502,40.55809171060713],[-3.7877468593260941,40.558082282018802],[-3.791389796598426,40.558057384211821],[-3.7957377775136423,40.558027517365204],[-3.8032004901106391,40.557975873511502],[-3.8047788417624329,40.557964889152743],[-3.8108700544071126,40.55792229583799],[-3.8150111349844065,40.557893155575293],[-3.8163676871484959,40.55788357740736],[-3.8199692693262319,40.557858070527558],[-3.8202101487208884,40.557856360581596],[-3.8268217305049141,40.557809230417732],[-3.8267974014852602,40.555831683631588],[-3.8267109280633123,40.548801231682837],[-3.826706013448764,40.54840158955691],[-3.8266849390748257,40.54668779177657],[-3.8266001756753592,40.539793219508226],[-3.8264894732823187,40.530785191192372],[-3.8264114678091503,40.524435309649135],[-3.8263788208919109,40.521777149438421],[-3.826268218467586,40.512769093346428],[-3.8262041107031775,40.507545942684857],[-3.8262026019317741,40.507422999694334],[-3.8261694287930417,40.504719677744951],[-3.8261576659838812,40.503761022917182],[-3.8261539772401281,40.503460385205457],[-3.8260471634153577,40.494752938151507],[-3.8259367107365914,40.485744839050213],[-3.8259124298347964,40.483764033897707],[-3.8258924957508209,40.4821376890796],[-3.8258865223064125,40.481650312942058],[-3.8258357508870398,40.477507366519276],[-3.8258276419626793,40.476845598548081],[-3.8258263079332195,40.476736726514972],[-3.8258240729573845,40.476554325636435],[-3.8257828188574021,40.473187194888467],[-3.8257782562184905,40.472814760469426],[-3.8257511705946721,40.470603699232932],[-3.8257159549467432,40.467728597844129],[-3.8215272693344309,40.467758445890858]]]},"properties":{"FID":91,"Malla10km_":"30TVK38","Sheet1__Ur":" ","Sheet1__CU":" ","Sheet1__Ob":0}},{"type":"Feature","id":92,"geometry":{"type":"Polygon","coordinates":[[[-3.8197505778916825,40.377681118631152],[-3.8180212187322424,40.377693364882795],[-3.8156507425548507,40.377710109103091],[-3.8146191097451951,40.377717381021988],[-3.8128360760862758,40.377729927819438],[-3.8120048381493268,40.377735767652553],[-3.8118894799238463,40.377736577625562],[-3.8112678001257643,40.377740940689172],[-3.8096490044854501,40.377752286012502],[-3.8087446768486886,40.377758614122712],[-3.8081150981843508,40.377763015477463],[-3.8010569425543039,40.377812124072882],[-3.8001628935621272,40.377818313862207],[-3.7996872795853602,40.377821603874125],[-3.7983089032035529,40.37783112760382],[-3.7892777608765291,40.377893120702957],[-3.777498531760572,40.377972917695438],[-3.765719255914076,40.378051515036354],[-3.7539399340446935,40.378128912711922],[-3.7421605668601048,40.378205110708556],[-3.7303811550679988,40.378280109012913],[-3.7193059112825475,40.378349529430771],[-3.7189495850488656,40.378351745295369],[-3.7186016993760864,40.378353907611846],[-3.7068222004920912,40.378426506492424],[-3.7069163674354981,40.387435024456074],[-3.7069997763255227,40.395410963218914],[-3.7070014380714555,40.395569834461106],[-3.7070051846832319,40.395928024674873],[-3.70700765927534,40.396164601474659],[-3.7070105768848292,40.396443528159061],[-3.7071048288711084,40.40545201850135],[-3.7071991233876727,40.414460492779661],[-3.7072934604844341,40.423468953695725],[-3.7073878401736096,40.432477400347913],[-3.707482262476868,40.441485832735403],[-3.7075767274158857,40.450494250857425],[-3.7076712350123602,40.459502654713219],[-3.7077657852880002,40.468511044301948],[-3.7195610061445867,40.468438215336107],[-3.7313561835889302,40.468364182850145],[-3.7354782728964673,40.468338026681813],[-3.7431513169097013,40.468288946857101],[-3.7493768252865238,40.468248751709858],[-3.7496243647826577,40.468247146532931],[-3.750023973079653,40.46824455414265],[-3.7534784390863565,40.468222086287959],[-3.7541150327851343,40.468217934613989],[-3.7549464053955801,40.468212507370183],[-3.7606228721573451,40.468175291279003],[-3.7634178462901997,40.468156864414262],[-3.7667414483352735,40.468134864402835],[-3.7785364450174974,40.468056017968685],[-3.7902435397967258,40.467976568784607],[-3.790331394730992,40.467975968081554],[-3.7913073802446826,40.467969290344925],[-3.8021262967645071,40.467894714755531],[-3.8128091751660618,40.467820083116287],[-3.8138259578155651,40.467812928306039],[-3.81392115040682,40.467812258004905],[-3.8184957825753489,40.467779953188547],[-3.8191132129446301,40.467775579192832],[-3.8215272693344309,40.467758445890858],[-3.8257159549467432,40.467728597844129],[-3.8256867064385336,40.465340353880727],[-3.8256788036840765,40.464695016844772],[-3.8256728001699702,40.464204757319806],[-3.8256061210630192,40.458758788981228],[-3.8256056517849117,40.458720455740945],[-3.8254953984113405,40.449712299305453],[-3.8254816018912234,40.448584779219821],[-3.8254583379269547,40.446683387804399],[-3.8254568203227701,40.446559345895494],[-3.8254499175460159,40.445995135257888],[-3.8254378452150344,40.445008343499183],[-3.8254227331230806,40.443773012799838],[-3.8254061231402892,40.442415149194503],[-3.8253997511049409,40.441894211649164],[-3.8253851947896842,40.440704127637659],[-3.8253441357743565,40.437346872438141],[-3.825329872729069,40.436180499364781],[-3.8252906370232616,40.432971612021674],[-3.8252863003148794,40.432616903081836],[-3.8252792092535364,40.432036895909526],[-3.825275040927691,40.431695943440801],[-3.8252712366142974,40.431384760640022],[-3.8252699337088352,40.431278185290317],[-3.8252441958793573,40.429172759521919],[-3.8252433958954164,40.429107315046913],[-3.8252163810513102,40.426897178871521],[-3.8251649367670142,40.422687744013274],[-3.8251046341321358,40.417752338931408],[-3.8250958340010848,40.417031999133791],[-3.825054882293403,40.413679530256744],[-3.8250464950995142,40.412992851641746],[-3.8250254571925453,40.411270326084995],[-3.8249951635659776,40.408789705737199],[-3.8249836079070656,40.4078433788833],[-3.8249638318928048,40.406223758509924],[-3.8249448774816068,40.404671302172012],[-3.82483492230639,40.395663059759926],[-3.8247250167425419,40.386654803021322],[-3.824709259618464,40.385362957817826],[-3.8246995423863095,40.384566250327609],[-3.8246151607648655,40.377646531957012],[-3.8197505778916825,40.377681118631152]]]},"properties":{"FID":92,"Malla10km_":"30TVK37","Sheet1__Ur":" ","Sheet1__CU":" ","Sheet1__Ob":0}},{"type":"Feature","id":93,"geometry":{"type":"MultiPolygon","coordinates":[[[[-4.546827841280316,40.280153184936097],[-4.5434846262017299,40.28019783985043],[-4.5416522837904747,40.280222273219515],[-4.5409690345256113,40.28023137657496],[-4.5301866534590642,40.280374502420152],[-4.5292098943571437,40.280387418305629],[-4.529314268037167,40.285018327277939],[-4.52938828221217,40.288301576127829],[-4.5294129014804705,40.289393560193844],[-4.5294714917312815,40.291992081300599],[-4.529478428086172,40.292299691327493],[-4.5294866992358003,40.292666489954115],[-4.5313861459265476,40.290730393659068],[-4.5317242268602387,40.290385775199184],[-4.5325258470016996,40.290056244807275],[-4.5326140021002246,40.290020005540462],[-4.5332879640406896,40.289742944774687],[-4.5342927783059066,40.289329861760216],[-4.5363139580143574,40.288502461298165],[-4.5384943205361301,40.287575262105122],[-4.5387091907184036,40.287507356920671],[-4.5392390390404165,40.287339906785313],[-4.5421546501555943,40.286418415838341],[-4.5423483826318707,40.286363326879673],[-4.5428029819813203,40.286234058439526],[-4.5430012319977928,40.286177683842482],[-4.5433665658899711,40.286032060980922],[-4.5443576880052214,40.285116957346183],[-4.5449179233253947,40.284526127062392],[-4.5462569917409335,40.282868026028417],[-4.5471430058023987,40.281469809161621],[-4.5471107457827173,40.281186924080181],[-4.5470603974123813,40.280745397741612],[-4.5470474036917565,40.280631454093538],[-4.5498911142946872,40.280114994170496],[-4.5498960022409181,40.280112118832164],[-4.546827841280316,40.280153184936097]]],[[[-4.5306328684676584,40.343430098305433],[-4.5306387718784666,40.343691224228273],[-4.5315155911376008,40.343347181818963],[-4.5321358682235635,40.343051566836692],[-4.5352099886721939,40.341586401078587],[-4.536162956742575,40.341366610829361],[-4.539350257135994,40.340631431551692],[-4.5394620630871243,40.340605640353111],[-4.5410305349323625,40.340947938053006],[-4.5443390344385133,40.341669890680834],[-4.5468628345611117,40.34221472959112],[-4.5484193316749071,40.340622746584138],[-4.5478030914396594,40.339815463561372],[-4.5468848737431697,40.338612543357755],[-4.5465156391600914,40.338013854971308],[-4.5458993163700603,40.337014503223742],[-4.5445001505756952,40.334745670758522],[-4.5435502917078772,40.332252482643597],[-4.5433008245369084,40.330635125535849],[-4.5442383559042785,40.330310367469103],[-4.5446303622014197,40.33017457495513],[-4.5442552571861627,40.330191042517669],[-4.5432385734091429,40.330235669550682],[-4.5429474878857281,40.329984757154499],[-4.5417540462897366,40.328955991384824],[-4.5417061336721671,40.328914689853846],[-4.540375907549989,40.327767960515871],[-4.5403521894384902,40.326967910572151],[-4.5403516338595704,40.326949170748527],[-4.540326717861908,40.326108614350233],[-4.5403030028839764,40.325308623592768],[-4.5396357623823889,40.322889744215566],[-4.540050316453053,40.321446124230278],[-4.5401873758362656,40.320968820953738],[-4.5395056273791967,40.319110729789621],[-4.5391669813901956,40.318187712964658],[-4.5388412093725696,40.31729976508943],[-4.538283889459775,40.315780631435516],[-4.5380266736563142,40.313066833907826],[-4.5378144175965023,40.310827186979047],[-4.5376936188212831,40.310535572465696],[-4.5371038530130932,40.309111806878533],[-4.5369302962301008,40.308860800584412],[-4.5361896717372376,40.307789646385856],[-4.5356643584327205,40.305616182401337],[-4.5356098305221444,40.305523115813052],[-4.535321470840354,40.305030944922322],[-4.5350935658232618,40.30464195042174],[-4.5349384707721914,40.304377229493511],[-4.5341401666722199,40.303014611671514],[-4.5338648169138738,40.302544604296237],[-4.5332767666110101,40.301540812859145],[-4.5325437480091111,40.300326866422779],[-4.5319199807806072,40.297926880639196],[-4.5318557007986717,40.297809205782734],[-4.5304480782899548,40.295232191112255],[-4.5297448716162965,40.293980135964816],[-4.5295067617575393,40.293556169556609],[-4.5295182527239479,40.294065722601033],[-4.529616000157259,40.298399687168924],[-4.5297095648864509,40.302547313369821],[-4.5297601679366544,40.304790133303406],[-4.5297725590417457,40.305339291266598],[-4.5298149552404645,40.307218122058032],[-4.529819190433896,40.307405799229677],[-4.5299215661109349,40.311941907758964],[-4.5299366485652177,40.312610100688048],[-4.5299572811621553,40.313524143389749],[-4.5299603720696666,40.313661069771378],[-4.5299614796803462,40.313710136401014],[-4.5299958837677989,40.315234160968721],[-4.5299983905950301,40.315345203278135],[-4.5300115743857372,40.315929181695722],[-4.5300224723567775,40.316411896374895],[-4.530026058815884,40.316570752416744],[-4.5300457919374262,40.317444774435003],[-4.5300508440404847,40.317668536676521],[-4.5300620109868044,40.31816312196176],[-4.5300649769060097,40.318294480784587],[-4.5301013797299428,40.319906669878911],[-4.5301078100914074,40.320191440766017],[-4.530111143835124,40.320339075210065],[-4.5301158918212723,40.320549337321268],[-4.5301263928502484,40.321014362067224],[-4.5301441168443342,40.321799222007655],[-4.530147019386213,40.32192775040523],[-4.5302258459927129,40.325417979503989],[-4.5302397698056902,40.326034424692601],[-4.530410872127085,40.333608032286705],[-4.5304175009332548,40.333901389221452],[-4.5304293113271585,40.334424045913984],[-4.530483915245699,40.336840307037264],[-4.530507302757341,40.337875130831847],[-4.530520670008972,40.338466565479628],[-4.5305515417974194,40.339832421954931],[-4.5306328684676584,40.343430098305433]]]]},"properties":{"FID":93,"Malla10km_":"30TUK66","Sheet1__Ur":" ","Sheet1__CU":" ","Sheet1__Ob":0}},{"type":"Feature","id":94,"geometry":{"type":"Polygon","coordinates":[[[-3.7059465811405814,40.294464157044935],[-3.7059766072121634,40.297349203218992],[-3.7060703925715508,40.306357849493111],[-3.706138218942868,40.312870439331462],[-3.7061578259293606,40.314752676737484],[-3.7061592586861511,40.314890211976973],[-3.7061642202431959,40.315366481513713],[-3.7062580902485514,40.324375099280047],[-3.7062719385756666,40.325703765328655],[-3.7062749714339702,40.325994738516002],[-3.706293307362583,40.327753801500876],[-3.7062986110600256,40.328262584363934],[-3.7063339613794071,40.331653402692112],[-3.7063520026090893,40.333383702791231],[-3.7063770246656844,40.33578327173128],[-3.7064459573462951,40.342392292046519],[-3.7065399544816708,40.351400867045065],[-3.706633994036737,40.360409427786109],[-3.7066685209119683,40.363715921599585],[-3.7066713168868382,40.363983656318155],[-3.7066733930256697,40.364182459223912],[-3.7067280760330288,40.369417974268835],[-3.7068222004920912,40.378426506492424],[-3.7186016993760864,40.378353907611846],[-3.7189495850488656,40.378351745295369],[-3.7193059112825475,40.378349529430771],[-3.7303811550679988,40.378280109012913],[-3.7421605668601048,40.378205110708556],[-3.7539399340446935,40.378128912711922],[-3.765719255914076,40.378051515036354],[-3.777498531760572,40.377972917695438],[-3.7892777608765291,40.377893120702957],[-3.7983089032035529,40.37783112760382],[-3.7996872795853602,40.377821603874125],[-3.8001628935621272,40.377818313862207],[-3.8010569425543039,40.377812124072882],[-3.8081150981843508,40.377763015477463],[-3.8087446768486886,40.377758614122712],[-3.8096490044854501,40.377752286012502],[-3.8112678001257643,40.377740940689172],[-3.8118894799238463,40.377736577625562],[-3.8120048381493268,40.377735767652553],[-3.8128360760862758,40.377729927819438],[-3.8146191097451951,40.377717381021988],[-3.8156507425548507,40.377710109103091],[-3.8180212187322424,40.377693364882795],[-3.8197505778916825,40.377681118631152],[-3.8246151607648655,40.377646531957012],[-3.8245053543372061,40.368638245667029],[-3.8243955974673427,40.359629946854653],[-3.8243631110615435,40.356962841495623],[-3.8243610833907495,40.356796359650765],[-3.8243430758982249,40.355317793935001],[-3.8243365493379904,40.354781881633919],[-3.8243304593583405,40.354281805044877],[-3.8243269652655902,40.35399488314318],[-3.8242858900972005,40.35062163281831],[-3.8241762322126385,40.341613304459592],[-3.8241383457644704,40.338500007639574],[-3.8240666237885517,40.332604961779353],[-3.8239570647998633,40.32359660477848],[-3.8238475552215041,40.314588233457741],[-3.8237380950284323,40.305579847818045],[-3.8237228035022701,40.304321056845495],[-3.8237165986349684,40.303810252488226],[-3.823682430140904,40.300997158785066],[-3.8236581205732825,40.298995508854077],[-3.8236516148230675,40.298459791198177],[-3.8236459423111251,40.297992674991811],[-3.8236302514572391,40.296700517980341],[-3.8236286841956195,40.29657144786021],[-3.8235193227089934,40.287563034485956],[-3.8169341410351474,40.287609719378715],[-3.8136977838286952,40.287632525782492],[-3.8134155652943451,40.287634510266777],[-3.8117558871328208,40.287646166744359],[-3.7999924029504224,40.287728103184968],[-3.7882288708657983,40.287808843793471],[-3.7823187957348239,40.287848956957511],[-3.7764652915829902,40.287888388555714],[-3.7647016657959091,40.287966736556903],[-3.7603929177794133,40.287995134999974],[-3.7592920073016263,40.288002365229666],[-3.7529379942390912,40.288043890485987],[-3.7427391743809739,40.288109812223361],[-3.7424367455025997,40.288111753295851],[-3.7411742775861767,40.288119847626795],[-3.7392383943903056,40.288132232809545],[-3.7294105165514249,40.288194608866931],[-3.7193312001160908,40.288257713571731],[-3.7176467118389742,40.28826817419332],[-3.7058828641435935,40.288340542692197],[-3.7059465811405814,40.294464157044935]]]},"properties":{"FID":94,"Malla10km_":"30TVK36","Sheet1__Ur":" ","Sheet1__CU":" ","Sheet1__Ob":0}},{"type":"Feature","id":95,"geometry":{"type":"Polygon","coordinates":[[[-4.5288627237141981,40.264976202618151],[-4.5288824035919664,40.26585012912664],[-4.5288879043781733,40.266094396286725],[-4.5289666947626168,40.269592822388582],[-4.5290069787409255,40.271381261505475],[-4.5292072055650756,40.280268106258958],[-4.5292098943571437,40.280387418305629],[-4.5301866534590642,40.280374502420152],[-4.5409690345256113,40.28023137657496],[-4.5416522837904747,40.280222273219515],[-4.5434846262017299,40.28019783985043],[-4.546827841280316,40.280153184936097],[-4.5498960022409181,40.280112118832164],[-4.5520377554684677,40.278852187894898],[-4.5542557800699868,40.277547298171179],[-4.5553027968830468,40.276917823163046],[-4.5553428615694189,40.27689373455749],[-4.5554139446765394,40.276850997742109],[-4.5553970981604976,40.276844440607277],[-4.5541585462635936,40.276362379875721],[-4.5541523663444812,40.27596637297237],[-4.554131202500395,40.274610248487861],[-4.5542605419077642,40.273856738944843],[-4.554390080413377,40.272084215688359],[-4.554433654757899,40.271487967468254],[-4.5545565750089514,40.269805912508545],[-4.5546811265226825,40.269535685575384],[-4.554690151432081,40.269516107023058],[-4.5548694632808502,40.269134556973057],[-4.5549432936857261,40.26897745424386],[-4.5551351063335543,40.268569296627057],[-4.5553342775788632,40.268145478794047],[-4.5556006193404617,40.267531691771126],[-4.555822148148799,40.266908758299792],[-4.5560491275648127,40.266261970434016],[-4.5560918436475486,40.266140243293563],[-4.5562031995077685,40.265801825873538],[-4.5565977435273108,40.264602744723589],[-4.5566579693169791,40.264461474027122],[-4.5567065888739204,40.264347431019061],[-4.5569227434310102,40.264325006495248],[-4.5570357280340099,40.264250258535348],[-4.5572563462693685,40.264144775810415],[-4.5574029688353299,40.264147681319699],[-4.5575022116328752,40.264184039183853],[-4.5575443556386617,40.264199478715042],[-4.5577410457813663,40.26416265463024],[-4.5578728196043956,40.264073015311702],[-4.5579845698742734,40.263944591289984],[-4.5583697868016761,40.263514704949237],[-4.5585936332726611,40.263272489631603],[-4.5589133719547705,40.263043629283224],[-4.5593244138727993,40.262906281667163],[-4.5597487617616927,40.26279316805595],[-4.5599901562910805,40.262760628360404],[-4.5601794634578576,40.26267996720901],[-4.5604036372552441,40.262452393258719],[-4.5604957181699799,40.262299816354385],[-4.5607129618650566,40.262047927635898],[-4.5608507450582465,40.261943556401832],[-4.5610592760031441,40.261867514550381],[-4.5616130379999404,40.261840523665043],[-4.5622817938412012,40.261826614014332],[-4.5626188526806448,40.261797656186161],[-4.56276400890592,40.261737114689588],[-4.5629789156431491,40.261660983265642],[-4.5631125756220134,40.261654298311065],[-4.5633035624718907,40.261646837691785],[-4.5635060599303729,40.261585522237269],[-4.5636876571921494,40.261482952776362],[-4.5637748128787123,40.26135733663061],[-4.5638742633309937,40.261248599844677],[-4.5639927155951918,40.261134717006868],[-4.5641313899465015,40.261069383140793],[-4.5643346731147343,40.261042228836125],[-4.5645430836782017,40.260961304069625],[-4.5646937176439515,40.260861631882484],[-4.5648122793301669,40.260752636725172],[-4.5649253617783954,40.260682767061319],[-4.5650434277402399,40.260661936135541],[-4.5651475630469101,40.260669393907676],[-4.5652693393016257,40.260678114689995],[-4.5653323724962798,40.260672254765545],[-4.5653829816154312,40.260667549376478],[-4.5654537440631762,40.260660972205756],[-4.5657521150824758,40.260613001200845],[-4.5659599634205197,40.260507674763844],[-4.5661664580881851,40.260343787229871],[-4.5662914957451743,40.260239581182908],[-4.5662934876823993,40.260049166893616],[-4.5663544796465132,40.259931190262265],[-4.5665377443648332,40.25986523991142],[-4.5667310521248474,40.259682014082294],[-4.5668933025134066,40.259533359248053],[-4.567019786252887,40.259492592870956],[-4.5671792720015656,40.259500200006514],[-4.5674280277256942,40.259511477621643],[-4.5675742037637903,40.259494848784108],[-4.5677890862961164,40.259418719598095],[-4.5680853217828981,40.259278017472212],[-4.5683624442785149,40.259137573687234],[-4.5686303690491368,40.258875214855969],[-4.5687734996333758,40.258726829238647],[-4.5687464443439803,40.258658856864891],[-4.5685901837334093,40.258514521589824],[-4.5685499434814307,40.258427202173863],[-4.5684925600864004,40.258149728707323],[-4.5685151952838208,40.25810877577014],[-4.5685414908657265,40.258061200355755],[-4.5685376582881663,40.257895268999611],[-4.5685870408950837,40.25782626115533],[-4.5686861426275609,40.257702877497934],[-4.5688098176294387,40.25754010904344],[-4.5689926226502031,40.257454642510417],[-4.5690484243304059,40.257438343708962],[-4.5692204684634303,40.257388093256154],[-4.5696253742839223,40.257272900103864],[-4.5695409908918245,40.257173237792323],[-4.5694454657253099,40.257060415999163],[-4.5691665107877188,40.255543780693351],[-4.5687607487921245,40.253478713510333],[-4.5684487804116802,40.251890902735028],[-4.5682350041256479,40.251220412671501],[-4.5678819543204003,40.25011306958762],[-4.5678811756514479,40.249353748554874],[-4.5678809574248396,40.249141653453577],[-4.5678791739411109,40.247402776507286],[-4.5678279707335188,40.247058471814981],[-4.5674973194045689,40.244834960143415],[-4.567638550010356,40.241587014350593],[-4.56765348627495,40.241243485177471],[-4.5672054396462185,40.239949330669106],[-4.5650187967820024,40.238907600632793],[-4.5626165468395676,40.237319352644832],[-4.561471791421174,40.236505446919594],[-4.5609791498927397,40.236155174017057],[-4.5607460269617714,40.235989421215123],[-4.5605229616175489,40.234078716619614],[-4.5594766766455272,40.23147231935112],[-4.559407906709712,40.231300998121],[-4.5595616619747892,40.230714717953305],[-4.5595712610163286,40.230678117019238],[-4.5596904670926213,40.230223573418925],[-4.5597533844622404,40.229983661118069],[-4.5597814351139982,40.229876698008241],[-4.5598829745265581,40.229349402319862],[-4.5600589796683701,40.228435372753516],[-4.560380515823736,40.22682864117418],[-4.5604067884107229,40.226411661861647],[-4.5605379500541545,40.224578587660005],[-4.5607204730886508,40.223116243259661],[-4.561388262645421,40.222245512554707],[-4.5614269627909216,40.222195051374818],[-4.5618576579172121,40.221703939953287],[-4.5621391118203301,40.221475799599617],[-4.562386933960477,40.221344264571371],[-4.562523956478274,40.22133346146191],[-4.5626671354776125,40.221322173258123],[-4.5628729633447103,40.221182040419563],[-4.5631031924712682,40.221064481830837],[-4.5633403358157958,40.220988018942968],[-4.5634921024317867,40.220834884883239],[-4.5637290045395513,40.22048831618708],[-4.5642289160086476,40.219890967356598],[-4.5646557121047682,40.219491464639056],[-4.5647758282965594,40.219260930780614],[-4.5653065943015756,40.21844797176356],[-4.5655592005966996,40.218290221437393],[-4.565883585813558,40.21808764401176],[-4.5661680539990943,40.21799222710596],[-4.5664064496409136,40.21797069528953],[-4.56688598866356,40.218046604098809],[-4.5681933978810711,40.218024325088109],[-4.5691786956583993,40.21812782319757],[-4.5693129324168966,40.218141923410649],[-4.5700373528657376,40.218219084460785],[-4.5707710330744655,40.218438045872887],[-4.5710895169073842,40.218627823542569],[-4.5713644874734758,40.218791671710825],[-4.5716490092562214,40.218957206590098],[-4.5718780063583635,40.219045662664342],[-4.5720429085695269,40.219203670084106],[-4.5720994952757019,40.219326512342136],[-4.5722410536539613,40.219507720074581],[-4.5725322908109112,40.219705209718605],[-4.5728629005355677,40.219796858573687],[-4.5732744380241854,40.219772956441098],[-4.5739785383103717,40.219745064028665],[-4.5744991356344142,40.219788344366499],[-4.5753285458709847,40.219755309925866],[-4.5756413919174852,40.21966063299741],[-4.5759330266171796,40.219552506439186],[-4.5761516605015409,40.219451097705083],[-4.5764087159718416,40.21939724199715],[-4.5766531194447007,40.219312648606994],[-4.5768390968671602,40.219219687899823],[-4.5769688126804828,40.219082865375405],[-4.5770539085344861,40.218953516466449],[-4.577185055115006,40.218814376033237],[-4.5773067172119157,40.218652480350649],[-4.5773273792379676,40.218610415502859],[-4.5773808564986362,40.218501536686574],[-4.5775647084658706,40.21831703925772],[-4.5780528498670252,40.217926951948769],[-4.5781630619397573,40.217848657226014],[-4.5784832281308008,40.217621214245177],[-4.5785871661203741,40.217546766811232],[-4.5788720347403258,40.217342725565054],[-4.579076385486939,40.217196354554311],[-4.5778031654848377,40.216663339154785],[-4.5758467259450031,40.215844259583207],[-4.57542297252715,40.215666845054734],[-4.5749939669504318,40.215071930997091],[-4.574202174055122,40.213973898615748],[-4.5740430471933324,40.21375322263296],[-4.5740274864176449,40.213731643562618],[-4.5726935527361166,40.212699754267902],[-4.5726625671587424,40.212675784656888],[-4.5726772866119294,40.212562204923415],[-4.5728263158576601,40.211412298836272],[-4.5733385040639751,40.209897151881563],[-4.5735772135836541,40.209190983066762],[-4.5736219958759321,40.209077125018737],[-4.5738265891783856,40.208556956106477],[-4.5740269682698793,40.208554230926786],[-4.5741615844640267,40.208552399034566],[-4.5744336926828,40.208463058815269],[-4.5746320504123377,40.208257933614938],[-4.5747894321312836,40.208037791970888],[-4.5749441101989587,40.20770090717356],[-4.5750369764789474,40.207325932327763],[-4.5750603869342648,40.207219850068952],[-4.5750921219357181,40.207076049532503],[-4.5750893675240167,40.207061829526019],[-4.5750229276572449,40.206718845796459],[-4.5749181740791247,40.206580136046298],[-4.5746544236141613,40.206591507797775],[-4.5738196868675196,40.206501651858346],[-4.5718903428397359,40.206070652825474],[-4.5698719296113053,40.205722193671946],[-4.5689645791811744,40.205645094636274],[-4.5682680395142619,40.205585902922373],[-4.5680572411518447,40.205567988302064],[-4.5680438307971718,40.205566848392557],[-4.5675013353704834,40.205520743918584],[-4.5670300862037019,40.205340274533242],[-4.5664690872664009,40.205231082172332],[-4.5659071966009028,40.205082965315157],[-4.5646498372128343,40.204718479630834],[-4.5629693505842175,40.204056045209143],[-4.5626840507819697,40.204013182993371],[-4.561885848559708,40.203743667099737],[-4.5614981474468381,40.203663261732103],[-4.5609688769524475,40.203608111210741],[-4.5591208721235379,40.203165882141903],[-4.5582806569073808,40.202834626685004],[-4.5575911171839785,40.202875050025476],[-4.5569208032224475,40.202868495744049],[-4.5562125869590391,40.202816249467993],[-4.5561172961433423,40.202809219124923],[-4.55549614143212,40.202731933172785],[-4.5549962184650914,40.202623065793702],[-4.5548226284318813,40.20258526234938],[-4.5543006839683233,40.202405422674587],[-4.5535937018336696,40.202126843073309],[-4.5530245583776914,40.202103331589655],[-4.5510980906620482,40.201778803947846],[-4.550713137621833,40.201672507647814],[-4.5501220955820507,40.201501872930358],[-4.549798228938899,40.201436136098629],[-4.5488026215284343,40.201412477793326],[-4.5487356400906078,40.201406782307771],[-4.5486245921828843,40.201397339537081],[-4.5485021275203268,40.201350039823772],[-4.5481277755649581,40.201205451913872],[-4.5480487029916299,40.201188990829763],[-4.5477993828334187,40.201179274182685],[-4.5476396609717096,40.201173048047977],[-4.54661271835643,40.201110857773848],[-4.5464530965151297,40.20101177717212],[-4.5462001435050761,40.20093924757002],[-4.5460042149119655,40.200918507509662],[-4.54534422860762,40.200806643510283],[-4.5443620527320245,40.200702966412486],[-4.5440487692593683,40.200656540515062],[-4.5437639995235637,40.200747924228331],[-4.5425833852425148,40.200736417695978],[-4.5408449446296952,40.200265710847731],[-4.5407265935232699,40.200233665087495],[-4.539030170350415,40.199750160704831],[-4.5386052593767134,40.199818092710956],[-4.5381148721904614,40.199684464203123],[-4.5370398988321332,40.199648611561784],[-4.536946355663515,40.199645491697574],[-4.5363758163821499,40.199559636040497],[-4.5360495992387495,40.199501676401461],[-4.5353553369329491,40.199331820444378],[-4.5346306723024785,40.200065491304578],[-4.5343498337078962,40.20037827117347],[-4.5343335292371512,40.200396429540611],[-4.5341473328546025,40.200694745269203],[-4.5339364456200091,40.200798754207298],[-4.5337361807162582,40.200710186435757],[-4.5335262184981326,40.200617329719925],[-4.5331218201372456,40.200478264087195],[-4.5330248126209653,40.200444905179737],[-4.5326830845810182,40.200390973021051],[-4.5323420951490059,40.200337156195502],[-4.5313969450351488,40.200173109668711],[-4.5304665238959894,40.200011611050542],[-4.5299708892475223,40.200096021269928],[-4.5297803025005159,40.200199753400135],[-4.5293832091123294,40.200150503599929],[-4.5291363330242209,40.200215192270363],[-4.5290702987377243,40.200232495234665],[-4.5285152163370261,40.200162655023469],[-4.5279502368806499,40.200091567136326],[-4.5274072051236507,40.200234245434501],[-4.5274079270837886,40.200266410707314],[-4.5274236661356815,40.200967615038905],[-4.5275891277405975,40.20833774647091],[-4.527679441860851,40.212359444177245],[-4.5276944284348435,40.213026719391422],[-4.5277204853721607,40.214186847821438],[-4.5277286950311426,40.214552351018874],[-4.5277662454467356,40.216224051982621],[-4.5277914041018601,40.217344007621023],[-4.5278771802203268,40.22116191979498],[-4.5278873882267492,40.221616231456416],[-4.5279937716467682,40.226350253867601],[-4.5280063375284216,40.226909356577067],[-4.5280269179252173,40.227825020894187],[-4.5280532334413488,40.228995791154709],[-4.528055866609642,40.229112936317335],[-4.5280683833570148,40.229669775616557],[-4.528076853074313,40.230046563668559],[-4.528078338879781,40.230112661213667],[-4.528091262574101,40.230687575450212],[-4.5281229069293358,40.232095213549357],[-4.5281644773003551,40.233944240072972],[-4.5281652218240298,40.233977354498293],[-4.5281915050786834,40.235146328203939],[-4.5281962304214289,40.235356485209437],[-4.5282091607986938,40.235931545247034],[-4.5282254543583207,40.236656154357355],[-4.5282295492367535,40.236838258128472],[-4.5282494693036357,40.23772410176403],[-4.5282608981396129,40.238232323307749],[-4.5282815487497876,40.239150589087068],[-4.5282996841671403,40.239956977453666],[-4.5283049135848925,40.24018949659127],[-4.5283172519206687,40.240738093595922],[-4.5283253136263575,40.241096531469495],[-4.528326425968431,40.241145987683637],[-4.5283987804719805,40.24436270164535],[-4.5284118764944434,40.244944864979644],[-4.5284601120978829,40.247088956975297],[-4.5285565732014694,40.251375999307967],[-4.52859513708332,40.25308964420261],[-4.5286014218446073,40.253368903174128],[-4.5286306415666919,40.254667209638612],[-4.5286511633309789,40.255578993129134],[-4.5287040533701859,40.257928708935871],[-4.5287082229156077,40.258113935173697],[-4.5287360186993979,40.259348680042976],[-4.5287633849902456,40.260564271145952],[-4.5287707475141481,40.260891296529039],[-4.5288041545855062,40.262375089794581],[-4.5288627237141981,40.264976202618151]]]},"properties":{"FID":95,"Malla10km_":"30TUK65","Sheet1__Ur":" ","Sheet1__CU":" ","Sheet1__Ob":0}},{"type":"Feature","id":96,"geometry":{"type":"Polygon","coordinates":[[[-3.7058828641435935,40.288340542692197],[-3.7176467118389742,40.28826817419332],[-3.7193312001160908,40.288257713571731],[-3.7294105165514249,40.288194608866931],[-3.7392383943903056,40.288132232809545],[-3.7411742775861767,40.288119847626795],[-3.7424367455025997,40.288111753295851],[-3.7427391743809739,40.288109812223361],[-3.7529379942390912,40.288043890485987],[-3.7592920073016263,40.288002365229666],[-3.7603929177794133,40.287995134999974],[-3.7647016657959091,40.287966736556903],[-3.7764652915829902,40.287888388555714],[-3.7823187957348239,40.287848956957511],[-3.7882288708657983,40.287808843793471],[-3.7999924029504224,40.287728103184968],[-3.8117558871328208,40.287646166744359],[-3.8134155652943451,40.287634510266777],[-3.8136977838286952,40.287632525782492],[-3.8169341410351474,40.287609719378715],[-3.8235193227089934,40.287563034485956],[-3.8234100105107602,40.278554604993545],[-3.8233935445265068,40.277197288159236],[-3.8233757266906681,40.275728431816113],[-3.8233520676833943,40.273777876870049],[-3.8233007476087537,40.269546162086371],[-3.8232451773196474,40.264962971466275],[-3.8231994900468145,40.261194097598711],[-3.8231915339670866,40.260537704864483],[-3.8231098110580306,40.253794145749922],[-3.8230994849005868,40.252941895876404],[-3.8230983659081264,40.252849539759147],[-3.8230946672412518,40.252544266993894],[-3.8230833191604159,40.251607613819381],[-3.8230823695608258,40.251529233328704],[-3.8230392718788022,40.24797160127553],[-3.8230378355948309,40.247853027806194],[-3.8230197412836633,40.246359178279668],[-3.8229732543650545,40.24252074747988],[-3.8228641883548788,40.233512247318842],[-3.8227551715054182,40.224503732846514],[-3.8226581638306074,40.216484158027264],[-3.8226462037918156,40.215495204063693],[-3.8225868454430505,40.210586242736973],[-3.8225799109478391,40.210012678008731],[-3.8225710216583932,40.209277404527306],[-3.8225372851892279,40.206486660971272],[-3.8224975071315832,40.203195643480441],[-3.8224960434844664,40.203074539001676],[-3.8224284156837185,40.197478104470932],[-3.8158519549584167,40.197524641718303],[-3.8106805588091714,40.19756097381557],[-3.8075072156159053,40.197583154025018],[-3.7989326535737216,40.197642651123687],[-3.7974317641231452,40.197653000158304],[-3.7941889630193959,40.19767529368967],[-3.7939516190973874,40.197676921807869],[-3.7914907109424001,40.197693774320427],[-3.7892268261043558,40.197709231394249],[-3.7871847006778139,40.197723136381015],[-3.7754367008219396,40.197802429573493],[-3.7636886547066122,40.197880530687286],[-3.7519405630323535,40.197957439708752],[-3.7499178242666296,40.197970561267297],[-3.7495986405680379,40.197972628591188],[-3.7401924264997133,40.198033156624454],[-3.7284442458092468,40.198107681421156],[-3.716696021661535,40.198181014085868],[-3.7049477547478391,40.198253153704897],[-3.7050410760838366,40.207261956713864],[-3.7051344394971437,40.216270745478297],[-3.7052278450090395,40.225279519997386],[-3.7053212926408183,40.234288280270285],[-3.7053474734938958,40.236811498221485],[-3.7053502378118113,40.23707789473589],[-3.705352865682177,40.237331138534891],[-3.7054147824137926,40.24329702629619],[-3.7055083143492888,40.252305758074286],[-3.705582459198153,40.259444285056063],[-3.70560188847801,40.261314476504623],[-3.7056783649554621,40.26867411633426],[-3.7056955047932365,40.270323178883764],[-3.705719199434216,40.272602668935683],[-3.7057226316189515,40.272932832966276],[-3.7057261029257393,40.273266754829876],[-3.7057891633444209,40.279331867913513],[-3.7058026925049501,40.280632853695316],[-3.7058058001852392,40.280931681209225],[-3.7058828641435935,40.288340542692197]]]},"properties":{"FID":96,"Malla10km_":"30TVK35","Sheet1__Ur":" ","Sheet1__CU":" ","Sheet1__Ob":0}},{"type":"Feature","id":97,"geometry":{"type":"Polygon","coordinates":[[[-3.7047612382227335,40.180235504956627],[-3.7048544754678869,40.189244336452205],[-3.7049477547478391,40.198253153704897],[-3.716696021661535,40.198181014085868],[-3.7284442458092468,40.198107681421156],[-3.7401924264997133,40.198033156624454],[-3.7495986405680379,40.197972628591188],[-3.7499178242666296,40.197970561267297],[-3.7519405630323535,40.197957439708752],[-3.7636886547066122,40.197880530687286],[-3.7754367008219396,40.197802429573493],[-3.7871847006778139,40.197723136381015],[-3.7892268261043558,40.197709231394249],[-3.7914907109424001,40.197693774320427],[-3.7939516190973874,40.197676921807869],[-3.7941889630193959,40.19767529368967],[-3.7974317641231452,40.197653000158304],[-3.7989326535737216,40.197642651123687],[-3.8075072156159053,40.197583154025018],[-3.8106805588091714,40.19756097381557],[-3.8158519549584167,40.197524641718303],[-3.8224284156837185,40.197478104470932],[-3.8223195952178313,40.18846953186101],[-3.8222108237994292,40.179460945844902],[-3.8221021013819971,40.170452344621737],[-3.8220845655468412,40.168998965982539],[-3.8220820629687036,40.168791542429126],[-3.8218373399599823,40.168931243509832],[-3.821435006306912,40.169084283352902],[-3.8207725320844181,40.169449626352616],[-3.8201439654453337,40.169916255684825],[-3.8186272791031941,40.170850443181727],[-3.8180778522189693,40.171161547530325],[-3.8178408997395321,40.171222744782781],[-3.8177056648451435,40.171227612781095],[-3.8176767828239337,40.171226894206782],[-3.8174605218278796,40.171221509376615],[-3.8170497036000901,40.171215651312544],[-3.8169403178698316,40.17120200550653],[-3.8169003459690178,40.17117035560522],[-3.8168478414037033,40.171128781989786],[-3.8166303067006653,40.170910493111002],[-3.8165435839939739,40.170828213974374],[-3.8164170688024504,40.170757033847785],[-3.8162168423717024,40.170708885909292],[-3.8160238421395061,40.170676009846723],[-3.8159397424656092,40.170616246028338],[-3.8157887121407157,40.170458738005067],[-3.8156549727375317,40.170372295594923],[-3.8155259924205778,40.170310285826986],[-3.8153502234054764,40.170225781075857],[-3.8147833165814533,40.169959489734396],[-3.8146765578678816,40.169911248883295],[-3.8142944780789798,40.169738597996776],[-3.813919632595423,40.169622313543869],[-3.8135124419464832,40.169532891395143],[-3.8132659158069253,40.169478752571358],[-3.8130201730750564,40.169421733726011],[-3.812866911151688,40.16938735254454],[-3.8127332603242823,40.169337582408325],[-3.8124051850922807,40.16922629825676],[-3.8122927338424275,40.169215332727319],[-3.8121446480615551,40.169212459730687],[-3.811986572150341,40.169229235805211],[-3.8118435372543593,40.169222405214256],[-3.8116083336117139,40.169192722317597],[-3.8113330948549455,40.169229896159422],[-3.8110816663407907,40.16927463530115],[-3.8109074265119274,40.169283791284684],[-3.8107892547952735,40.169275777095052],[-3.8106127660854097,40.169191856205131],[-3.8103644083177128,40.169003065226534],[-3.8101919284890293,40.169222212994384],[-3.8092423959183734,40.170745217079947],[-3.8087745009245633,40.171892671938011],[-3.8084053046012842,40.172906549032248],[-3.8078727270690829,40.174065673626018],[-3.8071952143799415,40.175922967124542],[-3.8067505752796684,40.177222308369544],[-3.8061744014213148,40.177166861012083],[-3.8046025528191199,40.176840838027367],[-3.8000378700715016,40.175399430544772],[-3.7990729672999239,40.174740138072686],[-3.7990066217219618,40.174694805792306],[-3.7991776903781393,40.174529743487945],[-3.7995257491684602,40.17419390221086],[-3.7986320899440673,40.173601849991584],[-3.7962267626797019,40.171690404362671],[-3.795706872857556,40.170717360078555],[-3.7936236583979328,40.169322585653006],[-3.7925144523018077,40.168162569936051],[-3.7902360820172674,40.166737533638937],[-3.7889622073253713,40.165952487945638],[-3.788822317809668,40.165848641989058],[-3.7863653784451503,40.163961846400731],[-3.7845540105998592,40.162812905440099],[-3.7840525835078735,40.162353655606587],[-3.7832426247729853,40.161611809157009],[-3.7829595652420731,40.160992972731826],[-3.7826445821106058,40.16045084121545],[-3.7823917585497528,40.160015687237191],[-3.7820860176934432,40.15969594660168],[-3.7812995577756174,40.158873455275753],[-3.7802911403145765,40.157457660124145],[-3.7791043293405004,40.156250271942326],[-3.7789514144748719,40.156226974450213],[-3.7790062714770825,40.15583207038091],[-3.7791022393347968,40.155141225750278],[-3.7791016469479248,40.155051892338456],[-3.7790987491707098,40.15461484148156],[-3.7790683033420764,40.154184222181442],[-3.779108475996563,40.15390194890508],[-3.7791535663784526,40.153472524967526],[-3.7791631492219455,40.153381263515293],[-3.7791127894690408,40.152715161923417],[-3.7789767393004272,40.151759922509207],[-3.7788593857607475,40.150220997565391],[-3.778580349273247,40.148995938788019],[-3.7785406271701003,40.148887211608304],[-3.7782905868134997,40.148202805568239],[-3.7778713026811688,40.147277030911987],[-3.7776425812274503,40.146368615452005],[-3.775917622688413,40.144375581501244],[-3.7731944347572162,40.142548637880253],[-3.7716795524840232,40.141777623723598],[-3.7714860890804416,40.140967154830562],[-3.7714327434261423,40.139778257281314],[-3.7704529573675134,40.139399181508672],[-3.7700618687854663,40.139308890133158],[-3.7695762416938901,40.139196771516211],[-3.7690364155379155,40.139072135413791],[-3.767552174751144,40.138658929977382],[-3.7622452177995838,40.137304703937723],[-3.7611609734218434,40.136935101082749],[-3.7606413391050064,40.136757960663381],[-3.7582952000526437,40.13593054743172],[-3.7568403438971609,40.135357149667833],[-3.7558596251545882,40.134775233097955],[-3.7548072184610111,40.134328598369223],[-3.7539067043664587,40.13395097144484],[-3.7512398143289785,40.133416014928834],[-3.7489168635948933,40.132770654946263],[-3.7462586595299716,40.132163453266074],[-3.7454662668861425,40.132189024596876],[-3.7448018414357613,40.132210461967482],[-3.7443754319793898,40.132224217758868],[-3.7443258162601611,40.132419425845164],[-3.7441458355673753,40.13312753367876],[-3.7420614684532545,40.134125639063349],[-3.7401724203047841,40.134953984386399],[-3.7397760955868726,40.135210583787192],[-3.7389895941187477,40.135998165706766],[-3.7384256418249677,40.136562878846512],[-3.7368217721222079,40.138079053626363],[-3.7356691056554254,40.139152258045122],[-3.7346272123023359,40.139957333070669],[-3.7330678998408713,40.141242720737658],[-3.7316684095923667,40.14244356709618],[-3.7298864447529674,40.143867443993123],[-3.7282148346610815,40.144869906590522],[-3.7268361302543176,40.145418639565264],[-3.7262391665733245,40.145656227271338],[-3.7246303677269577,40.146502382400186],[-3.723613562655733,40.146934879075339],[-3.723251814144859,40.147136364226249],[-3.7231021440405478,40.147219726442195],[-3.7222164769070609,40.147713007475488],[-3.7220410597573248,40.147683133259314],[-3.7219934232894292,40.147675020871368],[-3.7215962680546433,40.147607380486086],[-3.7212239279420731,40.147543966372801],[-3.721042680298436,40.147513096275084],[-3.7207106586615217,40.147404381281035],[-3.7197240753928535,40.147081330337905],[-3.7181106808230582,40.146355574079067],[-3.7168047940043043,40.145537500132356],[-3.7158628763754953,40.145054107295437],[-3.7150854751587743,40.144496661117401],[-3.7143652088828523,40.143980171846778],[-3.7139631924262027,40.14369188719278],[-3.7123203790864103,40.142766466773573],[-3.7121469532552744,40.142668770854108],[-3.7127971804450137,40.141844006372061],[-3.7129128044951565,40.141697343993059],[-3.7121665839599669,40.141496722697305],[-3.7120126837251193,40.14145534534277],[-3.7101979201527029,40.140967415834012],[-3.7090878814559072,40.140657706053396],[-3.7088788979242531,40.140542327408362],[-3.7088530256342289,40.140528043613763],[-3.7058906633865978,40.138892445534985],[-3.7045539198275801,40.1374437540277],[-3.7043182310147063,40.137375207761735],[-3.7043200759673782,40.137553895573156],[-3.7043887091563836,40.144200035661029],[-3.7044817784838147,40.153208925020785],[-3.7045725129078209,40.16198788107522],[-3.7045748897519046,40.162217799240089],[-3.7045750925991436,40.162237421045759],[-3.7045796414362204,40.162677433776736],[-3.7045975291626583,40.164407633934601],[-3.7046680429911452,40.171226659218981],[-3.7047612382227335,40.180235504956627]]]},"properties":{"FID":97,"Malla10km_":"30TVK34","Sheet1__Ur":" ","Sheet1__CU":" ","Sheet1__Ob":0}},{"type":"Feature","id":98,"geometry":{"type":"Polygon","coordinates":[[[-3.7027536049828265,39.98525792315062],[-3.7028129286500642,39.991046754915359],[-3.702904866080321,40.000014734346315],[-3.7029052880448705,40.000055885318915],[-3.7029976890318967,40.009065001497198],[-3.7030726942595575,40.016375035352858],[-3.7030757808044052,40.016675793610993],[-3.7030783957309312,40.016930593015836],[-3.7030816434423537,40.017247046680808],[-3.7034842769889558,40.017068100530388],[-3.7040060502190455,40.016782920577974],[-3.7047447072644584,40.016288826170424],[-3.7052501421111446,40.015901905600316],[-3.7059074003832406,40.015420054906279],[-3.7071767169967647,40.014521139001481],[-3.7074404024104441,40.014334395488717],[-3.7084246290916036,40.013524637425924],[-3.7096847172055654,40.012451153907584],[-3.7105846066454609,40.011576515201604],[-3.7118435589728032,40.010182239396876],[-3.7121708311535917,40.009814811054902],[-3.7125725240599206,40.009363821745907],[-3.7129150243217186,40.008836440924526],[-3.7133194576951332,40.007721122288736],[-3.7133848905275029,40.007540673911414],[-3.713523358397163,40.007207289902567],[-3.7137463407082789,40.006670418101436],[-3.7138122019760575,40.006511844097986],[-3.713936943842481,40.006181936230909],[-3.7143822190626139,40.005004281612585],[-3.7145465315643351,40.004642923188023],[-3.7147567960546906,40.00429302612531],[-3.7150473835862825,40.003893191621067],[-3.7154117918026301,40.003672902264832],[-3.7157646370222532,40.003468006828868],[-3.7170689265165979,40.00264913734955],[-3.7185387574853324,40.002003873170146],[-3.720057577406199,40.001607993648392],[-3.7207516876660764,40.001449090994669],[-3.7213297108718062,40.001279020313007],[-3.7217453839440031,40.001109970535182],[-3.7221055139166164,40.000804504783886],[-3.7224255438000213,40.000362556127719],[-3.722713138626804,39.999778112666512],[-3.7233208847914963,39.998763602942752],[-3.7239427405451573,39.997624143822904],[-3.724131397622112,39.997188951809527],[-3.7242037257959488,39.996718817996644],[-3.7242191095738075,39.995963897922387],[-3.724224082742416,39.99571986481719],[-3.7241959600241756,39.995347877564356],[-3.7241800679685562,39.995137661117774],[-3.7241611847900611,39.994887903629362],[-3.7239309909307887,39.993587307042773],[-3.7236918267369599,39.992899135263912],[-3.7233449599033812,39.992259200880937],[-3.7229759041906276,39.991714525386037],[-3.7220916052210273,39.990685548211879],[-3.7208414989761502,39.98941507254947],[-3.7201627058643125,39.988812864126402],[-3.7193904228651831,39.988139893173212],[-3.7190001209652883,39.987773705838634],[-3.7186868453681634,39.987383245851838],[-3.7185126308869791,39.98698599371501],[-3.7184703783238726,39.986641416634988],[-3.7185129407003163,39.986278489877556],[-3.7186869007381707,39.985914736691463],[-3.7190298141225573,39.985448874319744],[-3.7195650139649139,39.984892621272394],[-3.7204556707600291,39.984148366831072],[-3.7209853756587874,39.984627060537051],[-3.7211650141248014,39.984789397858648],[-3.7214700826775964,39.985065082780991],[-3.7216316590842471,39.985201791978128],[-3.7224267957942652,39.985874546454291],[-3.7224687663216169,39.985917775562932],[-3.72274171401989,39.986198909025411],[-3.7231458366567018,39.986615145573495],[-3.7237490957300672,39.987113577954176],[-3.7253051936874964,39.988399231187721],[-3.7265728753942766,39.98913115912314],[-3.7272915229019925,39.989189174566249],[-3.7282700171797791,39.988839143922512],[-3.7286990251052088,39.988414399249471],[-3.7296829567739067,39.986667937982681],[-3.7297458023428884,39.986209029918491],[-3.7305455906346889,39.986256089268259],[-3.7312362741982432,39.986236102905352],[-3.7323517276851819,39.98603105681827],[-3.7329727384502576,39.985829140498076],[-3.7335012049124696,39.985841421016666],[-3.7336901855502322,39.985777694914717],[-3.7339328425401983,39.985666739472087],[-3.7342896371245282,39.98546127766668],[-3.734895355814428,39.985097917610055],[-3.73510250007809,39.984955717617403],[-3.7352368271299077,39.984863503682661],[-3.7354932990069054,39.984640819997345],[-3.7357265425103394,39.984285033384367],[-3.7358518790354043,39.983971608462575],[-3.7358888260355538,39.983627491773781],[-3.7359035995123264,39.983111570257762],[-3.7358762922607776,39.982460446033407],[-3.7357977746145035,39.982085789629949],[-3.7356651699072767,39.981721911485728],[-3.7351861841650544,39.980635982261738],[-3.7349178023684044,39.980241691608036],[-3.7347016310973302,39.980010967584533],[-3.7346848617074526,39.979993068887204],[-3.7344600813092339,39.979845876575155],[-3.7338903746064602,39.979472811939821],[-3.7338731753083514,39.979461549689866],[-3.7337196708216367,39.979391569171803],[-3.7336009787869462,39.979337460355829],[-3.7335124515174529,39.979297102145495],[-3.7329207225274361,39.978430704142021],[-3.7325134649458054,39.977714254424306],[-3.7321484235558033,39.977143410005581],[-3.7317638837431266,39.976650853000386],[-3.7314696314185807,39.976366143853156],[-3.7324471894029645,39.975948343227024],[-3.7339931571994609,39.975485252057858],[-3.7356298612742891,39.975979851626747],[-3.73573257746984,39.976010890445146],[-3.7360996758543119,39.976414990412181],[-3.7363974986706809,39.976742827871973],[-3.7364384972697251,39.9767879574011],[-3.736740023366707,39.977612243998671],[-3.7372828056457208,39.979096006704893],[-3.7374275486290447,39.979329548141713],[-3.7380599913093682,39.98082611202824],[-3.7393025015771948,39.981735220567153],[-3.7414234618144522,39.982451128594498],[-3.7426096944969065,39.982537325462154],[-3.7429945601094152,39.98249112233259],[-3.7438475832469562,39.982388713048728],[-3.7446659916200979,39.982112084956526],[-3.7451357344017424,39.981880247691649],[-3.7457287935539201,39.981470330481848],[-3.7458281649699519,39.981401645362482],[-3.7462041358706197,39.98109702132983],[-3.7464982182371713,39.98073561821613],[-3.7467444881076983,39.980338037613237],[-3.7467082620655967,39.979499399534205],[-3.7466041808385007,39.979270810076002],[-3.74636955886842,39.97887112364949],[-3.7457788546126571,39.97811419979503],[-3.7447870300379771,39.977213964883219],[-3.744091002955884,39.976108625983727],[-3.7437660929868706,39.974875845354347],[-3.7433907400657249,39.973987267839938],[-3.7421866063765274,39.972233864905121],[-3.7412225742819607,39.970760278081279],[-3.7392445422435965,39.969449470693853],[-3.7380111160846119,39.968733087562761],[-3.7371478960952942,39.968436384337608],[-3.7313306627056346,39.96941015547857],[-3.7308713144352539,39.96994032583013],[-3.7300563498153707,39.970880918144367],[-3.7289882159063845,39.972113657792413],[-3.728877984254205,39.972240872649408],[-3.7286243376574904,39.972218406873104],[-3.7274151315385544,39.972111299691932],[-3.7273502593568124,39.972105554040049],[-3.726661933782248,39.972016095318416],[-3.7254937360712193,39.971697767328983],[-3.7250020846241019,39.971463874325138],[-3.7246667630345049,39.971304351184941],[-3.7245985996087465,39.971255306731265],[-3.72370117766213,39.970609589604251],[-3.7234582247133798,39.970368821256251],[-3.7234506645677485,39.97017609011769],[-3.7234462063745064,39.970062439571016],[-3.7234379257059538,39.969851338489491],[-3.723433952615768,39.969750042644506],[-3.7234320550185829,39.969701666868815],[-3.7234304347551301,39.969660381815928],[-3.7236034668122446,39.969404420328189],[-3.7245906123641825,39.967944119540938],[-3.7249095905644238,39.967551693238811],[-3.7250418403263179,39.967388990173148],[-3.7256174462553782,39.966832276840186],[-3.7258275249416357,39.966629092374362],[-3.7258931467976959,39.966565621480989],[-3.725940157707476,39.966520069422728],[-3.7259962021466588,39.966465764579922],[-3.7263288356646096,39.9661434525865],[-3.7268375002807068,39.965580142987989],[-3.7272013117164966,39.965384501657418],[-3.7274502196712858,39.965250649158492],[-3.7276318278356304,39.96498645859392],[-3.7279349427905291,39.964545500618378],[-3.728691221244921,39.964047888847958],[-3.7291484335521909,39.964052655888842],[-3.72928273810273,39.964054055344874],[-3.7299473608431519,39.964082845028706],[-3.7308814461001685,39.96365813034631],[-3.7315562438607532,39.963436209496678],[-3.7326062324092555,39.963030529374535],[-3.7327790796957387,39.96296051333421],[-3.7330735145504588,39.962841245930399],[-3.7331664717978437,39.962792375795459],[-3.7333307819330197,39.962705991793086],[-3.7335401809601527,39.962595902353378],[-3.7341056817849898,39.962374660046358],[-3.7346003678244766,39.962143963869593],[-3.7348309510065625,39.962056645991801],[-3.735308927468544,39.961875642271792],[-3.736146538973383,39.961652660947166],[-3.7367741936035808,39.961539927747538],[-3.7369079406070864,39.961515905474343],[-3.7382263608486399,39.961369000342252],[-3.7399660285675984,39.961338103333709],[-3.7415525654842967,39.961413717889364],[-3.7435870555035486,39.961697494643943],[-3.7451073129073995,39.961984552017341],[-3.7465770938378498,39.962357651055079],[-3.746972965654833,39.962546641266968],[-3.747490423837037,39.962793674252048],[-3.7477656322993202,39.962978760089719],[-3.7483064311593215,39.963342458011518],[-3.7483115469052009,39.963346881196863],[-3.7497602013740918,39.964599448340621],[-3.7503058389451165,39.96511368222928],[-3.7507622306445101,39.965523403961768],[-3.7518121565337959,39.966465943353938],[-3.7519648591908767,39.966583525254578],[-3.7521615210880896,39.9667349559329],[-3.7525426593478075,39.967028427968984],[-3.7525462183727236,39.96703082847732],[-3.7530608217727921,39.967377938318592],[-3.7535716605632135,39.967615267110233],[-3.754012906062631,39.967820260888878],[-3.7545289790603484,39.967978504647121],[-3.7556812023323518,39.968300785890513],[-3.7562869885877985,39.968432042939156],[-3.7575152822235718,39.968654875689175],[-3.7582715697023104,39.968828015929134],[-3.758583580300082,39.968860907828592],[-3.7588165362699639,39.968885465285872],[-3.7587739129391675,39.968141783535202],[-3.7571173880010726,39.965661143211975],[-3.7563721397052108,39.964571987128643],[-3.7555673798894369,39.963395813295897],[-3.7546523993332968,39.962058490577277],[-3.7541729428247561,39.961432381648407],[-3.7534605533847092,39.960307908145914],[-3.7527149850288888,39.959131019602374],[-3.7525349244586725,39.958981163056251],[-3.7523065573959995,39.958791100272911],[-3.7518271130891985,39.958312124404024],[-3.7514145449620826,39.95789995084656],[-3.7512461175870144,39.957062907654461],[-3.7511491904625931,39.956581194291729],[-3.751146496605211,39.956399822388093],[-3.7511403838591075,39.95598803156598],[-3.7511310849557602,39.955361726955587],[-3.7511227907170217,39.954803048252366],[-3.7511183991912338,39.954507246522176],[-3.7512481412763186,39.953790107400039],[-3.7513916210995757,39.953289698365673],[-3.7514664251529122,39.95302879961789],[-3.7520761056625593,39.95206426628792],[-3.752110821054536,39.952009342937764],[-3.7531373951382903,39.951155585174646],[-3.7543598161095755,39.950450029169879],[-3.7546673968115889,39.950351037442573],[-3.7557227226182297,39.950011381646689],[-3.757702693158314,39.949677274805182],[-3.7586792594946159,39.949512472385678],[-3.7591355264552559,39.949419587239504],[-3.760037133503308,39.949236036530522],[-3.7601650197335101,39.949210000493238],[-3.7602499140873968,39.949157908080338],[-3.761427035101728,39.948435593108378],[-3.7622624568157614,39.948014451241718],[-3.7626663973079721,39.947810816946316],[-3.7641424132739814,39.947365094326784],[-3.7656458917185596,39.947205688584397],[-3.766423434879739,39.947262846895363],[-3.7677976821865466,39.947851709349315],[-3.7689630338601057,39.948572745465704],[-3.7694861082587119,39.949030196738491],[-3.7697903325144968,39.949457949637562],[-3.7704904239084933,39.950543321915077],[-3.7707075432853001,39.951139835862293],[-3.7708275501387929,39.951736984281226],[-3.7707400399850357,39.95254713385993],[-3.7707366092640267,39.952578888945645],[-3.7706955853269806,39.952958678619176],[-3.7701653099244616,39.954027304298023],[-3.7691403076170795,39.954935746449898],[-3.7691315091664679,39.954943544182626],[-3.7691109439112984,39.95495051991044],[-3.7677325719473189,39.955418016618808],[-3.7662724189348813,39.955666700213712],[-3.7655627822543347,39.955836903815843],[-3.7647382496893367,39.955893149212535],[-3.7641252806105268,39.956176601873928],[-3.7626538099089242,39.956431825866076],[-3.7610723976243805,39.956696223990086],[-3.7602287503953074,39.957015023456762],[-3.7598026428313309,39.957261739277534],[-3.7579657244858975,39.958325276396806],[-3.7583927775427188,39.959135314792668],[-3.7600399639147311,39.961825482626871],[-3.7618690636338892,39.965030912903657],[-3.7631333317765061,39.967144868212053],[-3.7631335435997122,39.967145700215937],[-3.7631957860187466,39.967390425785588],[-3.7633103828848902,39.967426493017349],[-3.7636023519586077,39.967518388170632],[-3.7637657951770582,39.967282804785889],[-3.7638893247853713,39.967104754437798],[-3.7642551536801121,39.966413105435393],[-3.7643356613537708,39.966189040016843],[-3.7644709424243672,39.965812527545495],[-3.7644756809106892,39.965787597049186],[-3.7648293036618909,39.963927130376959],[-3.7651490366563269,39.963303342652296],[-3.7655809832067511,39.962664405508491],[-3.7657346941108401,39.96250977363713],[-3.7660696081449814,39.962172850654895],[-3.7664504986467051,39.961940746319797],[-3.7665778162728825,39.96186316235768],[-3.7668695734687101,39.96176669453083],[-3.7671505930952849,39.961673775683501],[-3.7673101950580286,39.961660060691102],[-3.7676601692870091,39.961629983747251],[-3.768148614673327,39.961611091008621],[-3.7690851998105308,39.961612714004474],[-3.770103044248859,39.961598121725835],[-3.7706731007313605,39.961594344051441],[-3.7711337318195026,39.961558160112425],[-3.7715306212604593,39.961451906569117],[-3.772105374435347,39.961126439146213],[-3.7724442037245152,39.960751172280766],[-3.7727761177214316,39.960311294962558],[-3.7733994657368122,39.959617787942577],[-3.7735185284340749,39.959498198564248],[-3.7737920305107466,39.95922348771883],[-3.7740646978047963,39.958951980246688],[-3.7741614649207582,39.958855624684482],[-3.7742715231632107,39.958746034182987],[-3.7745462073085867,39.958548915278151],[-3.7746884602696738,39.958446831495422],[-3.7752429098956215,39.958193547504614],[-3.7759445865869168,39.957830381273304],[-3.7769176660137953,39.957463526263119],[-3.7769548698858397,39.957450008299674],[-3.7777084224576849,39.957176213322903],[-3.7784557488246198,39.956969226315941],[-3.7791618158020577,39.956998077318858],[-3.7792323364362979,39.957000958526422],[-3.7793461350963446,39.957016396608729],[-3.7801713119949598,39.9571283373593],[-3.7804783281267116,39.957155440598761],[-3.780822006247504,39.957185777444025],[-3.78131145836036,39.957191492958721],[-3.7819061867355339,39.957085676798066],[-3.7821212695243411,39.9570094172513],[-3.7825603585721179,39.956853733774999],[-3.7827232096708165,39.956783491010107],[-3.7830769622247167,39.9566309026618],[-3.7837005401520289,39.956327595652276],[-3.7844200730470483,39.955977609871745],[-3.7850655050867674,39.955598446152408],[-3.7850935106237205,39.955579333370828],[-3.7851215521671908,39.955560196913339],[-3.7857314955891268,39.955143936240987],[-3.7862060119718723,39.954820092740739],[-3.7863282516196466,39.954736667012675],[-3.7867084055014488,39.954298017187341],[-3.7868048506509742,39.953928859535381],[-3.7867397320047833,39.953703231288749],[-3.7866832535183002,39.953507537736805],[-3.7866642953669221,39.953441849446378],[-3.7864053464252887,39.952881935577814],[-3.7859882772578155,39.952185212876145],[-3.7858671029149185,39.951986274309796],[-3.7857179765503135,39.951741446610427],[-3.7849790177870766,39.951158012886431],[-3.7848978066830363,39.951099832841322],[-3.7847126885602322,39.950967216787426],[-3.784697482496485,39.950956322440014],[-3.7841132693282828,39.950537787548065],[-3.7835738468512532,39.950219641480246],[-3.7829871314324057,39.949823718646734],[-3.7826532652629794,39.949495306928469],[-3.7824011492828142,39.949150131309985],[-3.782245972278194,39.948784480538954],[-3.7821798321094633,39.94842453925304],[-3.7821666624071582,39.948208058421145],[-3.7821498055823808,39.947620650037322],[-3.7822181981996854,39.946961992247743],[-3.7823967374111107,39.946067924322442],[-3.7824877157859502,39.94544563115543],[-3.7826129366702217,39.945133950817599],[-3.7829361358489941,39.944938961063016],[-3.7833465443791114,39.944795637660775],[-3.7836636002997905,39.944704157035446],[-3.7841413708567346,39.944653925383683],[-3.7845891508425646,39.944650895838919],[-3.7852801862945475,39.944560045261426],[-3.785890718151764,39.944548085907016],[-3.7862886003966194,39.944631556275887],[-3.7866175058763223,39.944767496619242],[-3.7868720217320542,39.944872688876181],[-3.788217091109058,39.945503670012727],[-3.7894754100682788,39.946130737540379],[-3.7895119999388704,39.946148970933329],[-3.7898855432237397,39.94632425067141],[-3.7901208587284647,39.946434667864786],[-3.7915246728048491,39.946973645776758],[-3.7917459763260721,39.94702677773035],[-3.7921868994800869,39.94715005323684],[-3.7925117940598554,39.947240887000966],[-3.7927798462387132,39.947317390277846],[-3.7932638557482097,39.947450093025608],[-3.793736193466799,39.947500920242398],[-3.7940374002976709,39.947484561850167],[-3.7940778003185156,39.947482367862222],[-3.7944804825087379,39.947379597330972],[-3.7951111918338891,39.947146726173855],[-3.7957879596863444,39.946866089290431],[-3.7962672746774122,39.946609623770293],[-3.7967012647425609,39.946381403332133],[-3.797315081647318,39.946115901220892],[-3.7979574504159492,39.945889843063824],[-3.7986495881821818,39.945716600427936],[-3.7993905381961017,39.945714205604958],[-3.800007041857357,39.945982951408297],[-3.800285431511782,39.946147684784407],[-3.8004691028938882,39.946256369685607],[-3.8006552978384422,39.946434973091755],[-3.8006941021918283,39.946472195478172],[-3.8009260578739053,39.946694691318164],[-3.8010007626704292,39.94684789558422],[-3.8012246811642703,39.947307098573887],[-3.8013362620186646,39.947691424762375],[-3.8014450621274429,39.948293862195463],[-3.8015670280156502,39.94893342039812],[-3.801633507045763,39.949614486082567],[-3.8016340506395219,39.950202364136842],[-3.8016343828921384,39.950562348051065],[-3.8017210861315252,39.951525637428595],[-3.8016955919143243,39.952049284861822],[-3.8018717849959351,39.952501256112505],[-3.8019941459024,39.952616425134643],[-3.8024162878030552,39.953013751724136],[-3.8029521722621249,39.953342379109657],[-3.8030235605549629,39.953386157478931],[-3.8037292014583453,39.953661472269104],[-3.8046429516923306,39.953911921272727],[-3.806357734242853,39.954078246360964],[-3.8070404149474721,39.954136176336377],[-3.8078141325464028,39.954146456147328],[-3.8086407257419648,39.954091353270748],[-3.8095477164618603,39.95396520278927],[-3.8103297319862048,39.953764231860035],[-3.811047154110891,39.953448382336319],[-3.8122322080433131,39.95280234885805],[-3.8122324732539359,39.952802204646353],[-3.8124074357987232,39.95267258208802],[-3.8124546906337522,39.952637571620926],[-3.8125284062025955,39.952582958835286],[-3.8125591782521253,39.952560162098735],[-3.8126295328350936,39.952508039666824],[-3.8127837197245937,39.952393806610985],[-3.8129306415868607,39.952290114848893],[-3.8129402626023556,39.952283324691301],[-3.8131838674242116,39.952111396477328],[-3.8132677091920351,39.952052223547355],[-3.8133433218804815,39.951998858293187],[-3.813463574491919,39.951885805725382],[-3.8137205628813766,39.951644206729398],[-3.8138434794404179,39.951528649284519],[-3.8139631941704004,39.951367099761391],[-3.8142260269572108,39.951012413671762],[-3.8142755870026752,39.95091845910941],[-3.8146185721767747,39.950268244426987],[-3.814949142835184,39.949819406595843],[-3.8154280007789687,39.949216771367517],[-3.8159002802016797,39.948488846197534],[-3.8161646768518098,39.948166044415515],[-3.81674057175425,39.947462917072784],[-3.8168699170979306,39.947339343785529],[-3.8171966019571961,39.947027232213536],[-3.8172858957136229,39.946972455212382],[-3.8176660950448955,39.946739219058777],[-3.8182531168019831,39.94658822689388],[-3.8188327630041594,39.946515526990673],[-3.8194152612787815,39.946520386166675],[-3.8194141139469471,39.94642422370125],[-3.8194101828901963,39.946094742612139],[-3.8194078826667277,39.945901947111054],[-3.8193998980070063,39.945232690511354],[-3.8192924412641465,39.936223717634938],[-3.8192893685376292,39.935966046128172],[-3.819287012315987,39.935768456754104],[-3.8192608048150558,39.933570601279968],[-3.8192041768481344,39.928820748809549],[-3.8192025533765945,39.928684558245308],[-3.8191850328928005,39.927214732277946],[-3.8136076945698187,39.927254003858231],[-3.8132952312238375,39.927256196061869],[-3.8126345005320865,39.927260828892237],[-3.8115480210898736,39.927268438748357],[-3.8087271548355535,39.927288148959128],[-3.8074834932560346,39.927296816982398],[-3.8072179639628536,39.927298665929669],[-3.8068522861944785,39.927301211240476],[-3.8014271504947166,39.927338837564506],[-3.795781905983485,39.927377720935198],[-3.7957374647949589,39.927378025947128],[-3.7941852960699762,39.927388668214071],[-3.7868055538607597,39.92743898229083],[-3.7846506491954748,39.9274535855252],[-3.784080271765101,39.927457444122282],[-3.7836725548023029,39.9274602006032],[-3.776172491604771,39.927510651024164],[-3.7756785833810267,39.927513956351746],[-3.7741992368397956,39.927523843830009],[-3.7738271566025139,39.927526327724102],[-3.7734342769052556,39.927528949172903],[-3.7731286667586019,39.927530987404097],[-3.7724043285556652,39.927535815075679],[-3.7723785912908778,39.92753598652979],[-3.7697581216733491,39.927553413422849],[-3.7606768652508253,39.927613348144085],[-3.7596600692783602,39.927620014539585],[-3.7581479705209606,39.92762991178531],[-3.7563737959276753,39.927641499269143],[-3.756000384711371,39.927643934632826],[-3.7507015445337148,39.927678363698469],[-3.7503210747691806,39.927680826471097],[-3.7484589481314798,39.929415675522861],[-3.747300676603269,39.93143720714103],[-3.7472041472985591,39.931605674139178],[-3.7464075644989401,39.932995865633103],[-3.7457775599219318,39.935261822424266],[-3.7456888486015574,39.935580879298875],[-3.7451387801374865,39.938382017425468],[-3.7448593901072957,39.939944226082581],[-3.7438702272780433,39.940801992129181],[-3.7425101550821416,39.941153615830217],[-3.7347512908649194,39.943159215592999],[-3.7337328463615109,39.943466659205335],[-3.7331137244902619,39.943653552397791],[-3.7324953266236394,39.943840161112753],[-3.7313431810174822,39.944187823597559],[-3.731051967500151,39.944277471204927],[-3.7305765177890611,39.944423833399888],[-3.7304052995382846,39.944511241045696],[-3.7291411190850772,39.945156595057064],[-3.7273958306274029,39.946059312068279],[-3.7257288007146769,39.94680428364461],[-3.7239461074582811,39.94760412474136],[-3.7217904378784641,39.948568471936383],[-3.7206089788952279,39.949176221052845],[-3.7194058329198754,39.949797835280734],[-3.716894886219956,39.950818901892596],[-3.716016971892258,39.951431133536204],[-3.7147304742403411,39.952328267336732],[-3.7132692196791686,39.95340367317548],[-3.7111052063862986,39.954708981183373],[-3.7088804032439238,39.953540547323385],[-3.7066305368303145,39.951637016193594],[-3.7063170156087328,39.951371483874759],[-3.7056825287944544,39.950834110974753],[-3.7051126240749439,39.950446117274332],[-3.704966096184712,39.950346360378994],[-3.704840861760538,39.950260985855323],[-3.7038654621638796,39.949596031803445],[-3.702382736202765,39.949030233000791],[-3.7023841986592245,39.949173219898036],[-3.7023891461695961,39.949656938944251],[-3.7023972919745245,39.950453330312151],[-3.7024439065752008,39.955010091065368],[-3.7024567204835868,39.956262518666783],[-3.7024758995514326,39.958136928132305],[-3.7025029320774245,39.960778573016292],[-3.7025360998100085,39.964019278361519],[-3.7025898345904444,39.969268402043994],[-3.7026113657768862,39.971371305051107],[-3.7026265512814223,39.972854306116197],[-3.7026283345535123,39.973028451435788],[-3.702653819921474,39.975517057238164],[-3.702708003664863,39.980806982182095],[-3.702720610826574,39.982037610287342],[-3.7027536049828265,39.98525792315062]]]},"properties":{"FID":98,"Malla10km_":"30SVK32","Sheet1__Ur":" ","Sheet1__CU":" ","Sheet1__Ob":0}},{"type":"Feature","id":99,"geometry":{"type":"Polygon","coordinates":[[[-3.818906311212813,39.903817675901415],[-3.8189609695002167,39.908408083129792],[-3.8189703610816932,39.909196716918657],[-3.8190776728364817,39.918205731738588],[-3.8191260273542365,39.922263851245191],[-3.8191850328928005,39.927214732277946],[-3.8239523550063028,39.927180951551556],[-3.8254569298279995,39.927170249599428],[-3.82879451541341,39.927146439848897],[-3.8308865242037737,39.927131466836066],[-3.8425879664990408,39.927047020671253],[-3.8542893590886775,39.926961393798116],[-3.8659907012827825,39.926874586231584],[-3.8747964886231552,39.926808480790797],[-3.8753992001586957,39.926803931751238],[-3.8750965960196893,39.926414926221142],[-3.8747020638962408,39.926013789871419],[-3.8743878029923984,39.925712363858011],[-3.8740667019205821,39.925314634854445],[-3.8733965865803044,39.924544044873613],[-3.8729588333827194,39.924071527596759],[-3.8723249156698532,39.923483150842074],[-3.871484388721028,39.922622579894757],[-3.870884024572856,39.922007880359722],[-3.8692025720497893,39.920247597811461],[-3.8685758752934536,39.919554858946633],[-3.8682737780658329,39.919094342386849],[-3.8679271506712931,39.918458179982345],[-3.8676827375706404,39.917945832067382],[-3.8675209919496423,39.917459624054757],[-3.8674477946259036,39.917036713556193],[-3.8675338619695814,39.916809922265571],[-3.8683753376838887,39.915897244481812],[-3.8688869597874618,39.915458248973025],[-3.8694275729505692,39.915108115918372],[-3.869923968037694,39.914869748283692],[-3.8706226597493596,39.914564680531178],[-3.8713226928211344,39.914324586721833],[-3.8725889128095021,39.913697906849137],[-3.873129956793762,39.913367685561447],[-3.873529280417257,39.913025907717504],[-3.8739805806879706,39.912262988534863],[-3.8744764541030441,39.911602447077058],[-3.8753954525938892,39.910726084181178],[-3.8749025949620992,39.910421804582448],[-3.8746313139847777,39.910254319978435],[-3.8739128290074989,39.909691217076265],[-3.8725205521009913,39.909504376375629],[-3.872953841046713,39.909178078513733],[-3.873143028354856,39.909035606347238],[-3.8735936628063068,39.908696240166755],[-3.8735016624563881,39.908656509162952],[-3.8731405110097668,39.908500543893545],[-3.8724761114970643,39.908213614247579],[-3.8710530253520532,39.907992748685139],[-3.8709631095547348,39.907971006901654],[-3.8706734292580012,39.907900962819149],[-3.8704244784851238,39.907840764481762],[-3.8701131562808735,39.907765485500015],[-3.8696905760483729,39.907663301827476],[-3.8694731197040997,39.907331214611034],[-3.8691926753420982,39.906902932481557],[-3.8688215614977803,39.906336172317175],[-3.8687935103186852,39.906293332036732],[-3.8688138031585577,39.906137369648604],[-3.8688369952809021,39.905959119700242],[-3.8689268112103843,39.905268818612683],[-3.8683488399350083,39.90489383611294],[-3.8670442010745756,39.904310744059018],[-3.8654382175673891,39.903592934501908],[-3.8633049155584556,39.903193947999718],[-3.8628215446138054,39.903103537650608],[-3.8597722643970394,39.902533147606761],[-3.8567136969714397,39.903047693778234],[-3.8525873759015705,39.903119522481127],[-3.8479813363702373,39.90290098921632],[-3.8448791378919571,39.902632594584496],[-3.8400216092275357,39.901548835898687],[-3.837726542304964,39.900886087232522],[-3.83646803104704,39.90051536180313],[-3.8359309042648162,39.900361987180425],[-3.834548641885942,39.899959348011997],[-3.8307668937777901,39.897851337762141],[-3.8297200756138978,39.897269411717524],[-3.8291688303959219,39.896675953792638],[-3.8283258065806325,39.895768349115521],[-3.8266726913572158,39.894003907589166],[-3.8251118628191692,39.892337862326428],[-3.8223022622431091,39.89056845301895],[-3.8197820663441355,39.88920365102193],[-3.819419323286823,39.889007198727022],[-3.8187242662263965,39.888521236542054],[-3.8187251069245822,39.888591903672008],[-3.8187558823798358,39.891178644440657],[-3.8188630976042117,39.900187687819034],[-3.818906311212813,39.903817675901415]]]},"properties":{"FID":99,"Malla10km_":"30SVK21","Sheet1__Ur":" ","Sheet1__CU":" ","Sheet1__Ob":0}},{"type":"Feature","id":100,"geometry":{"type":"Polygon","coordinates":[[[-3.7620242964335122,39.917924778039776],[-3.7593680626368506,39.919072744257178],[-3.7580992840351257,39.92000202975796],[-3.757927916226607,39.920127486913508],[-3.7568709538789031,39.920901260859793],[-3.756624275012507,39.921081842995889],[-3.7565833140058738,39.921111829055249],[-3.7562711729011218,39.921441096287346],[-3.7557078518450164,39.922035317288248],[-3.7554695036860304,39.922286734341746],[-3.7554168410326398,39.922342284006589],[-3.7552726724657424,39.922494356908722],[-3.7541202744147628,39.92410949134733],[-3.7540533152803839,39.924203333939587],[-3.7533376696547416,39.924870169661048],[-3.7503210747691806,39.927680826471097],[-3.7507015445337148,39.927678363698469],[-3.756000384711371,39.927643934632826],[-3.7563737959276753,39.927641499269143],[-3.7581479705209606,39.92762991178531],[-3.7596600692783602,39.927620014539585],[-3.7606768652508253,39.927613348144085],[-3.7697581216733491,39.927553413422849],[-3.7723785912908778,39.92753598652979],[-3.7724043285556652,39.927535815075679],[-3.7731286667586019,39.927530987404097],[-3.7734342769052556,39.927528949172903],[-3.7738271566025139,39.927526327724102],[-3.7741992368397956,39.927523843830009],[-3.7756785833810267,39.927513956351746],[-3.776172491604771,39.927510651024164],[-3.7836725548023029,39.9274602006032],[-3.784080271765101,39.927457444122282],[-3.7846506491954748,39.9274535855252],[-3.7868055538607597,39.92743898229083],[-3.7941852960699762,39.927388668214071],[-3.7957374647949589,39.927378025947128],[-3.795781905983485,39.927377720935198],[-3.8014271504947166,39.927338837564506],[-3.8068522861944785,39.927301211240476],[-3.8072179639628536,39.927298665929669],[-3.8074834932560346,39.927296816982398],[-3.8087271548355535,39.927288148959128],[-3.8115480210898736,39.927268438748357],[-3.8126345005320865,39.927260828892237],[-3.8132952312238375,39.927256196061869],[-3.8136076945698187,39.927254003858231],[-3.8191850328928005,39.927214732277946],[-3.8191260273542365,39.922263851245191],[-3.8190776728364817,39.918205731738588],[-3.8189703610816932,39.909196716918657],[-3.8189609695002167,39.908408083129792],[-3.818906311212813,39.903817675901415],[-3.8188630976042117,39.900187687819034],[-3.8187558823798358,39.891178644440657],[-3.8187251069245822,39.888591903672008],[-3.8187242662263965,39.888521236542054],[-3.8148362750170457,39.885802668708344],[-3.8139529451169194,39.885803161220949],[-3.8135056680927368,39.885803408280879],[-3.8121448107561076,39.885804147942892],[-3.812045736807633,39.88580420116859],[-3.8092683619392442,39.885452769005319],[-3.8088890180548578,39.885400918647079],[-3.8059629396159513,39.885000928979416],[-3.8044552471663615,39.88479479890492],[-3.8045584035537723,39.884930904683316],[-3.8051386625784138,39.885696502144818],[-3.8061029776108035,39.886968778032092],[-3.8064211812661997,39.887388590233698],[-3.8060309118612303,39.887621840241025],[-3.8018138130993924,39.890142072327755],[-3.8006118646414513,39.890834757347903],[-3.7996990029749931,39.891649284802156],[-3.7979625536055437,39.893099404078583],[-3.7967896425298604,39.894078860756338],[-3.7953409142995946,39.895288587156635],[-3.7945221163691807,39.895852189091123],[-3.7919040977166798,39.897654144863601],[-3.7914077343189896,39.89799576874983],[-3.7898447619843574,39.899071456044055],[-3.7897790799782616,39.899116658703505],[-3.7890390031195618,39.899866805818689],[-3.7878800692811927,39.901084306005288],[-3.7847400944239471,39.904407777327627],[-3.7825663170848141,39.906896443971867],[-3.7795289923512669,39.910086046408118],[-3.778797587228361,39.910854063492465],[-3.7747825912419439,39.912554068475991],[-3.7731425567670787,39.913823089251778],[-3.7721018346193103,39.914615435979023],[-3.7713339037202753,39.915318720834357],[-3.7699970942774046,39.914636552105001],[-3.7698432066520602,39.914700028864615],[-3.7620242964335122,39.917924778039776]]]},"properties":{"FID":100,"Malla10km_":"30SVK31","Sheet1__Ur":" ","Sheet1__CU":" ","Sheet1__Ob":0}},{"type":"Feature","id":101,"geometry":{"type":"Polygon","coordinates":[[[-3.6959705217305219,40.468582669734936],[-3.6841752161835153,40.468653091622443],[-3.6723798693583571,40.468722309952099],[-3.670070576154929,40.468735720606809],[-3.6696162479777379,40.468738353574523],[-3.6605844819664499,40.468790324711769],[-3.6487890547192006,40.468857135889486],[-3.6369935883280426,40.468922743473513],[-3.6287456708108348,40.468967904051517],[-3.6281834736977099,40.468970960873499],[-3.6262509289575937,40.468981447799436],[-3.6251980835044089,40.46898714745236],[-3.624613957401877,40.468990305523484],[-3.6134025409597386,40.469050347814658],[-3.6018651986624568,40.469111000161519],[-3.6016069614055515,40.46911234454933],[-3.6011035822666249,40.469114963491648],[-3.5898113455533012,40.469173137645491],[-3.5898901763564934,40.47818172244439],[-3.5899313858414112,40.482889413912851],[-3.5899348734009515,40.483287774776592],[-3.5899690427643698,40.487190293029997],[-3.5900479447950677,40.496198849401573],[-3.5901159187899294,40.503956436565133],[-3.5901268824588395,40.505207390657496],[-3.5901695194105172,40.510071516492772],[-3.5902058557975369,40.514215919499598],[-3.5902476298151691,40.51897945232124],[-3.5902518012411613,40.519455061492195],[-3.5902848648056502,40.523224433224584],[-3.5903081861804775,40.525882728500093],[-3.5903639095092652,40.532232932732541],[-3.5904040722860087,40.53680860585461],[-3.5904065801261855,40.537094284645157],[-3.5904429899265855,40.541241418022736],[-3.5905221060758294,40.550249889094395],[-3.5905742917289811,40.556189715077217],[-3.5905768057786727,40.556475822035104],[-3.5906012579752287,40.559258345946859],[-3.6024126689534168,40.559197360278397],[-3.6027880502863039,40.559195402277901],[-3.6035829172810709,40.55919125220133],[-3.6082715165380455,40.559166661299685],[-3.6086821028586651,40.559164498782884],[-3.6118950456617749,40.559147526147036],[-3.6123390106126076,40.559145173838516],[-3.6142240434480715,40.559135167159035],[-3.6155493717230778,40.559128113250537],[-3.6260353807441024,40.55907176659975],[-3.6378466801263536,40.559007158611678],[-3.639421290973444,40.55899845423771],[-3.6398189829882597,40.558996252420215],[-3.6434768930526795,40.558975936231633],[-3.6438433661609455,40.558973894440946],[-3.6495276527441156,40.558942075792558],[-3.6496579408797531,40.5589413432062],[-3.6498721513938026,40.558940138420226],[-3.6505123151637719,40.558936535574595],[-3.6508098101723041,40.558934860063481],[-3.6595128123368008,40.558885505155473],[-3.6614691622892357,40.558874320394899],[-3.6732803436397292,40.558806090189556],[-3.6850914842161964,40.558736652602207],[-3.6898580662847418,40.558708287892415],[-3.6914917968932786,40.558698520721371],[-3.6923294141270269,40.558693504111787],[-3.6969025833036007,40.558666007645058],[-3.6988324217273458,40.558654350051206],[-3.7004948975024181,40.558644281668258],[-3.700732854444774,40.558642838582145],[-3.7013225492574811,40.55863926027483],[-3.7016378359818147,40.55863734585904],[-3.7032238158466653,40.558627702763985],[-3.7051233211347983,40.558616124711158],[-3.7087136401869314,40.558594155330546],[-3.7086775404561654,40.555170744809175],[-3.7086681156593269,40.554276875148737],[-3.7086605557046193,40.553559842389951],[-3.7086186619218684,40.549585908455086],[-3.7085837944667492,40.546277867373576],[-3.7085283373850801,40.541015255858738],[-3.708523726553989,40.540577647304801],[-3.7084748297174879,40.535936313015362],[-3.7084288340614195,40.531569371880479],[-3.7083619688905141,40.525219315551787],[-3.7083339844222984,40.522561082182868],[-3.7082391776147858,40.513552778212777],[-3.7082110397860646,40.510878406726029],[-3.7082062088732024,40.510419214432801],[-3.7081817028928157,40.508089686433294],[-3.7081770870588588,40.507650876676692],[-3.7081709014997082,40.507062823933872],[-3.7081563638072375,40.505680676673343],[-3.7081480172774364,40.504887100614319],[-3.7081444136170547,40.504544459970951],[-3.7081420995595034,40.504324433301612],[-3.7081258987570753,40.502783950240563],[-3.708106251132655,40.500915559572803],[-3.7081010657453972,40.500422425925407],[-3.7080496924072954,40.495536127458173],[-3.7079550139637152,40.48652778067521],[-3.7079022031393678,40.481501227919402],[-3.7078995912139217,40.481252590953623],[-3.7078603782645372,40.47751941962288],[-3.7077657852880002,40.468511044301948],[-3.6959705217305219,40.468582669734936]]]},"properties":{"FID":101,"Malla10km_":"30TVK48","Sheet1__Ur":" ","Sheet1__CU":" ","Sheet1__Ob":0}},{"type":"Feature","id":102,"geometry":{"type":"Polygon","coordinates":[[[-3.5888687275056443,40.469177943834055],[-3.5780156941144958,40.469232727092439],[-3.5662200078006401,40.469291112879745],[-3.5544242873232648,40.469348294997118],[-3.5511605644432658,40.469363903923906],[-3.546418196728967,40.469386420298115],[-3.5431647415543432,40.469401754900147],[-3.5426285333939047,40.469404273434535],[-3.5421629760216011,40.469406458109269],[-3.5372753031527426,40.46942928081581],[-3.5308327467241143,40.469459048182131],[-3.5271696498918717,40.469475813116588],[-3.5250195175410526,40.46948559957881],[-3.5230950313735172,40.469494325075829],[-3.5190369280254523,40.469512619230315],[-3.5162386826013967,40.469525150878319],[-3.5148188158652824,40.469531483693267],[-3.50811931438305,40.469561129142853],[-3.5072410780095016,40.469564986569644],[-3.4954451973878444,40.469616150190951],[-3.4838004778637819,40.469665477353544],[-3.4836492868720832,40.469666110085214],[-3.4718533471738251,40.469714866243699],[-3.471916413991412,40.47872362244172],[-3.4719795092943713,40.487732364471711],[-3.4720426330972156,40.496741092332975],[-3.4720957679167834,40.504321076752333],[-3.4721057854144646,40.505749806024767],[-3.4721689662543325,40.514758504645464],[-3.4722321756503192,40.523767190897026],[-3.4722508333947211,40.526425536825776],[-3.472295413598022,40.532775862076058],[-3.4723363769816085,40.538609193125005],[-3.4723437094633209,40.539653183861297],[-3.4723586801183233,40.541784519082782],[-3.4724219752258003,40.550793161916445],[-3.4724852989413728,40.559801791477199],[-3.4842970354205289,40.559752880872935],[-3.495704729462894,40.559704496931936],[-3.495841116262449,40.559703911654402],[-3.4961087425680692,40.559702762720008],[-3.4966804025645914,40.559700306475726],[-3.4987817857194967,40.559691253178194],[-3.507920419668749,40.559651437027206],[-3.5124346252490564,40.559631502320102],[-3.5152381734767011,40.559619033072998],[-3.5153863676857227,40.559618372061365],[-3.5184503386843566,40.559604662800325],[-3.5197320660073306,40.559598903803604],[-3.5315436808685945,40.559545163058452],[-3.5428781780180776,40.559492457638662],[-3.543355263537324,40.559490214801173],[-3.5454217595304311,40.559480477200445],[-3.5483398626844451,40.559466663759856],[-3.5495747837732083,40.559460795809819],[-3.5507809942666695,40.559455051539132],[-3.5519187965487058,40.55944962150194],[-3.5551668132983254,40.559434059041486],[-3.5585193969040412,40.559417899784791],[-3.560952991449656,40.559406109056219],[-3.5645435730027395,40.559388619124391],[-3.5669783294364081,40.55937669578924],[-3.5787898112364038,40.559318125054538],[-3.5906012579752287,40.559258345946859],[-3.5905768057786727,40.556475822035104],[-3.5905742917289811,40.556189715077217],[-3.5905221060758294,40.550249889094395],[-3.5904429899265855,40.541241418022736],[-3.5904065801261855,40.537094284645157],[-3.5904040722860087,40.53680860585461],[-3.5903639095092652,40.532232932732541],[-3.5903081861804775,40.525882728500093],[-3.5902848648056502,40.523224433224584],[-3.5902518012411613,40.519455061492195],[-3.5902476298151691,40.51897945232124],[-3.5902058557975369,40.514215919499598],[-3.5901695194105172,40.510071516492772],[-3.5901268824588395,40.505207390657496],[-3.5901159187899294,40.503956436565133],[-3.5900479447950677,40.496198849401573],[-3.5899690427643698,40.487190293029997],[-3.5899348734009515,40.483287774776592],[-3.5899313858414112,40.482889413912851],[-3.5898901763564934,40.47818172244439],[-3.5898113455533012,40.469173137645491],[-3.5888687275056443,40.469177943834055]]]},"properties":{"FID":102,"Malla10km_":"30TVK58","Sheet1__Ur":" ","Sheet1__CU":" ","Sheet1__Ob":0}},{"type":"Feature","id":103,"geometry":{"type":"Polygon","coordinates":[[[-3.4600573790108471,40.469762419558684],[-3.4482613830823197,40.469808768220069],[-3.4388270011084368,40.46984497119994],[-3.4364653601061987,40.469853913120595],[-3.4341558267330523,40.469862611076387],[-3.4294518398458429,40.469880184088588],[-3.4281164099964614,40.469885138057812],[-3.4246693107941333,40.469897854252324],[-3.420594788427143,40.469912752407076],[-3.4197870401394779,40.469915688812229],[-3.417810576162462,40.469922850041485],[-3.4128732358577909,40.469940591607511],[-3.401077136008841,40.469982125178696],[-3.3979808759200809,40.46999282751139],[-3.3975577518442996,40.469994283612934],[-3.3973307372645833,40.469995064202259],[-3.3967831041409537,40.469996945402862],[-3.3892810119589436,40.470022454958553],[-3.3888100319541641,40.470024040199576],[-3.3885070952297642,40.470025058820454],[-3.3881694029152056,40.470026193370714],[-3.3877028400828726,40.470027759266117],[-3.3858660398602831,40.470033905700831],[-3.3775265639463923,40.470061444749511],[-3.3774848644198423,40.470061580939984],[-3.3753604915709321,40.47006849922753],[-3.3656886941032083,40.470099503116153],[-3.3612273945143927,40.470113531493261],[-3.3607739673208559,40.470114947636823],[-3.3603053910478349,40.470116409225085],[-3.3567251823050324,40.470127513946373],[-3.3538925017207584,40.470136221480374],[-3.3539016365686205,40.471876337251203],[-3.3539026809936257,40.472075282195455],[-3.3539038052528487,40.472289431956249],[-3.3539054353700246,40.472599933831617],[-3.3539078075673983,40.473051777185617],[-3.3539173131171598,40.474862239996916],[-3.3539206091120746,40.475489969111052],[-3.3539398030980556,40.479145110092958],[-3.3539489775863323,40.480891985002131],[-3.3539506551995455,40.481211395529648],[-3.3539871258450606,40.488153985473581],[-3.3540344699679285,40.497162846720755],[-3.3540708825578989,40.504088828233925],[-3.3540764409287047,40.505145864938051],[-3.3540794793705677,40.505723662391915],[-3.3540818354775506,40.506171693833636],[-3.3540869937310172,40.507152539223604],[-3.3541252902601135,40.514433136949251],[-3.3541292223848278,40.515180526811633],[-3.3541766307006671,40.524189345654023],[-3.35419062438497,40.526847730981217],[-3.3542240604359854,40.533198150360064],[-3.354271511601707,40.54220694092912],[-3.3542750805874597,40.542884361816519],[-3.3542830063668427,40.544388652995018],[-3.3543189842087635,40.551215717360478],[-3.3543318336633421,40.553653429063004],[-3.3543344875994339,40.554156878627047],[-3.3543664782680978,40.560224479653442],[-3.3658557344169875,40.560188668317728],[-3.3661784687272664,40.560187645875168],[-3.3673581745507852,40.560183900731992],[-3.3682809502243027,40.56018096285321],[-3.3684284486040958,40.560180492573359],[-3.3724132913579385,40.560167716140633],[-3.3757291818031674,40.560156979768465],[-3.3779904370031084,40.560149603570821],[-3.3898023823850227,40.560110353647985],[-3.4016143041577025,40.560069896113554],[-3.4134262016057653,40.560028230974666],[-3.4149736870186373,40.560022682919659],[-3.4159220349405115,40.56001927265239],[-3.4252380740139143,40.559985358238606],[-3.4370499206668477,40.559941277912976],[-3.4453617227666227,40.559909535394596],[-3.4463824714851099,40.559905595956948],[-3.4488617408492579,40.559895990005515],[-3.4497406046492634,40.55989257206636],[-3.449788337310987,40.559892386240556],[-3.4505566649083708,40.559889392386538],[-3.4507434370384504,40.559888663840937],[-3.455589172442632,40.559869656444867],[-3.45632908142559,40.559866736264901],[-3.4606735338458616,40.559849494524194],[-3.4724852989413728,40.559801791477199],[-3.4724219752258003,40.550793161916445],[-3.4723586801183233,40.541784519082782],[-3.4723437094633209,40.539653183861297],[-3.4723363769816085,40.538609193125005],[-3.472295413598022,40.532775862076058],[-3.4722508333947211,40.526425536825776],[-3.4722321756503192,40.523767190897026],[-3.4721689662543325,40.514758504645464],[-3.4721057854144646,40.505749806024767],[-3.4720957679167834,40.504321076752333],[-3.4720426330972156,40.496741092332975],[-3.4719795092943713,40.487732364471711],[-3.471916413991412,40.47872362244172],[-3.4718533471738251,40.469714866243699],[-3.4600573790108471,40.469762419558684]]]},"properties":{"FID":103,"Malla10km_":"30TVK68","Sheet1__Ur":" ","Sheet1__CU":" ","Sheet1__Ob":0}},{"type":"Feature","id":104,"geometry":{"type":"Polygon","coordinates":[[[-3.2898489817896146,40.531750055158682],[-3.2898546250880978,40.531754039176477],[-3.2904929369984401,40.532204712716016],[-3.2910334616417467,40.532638969670622],[-3.2926116461590245,40.533906837043816],[-3.294695128537604,40.535578436300497],[-3.2949202917549258,40.535758337159166],[-3.2969265679645186,40.53736123180169],[-3.2971263899341672,40.5375208683338],[-3.2946180221488404,40.539627275138074],[-3.2927185201055793,40.542193357995679],[-3.29175089011488,40.543019434831052],[-3.2908690319644447,40.543772262944429],[-3.2899189822692736,40.544565480267615],[-3.2892098000545511,40.54517999663009],[-3.2890663134424654,40.545304328535401],[-3.2890636017184485,40.545305919991101],[-3.2863060773092894,40.546924242520468],[-3.2850599760084744,40.547655501082041],[-3.285010318048009,40.547684642253003],[-3.2850376847455531,40.547724887901815],[-3.2854886326532338,40.548388033515707],[-3.2855534202090748,40.548483305895047],[-3.2855497524065158,40.548487855460024],[-3.2848585981076379,40.549345239462362],[-3.2847944533485349,40.549424809486624],[-3.2831025885667517,40.550964097509173],[-3.2833382339765964,40.551187608762021],[-3.2839532805897487,40.551770974385029],[-3.2847630482081636,40.552574467394983],[-3.2857269532852933,40.553499623668813],[-3.2863959032112806,40.554151514089142],[-3.2849193163999324,40.55562639883297],[-3.2848280733337045,40.555717534601236],[-3.2848864376879607,40.555765332555069],[-3.285205701929232,40.556026786336034],[-3.2880902631319739,40.558388909252152],[-3.2883566261115922,40.558607018083102],[-3.2861154716153016,40.560413665126745],[-3.295306218355798,40.560390538451671],[-3.3071183089724756,40.560359741991533],[-3.3074649651582093,40.560358819948462],[-3.3091290860540727,40.560354379204504],[-3.3145471163865139,40.560339755001316],[-3.3152038698223811,40.560337965043146],[-3.3189303809874242,40.560327737875902],[-3.3237202073671694,40.560314415965919],[-3.3241116580988463,40.560313318448841],[-3.3267479762310068,40.560305892412693],[-3.3295999565526166,40.56029779115191],[-3.3307424336852645,40.560294526110404],[-3.3425544663506104,40.560260106700902],[-3.3543664782680978,40.560224479653442],[-3.3543344875994339,40.554156878627047],[-3.3543318336633421,40.553653429063004],[-3.3543189842087635,40.551215717360478],[-3.3542830063668427,40.544388652995018],[-3.3542750805874597,40.542884361816519],[-3.354271511601707,40.54220694092912],[-3.3542240604359854,40.533198150360064],[-3.35419062438497,40.526847730981217],[-3.3541766307006671,40.524189345654023],[-3.3541292223848278,40.515180526811633],[-3.3541252902601135,40.514433136949251],[-3.3540869937310172,40.507152539223604],[-3.3540818354775506,40.506171693833636],[-3.3540794793705677,40.505723662391915],[-3.3540764409287047,40.505145864938051],[-3.3540708825578989,40.504088828233925],[-3.3540344699679285,40.497162846720755],[-3.3539871258450606,40.488153985473581],[-3.3539506551995455,40.481211395529648],[-3.3539489775863323,40.480891985002131],[-3.3539398030980556,40.479145110092958],[-3.3539206091120746,40.475489969111052],[-3.3539173131171598,40.474862239996916],[-3.3539078075673983,40.473051777185617],[-3.3539054353700246,40.472599933831617],[-3.3539038052528487,40.472289431956249],[-3.3539026809936257,40.472075282195455],[-3.3539016365686205,40.471876337251203],[-3.3538925017207584,40.470136221480374],[-3.3531923933142198,40.470138362883205],[-3.3524817739939912,40.470140532098874],[-3.348846051339025,40.470151562041835],[-3.3484801495455536,40.47015266576949],[-3.348122802978192,40.470153742572649],[-3.3421542487314415,40.470171564468444],[-3.3420962879842024,40.470171736026217],[-3.3339789964753241,40.470195475295981],[-3.3329949684278923,40.470198314374535],[-3.3312221089230651,40.470203408215419],[-3.3303000536052734,40.4702060467474],[-3.3298414224108992,40.470207356416502],[-3.328949925718284,40.470209896971355],[-3.3282065797294895,40.470212010074768],[-3.3281717913703552,40.470212108850262],[-3.3280572594464632,40.470212433969699],[-3.3260877704109792,40.470218006962959],[-3.3236709569000373,40.470224799876952],[-3.3222181683608385,40.470228858896952],[-3.3217021848307646,40.470230296135242],[-3.3202922398009944,40.470234211698177],[-3.3185037992957005,40.47023915363792],[-3.3067075257672309,40.470271056691963],[-3.2969472425452908,40.470296543263508],[-3.2962582504816185,40.470298311252826],[-3.294911233731606,40.470301755903925],[-3.2831149239005901,40.470331251268398],[-3.271318596985938,40.47035954278023],[-3.2702865528219567,40.47036196061525],[-3.2694656018489954,40.470363877328452],[-3.2595537081970773,40.470386558908487],[-3.2595222536959567,40.470386629533515],[-3.2552175097354592,40.4703962149161],[-3.2506165181609372,40.470406282704353],[-3.2505707576725316,40.470406381916618],[-3.2483290464732701,40.47041121993751],[-3.2477258947528216,40.470412514226204],[-3.2476942853307245,40.470412581964474],[-3.2459652291791454,40.4704162741236],[-3.240630052026781,40.470427503619241],[-3.2405878204517258,40.470427591526011],[-3.2375802241505904,40.470433812283304],[-3.2359295208547625,40.470437193250156],[-3.2359383774133765,40.472967777035649],[-3.2359610557136791,40.479446177991626],[-3.2359720952782265,40.482599033518689],[-3.2359820408077735,40.485439008943906],[-3.2359854114392017,40.486401410693126],[-3.2359917124704616,40.488200391829857],[-3.2359926048163663,40.488455148625434],[-3.2359932544638363,40.488640615129214],[-3.2359932955402395,40.488652341887963],[-3.2359941718489069,40.48890251453652],[-3.2360083688534678,40.492955102410072],[-3.2360100789113408,40.493443189059704],[-3.2360180629644337,40.495721847932941],[-3.2360241681700805,40.497464105150883],[-3.2360483709938608,40.504369420987487],[-3.2360525943501988,40.505574142434256],[-3.2360531657595688,40.50573713257414],[-3.2360535670567172,40.505851598708901],[-3.2360557457789265,40.506473046666407],[-3.2360581582669488,40.507161150162332],[-3.2360602805820551,40.507766469201584],[-3.236060717225365,40.50789100474077],[-3.2360618377943364,40.508210599931928],[-3.2360641331007103,40.508865223539921],[-3.2360656071071277,40.509285600234662],[-3.2360700997908278,40.510566828500565],[-3.2360703932111363,40.510650503540305],[-3.236071899918787,40.511080167712883],[-3.2360738209515327,40.511627970500427],[-3.2360873376596446,40.515481975873996],[-3.2360873587731591,40.515487995364673],[-3.2360890050558218,40.515957347093313],[-3.2361014448197598,40.519503539417606],[-3.2361060115119242,40.520805203497048],[-3.2361106118126872,40.522116360996101],[-3.2361189438100322,40.524490890070254],[-3.2361212104661736,40.525136813458069],[-3.2361223291687504,40.525455599624344],[-3.2361227951233262,40.525588376815165],[-3.2361230925825026,40.525673139536273],[-3.2361256473461859,40.526401119408732],[-3.2361282731119574,40.527149303540007],[-3.2361318750778318,40.52817559972911],[-3.2361337158661216,40.528700068968526],[-3.2361347379643037,40.528991274675889],[-3.2361490402239541,40.533065679948962],[-3.2361500272399808,40.533346828715821],[-3.2362453630227273,40.533412985153518],[-3.2370274015920275,40.533814565955254],[-3.2377937219659012,40.534203523401025],[-3.2391287812500029,40.534770150398145],[-3.2420254142317209,40.536301495593676],[-3.2424251885455333,40.536559322569914],[-3.2427626512191696,40.536776958618098],[-3.2429269836148329,40.536878731508253],[-3.2432875999213913,40.537102063236588],[-3.2437927291328581,40.538010010675642],[-3.2443802161747088,40.538535185958025],[-3.2446373915423958,40.538765079837937],[-3.2448826351469382,40.538984306603673],[-3.2458156580282149,40.540291934424324],[-3.2460851265051134,40.540751045881109],[-3.2462844365947197,40.541090619703738],[-3.2468515964286504,40.54202249274551],[-3.2479679205930134,40.54308678727233],[-3.248438341021922,40.543386863654959],[-3.2492678038466338,40.543904174115724],[-3.2496446242114785,40.544143896544441],[-3.2499150797967782,40.544315951976593],[-3.2505531747958156,40.543832436794254],[-3.2512540391211266,40.543301344097067],[-3.2512310834225189,40.542702766084012],[-3.2512200938635143,40.542116729461974],[-3.2515528676601915,40.542052041051321],[-3.2519504237777643,40.54194037384427],[-3.2522759687141418,40.541837863354687],[-3.252575767650336,40.541656988983803],[-3.2528027530159624,40.541552929364777],[-3.2530354816142939,40.541651313803392],[-3.2537436370554769,40.541963978306093],[-3.2537892450188615,40.541984114925029],[-3.2543119662122661,40.542041341732151],[-3.2545813232314682,40.542037412546044],[-3.2547936375643656,40.542034313936284],[-3.2550400296252642,40.542030719003243],[-3.2550659052820188,40.542030341166061],[-3.2559850990842638,40.541953493584529],[-3.256021001710272,40.541943496091953],[-3.2560819588884375,40.541926523292858],[-3.2562729060962936,40.541873355276003],[-3.2563138219293792,40.54185385294943],[-3.2564503406819925,40.541788783834313],[-3.2567071989752905,40.541629215516799],[-3.257007037399918,40.541492937345474],[-3.2574683292289852,40.54125083464023],[-3.2576065635120042,40.541178283809202],[-3.2579379393004841,40.540989919761081],[-3.2582703949123819,40.540800938835183],[-3.2582801359783087,40.540795401785424],[-3.2582878902165335,40.540784792636344],[-3.258602204423362,40.540354757536967],[-3.2586927024928065,40.540230940522477],[-3.2587608207915491,40.540062717115717],[-3.258886565316562,40.539973743278843],[-3.2591188137632257,40.539905253784184],[-3.2591783726992949,40.539892001375968],[-3.2593568452624129,40.539852292172952],[-3.2594372862741272,40.539834394590528],[-3.2597198313638875,40.539763783749251],[-3.2599701270203898,40.539701232112314],[-3.2601170233897951,40.539664520682848],[-3.2608397474440642,40.53951324650896],[-3.2616412481282819,40.539400008106831],[-3.2617903659636869,40.539378939859553],[-3.2619061507347098,40.539345486708342],[-3.262040353676757,40.539306710628281],[-3.2631629261988602,40.538982357066118],[-3.263358257096943,40.538925917813117],[-3.2633921373948342,40.538916128040519],[-3.2635313456409376,40.538875904592913],[-3.2638708044415847,40.538752180268879],[-3.2639946158753004,40.538707052718891],[-3.264047245122506,40.538687871331362],[-3.264164714832642,40.538645055372356],[-3.2649640147624623,40.538353722700194],[-3.2650521218740325,40.538332492838911],[-3.2667087988135073,40.537933284275219],[-3.2669171880299248,40.537894016848334],[-3.2674499293386181,40.537793629772736],[-3.2685446409435635,40.537171466955982],[-3.2691382418423447,40.536931587418266],[-3.2695814876838667,40.536718564550107],[-3.2699352118676046,40.536548563279162],[-3.2711307779204697,40.536695318905359],[-3.2716565350968585,40.536705927173145],[-3.2720823890687214,40.536665174990844],[-3.2727161232143769,40.536577191451642],[-3.2731125003928758,40.536484365749814],[-3.2735756635955648,40.536263462510576],[-3.2739092158271585,40.535980452531142],[-3.2742614438334638,40.535618594161797],[-3.2744989908113098,40.535331458067567],[-3.2745892825467067,40.535222316308044],[-3.2748308844447087,40.534821747181766],[-3.2748356303568733,40.534811436860252],[-3.2751164708021072,40.534201246267855],[-3.2753007312044997,40.533925129850985],[-3.2755144810704926,40.533646243734559],[-3.2765175098078569,40.533782597323629],[-3.2780229801979019,40.533784411762142],[-3.279514941783527,40.533660106722657],[-3.2795557383755436,40.533684343009355],[-3.2820539563447442,40.535168383861851],[-3.2829037190364452,40.53394377920155],[-3.2843481816721267,40.535158275238807],[-3.2890065246573141,40.531785727311743],[-3.2893227417920312,40.531556773385041],[-3.2898489817896146,40.531750055158682]]]},"properties":{"FID":104,"Malla10km_":"30TVK78","Sheet1__Ur":" ","Sheet1__CU":" ","Sheet1__Ob":0}},{"type":"Feature","id":105,"geometry":{"type":"Polygon","coordinates":[[[-3.2266861005029668,40.531814870972681],[-3.226827974720655,40.532231856993349],[-3.2268282624127971,40.532317175789146],[-3.2268287257707748,40.532453889456299],[-3.2267076608541343,40.532775278456029],[-3.2266797747966858,40.532917374729315],[-3.2267708141017697,40.533135398495844],[-3.2268513882060024,40.533223287596009],[-3.2270051504470012,40.533462095097349],[-3.2270557636245258,40.533766502950328],[-3.2271722193662762,40.533986088122226],[-3.2273161874081198,40.534183231787068],[-3.2274640944527575,40.534408047531812],[-3.2275906785361248,40.534828518355518],[-3.2276519218953479,40.535133810334074],[-3.2277043298330788,40.535268844108167],[-3.2274765872944569,40.535308932993907],[-3.2271863854387699,40.535740125709964],[-3.2270605649876942,40.536243084411019],[-3.227309982031171,40.536423426243452],[-3.2282730835350648,40.537119782701012],[-3.2286817801251364,40.53741527720188],[-3.2290431472550489,40.537691456084225],[-3.2293811740796325,40.537949794687471],[-3.229708620393998,40.538200043465586],[-3.2304552880677107,40.539005765798443],[-3.2314104908631176,40.539667833347082],[-3.2318191054619314,40.539682334874513],[-3.2322241882912128,40.539696839352345],[-3.2319780512172129,40.539203628975258],[-3.2322302165997736,40.538705824810691],[-3.2325972897443229,40.538198730298674],[-3.2326638705399122,40.538106752699306],[-3.2323523097885238,40.536440700070727],[-3.2318584434059314,40.535365112178106],[-3.2313030140797365,40.534155403647482],[-3.2304035477829167,40.532847272941822],[-3.2299286037744097,40.532416674520981],[-3.2304215203293922,40.532148369748576],[-3.2310704583685901,40.531795133398717],[-3.2311538455555842,40.531749742531666],[-3.2311860826933465,40.531732194346958],[-3.2312238298104967,40.531765017741307],[-3.2313513832475103,40.531875940208664],[-3.2321918113957415,40.53266233845482],[-3.2324272452449487,40.532882630562597],[-3.2324736212222356,40.53292602441325],[-3.2326069424402673,40.53290659765333],[-3.2335591572007156,40.532767838877618],[-3.2340596984696219,40.532694895813449],[-3.2354298607926135,40.532847076238134],[-3.2361500272399808,40.533346828715821],[-3.2361490402239541,40.533065679948962],[-3.2361347379643037,40.528991274675889],[-3.2361337158661216,40.528700068968526],[-3.2361318750778318,40.52817559972911],[-3.2361282731119574,40.527149303540007],[-3.2361256473461859,40.526401119408732],[-3.2361230925825026,40.525673139536273],[-3.2361227951233262,40.525588376815165],[-3.2361223291687504,40.525455599624344],[-3.2361212104661736,40.525136813458069],[-3.2361189438100322,40.524490890070254],[-3.2361106118126872,40.522116360996101],[-3.2361060115119242,40.520805203497048],[-3.2361014448197598,40.519503539417606],[-3.2360890050558218,40.515957347093313],[-3.2360873587731591,40.515487995364673],[-3.2360873376596446,40.515481975873996],[-3.2360738209515327,40.511627970500427],[-3.236071899918787,40.511080167712883],[-3.2360703932111363,40.510650503540305],[-3.2360700997908278,40.510566828500565],[-3.2360656071071277,40.509285600234662],[-3.2360641331007103,40.508865223539921],[-3.2360618377943364,40.508210599931928],[-3.236060717225365,40.50789100474077],[-3.2360602805820551,40.507766469201584],[-3.2360581582669488,40.507161150162332],[-3.2360557457789265,40.506473046666407],[-3.2360535670567172,40.505851598708901],[-3.2360531657595688,40.50573713257414],[-3.2360525943501988,40.505574142434256],[-3.2360483709938608,40.504369420987487],[-3.2360241681700805,40.497464105150883],[-3.2360180629644337,40.495721847932941],[-3.2360100789113408,40.493443189059704],[-3.2360083688534678,40.492955102410072],[-3.2359941718489069,40.48890251453652],[-3.2359932955402395,40.488652341887963],[-3.2359932544638363,40.488640615129214],[-3.2359926048163663,40.488455148625434],[-3.2359917124704616,40.488200391829857],[-3.2359854114392017,40.486401410693126],[-3.2359820408077735,40.485439008943906],[-3.2359720952782265,40.482599033518689],[-3.2359610557136791,40.479446177991626],[-3.2359383774133765,40.472967777035649],[-3.2359295208547625,40.470437193250156],[-3.2289534150976453,40.470451221896163],[-3.2241331327234906,40.470460669303733],[-3.2123367310674951,40.470482941481912],[-3.2064026671634518,40.470493690153411],[-3.2005403165985675,40.47050400978079],[-3.1988651072397083,40.470506904068223],[-3.1988027540055182,40.470507011328301],[-3.1985860111512707,40.471190799416327],[-3.1976502836407956,40.47352127507682],[-3.1964281542745585,40.475563925271487],[-3.1953948834037345,40.478409489488165],[-3.1953279643626553,40.478593770948962],[-3.1962584483983441,40.480908462642788],[-3.1964986613182078,40.482143620371438],[-3.1966204534798011,40.482769852416283],[-3.1971851996011948,40.485406798947196],[-3.1972119072184939,40.485531496099746],[-3.1972301824784517,40.485616821028394],[-3.1991575048505507,40.488209070974506],[-3.1997936356265506,40.490253064372425],[-3.1999613246424614,40.491494236398914],[-3.200633191097392,40.494115819794622],[-3.2006695128578273,40.494739918899626],[-3.2020336679635677,40.495532155907846],[-3.2015474796534593,40.497598338539611],[-3.2012680477843496,40.49878579491773],[-3.2012396899124433,40.498918826371998],[-3.201048070566292,40.499817716260374],[-3.200443413807299,40.50075235074884],[-3.200251593655576,40.501048845544197],[-3.2000817524934244,40.501480681269292],[-3.199677185644088,40.50195795765125],[-3.1989202425781089,40.503007922542544],[-3.1990021784387803,40.503580758916698],[-3.1989842477052348,40.503831734800158],[-3.1989822915550303,40.503859121947457],[-3.1989752884566411,40.504048977212769],[-3.1989674745865759,40.504260831159414],[-3.1989650499393951,40.504326589371672],[-3.1990254316940918,40.504789204183069],[-3.1990344754037543,40.504858498494258],[-3.1990964147571637,40.50533304387092],[-3.1992274816284323,40.506337177836997],[-3.1991957731131708,40.506556860287603],[-3.199164660028877,40.506772414670856],[-3.1991610349158317,40.506791011896681],[-3.1990260774761863,40.507483279022516],[-3.1988136313645863,40.50848295282875],[-3.1992749266299048,40.510483314564418],[-3.1995677729317498,40.511562971643514],[-3.1996770866304698,40.512143925148642],[-3.199741305094665,40.512868739979439],[-3.1997627034031022,40.513110246710212],[-3.199954946131335,40.514448645922656],[-3.2004968236236455,40.514960898767868],[-3.2014227823665102,40.515836210013042],[-3.2015623680973775,40.515950788887544],[-3.2021730065337897,40.516452026406029],[-3.2029511571901925,40.516919695485356],[-3.205388459532299,40.518374326852339],[-3.2060984348637263,40.518618313453636],[-3.2064212663921032,40.518729254932346],[-3.206569477706497,40.518896313034617],[-3.2067827764968064,40.519136734457369],[-3.2069152402416305,40.519286040153276],[-3.2075387124952979,40.519545320418864],[-3.2076155690118124,40.519578862439829],[-3.2085432873742818,40.519983742049341],[-3.2101656591382581,40.520685191571239],[-3.2109265828946745,40.520995795131995],[-3.2114790044392856,40.52120151451652],[-3.2119234477989389,40.52136339253763],[-3.2128826609270189,40.521717643521377],[-3.213500340534444,40.521936626615712],[-3.2148035936202466,40.522420388948682],[-3.2155022548499028,40.522672216930118],[-3.2158707849310684,40.522805048395568],[-3.2169028404882871,40.523180188269293],[-3.2173399150708719,40.523384169868798],[-3.2174205307075709,40.523422933384808],[-3.2181488046513773,40.523773116237457],[-3.2185191426994546,40.523942259994769],[-3.2186913835214628,40.524020925736657],[-3.2199493599297555,40.52448823356729],[-3.2209271308109053,40.525077066830534],[-3.2216668688201704,40.525522092459262],[-3.2218964456492305,40.525660202604698],[-3.2228572413136645,40.525955664952647],[-3.222974644437762,40.526114899049233],[-3.2230548177819847,40.52620560428737],[-3.223230616127978,40.526404493675976],[-3.2232997881867469,40.52661517352329],[-3.2233733620743084,40.526731255137548],[-3.2235094973985534,40.526841802218925],[-3.2238798365857511,40.527081635574504],[-3.2239739391963202,40.527173501452452],[-3.2241200265164207,40.527316115757621],[-3.2242732916346379,40.527444653844412],[-3.2243688937902597,40.527524831851991],[-3.2244297626573859,40.527681100322191],[-3.2243803563121554,40.527866341369517],[-3.2243802187206052,40.527866858751459],[-3.2242773202167898,40.528387179527769],[-3.224409084345623,40.529003740605717],[-3.224550415764813,40.529263777401972],[-3.2247015138430903,40.529441491818524],[-3.2251644646261153,40.529865512867872],[-3.225248714437762,40.530303669903681],[-3.2254099107883873,40.53050049781065],[-3.2254517179241415,40.530633950705379],[-3.2254758296127148,40.530710919482239],[-3.225553377998259,40.530796437065746],[-3.225774570566815,40.531017190436685],[-3.2258317691648273,40.531074276564247],[-3.2258995078864805,40.53113236547555],[-3.2261074648230461,40.531310700146705],[-3.2262023481052857,40.531373192491479],[-3.2264493675661257,40.531535883477424],[-3.2266861005029668,40.531814870972681]]]},"properties":{"FID":105,"Malla10km_":"30TVK88","Sheet1__Ur":" ","Sheet1__CU":" ","Sheet1__Ob":0}},{"type":"Feature","id":106,"geometry":{"type":"Polygon","coordinates":[[[-3.1057458636713959,40.200351301985691],[-3.0939963391548453,40.200361438489495],[-3.0880722144503476,40.200366097107903],[-3.0880434587067449,40.200374841968291],[-3.0865930205820229,40.20081592877802],[-3.0864095623516166,40.20087171837001],[-3.0838545691840022,40.2022184479126],[-3.083465875324408,40.20242331801952],[-3.083338951425918,40.202490215699015],[-3.0823907620264293,40.203238592479664],[-3.0815874739976499,40.203872583984129],[-3.0794563792288598,40.20838234970126],[-3.079574449864678,40.208615202296741],[-3.0802618941086402,40.209970892414155],[-3.0803978114338757,40.210238920929882],[-3.0807942094525917,40.211021948321431],[-3.0818616420191915,40.213124227709194],[-3.0820494897217738,40.21349417214639],[-3.0822646254629587,40.213921866471964],[-3.0825352129256909,40.214459789506556],[-3.082035961871278,40.215924489791348],[-3.0817903346522488,40.216645087373372],[-3.0806855797422856,40.217643187703949],[-3.0806482208739832,40.217813740325546],[-3.0805212951704712,40.21839317397837],[-3.0803351319434795,40.219243021542979],[-3.0801781026851747,40.219959850886454],[-3.080063183036776,40.220484445750991],[-3.0799897296279264,40.220819746544279],[-3.0793625789094592,40.223682696422308],[-3.0793597297350805,40.223695697213799],[-3.0794724696427438,40.22442260424495],[-3.0795241169110383,40.224755607634577],[-3.079818013845768,40.22665046281314],[-3.0797457076181307,40.227363265340912],[-3.079704132631695,40.227773112070665],[-3.0801367183365898,40.228365671834538],[-3.0804085437336659,40.228738013948131],[-3.0807995911261954,40.2292736557932],[-3.080867598460574,40.229366807388452],[-3.0808920454504842,40.229400294623836],[-3.0810251008373655,40.229503594830071],[-3.0810635974394547,40.229533481929195],[-3.0817147140005781,40.230038976367055],[-3.0821616225530595,40.23038592713452],[-3.0836138644644104,40.231513316012297],[-3.0836863793414566,40.231569608641969],[-3.0839777947800378,40.231752402718222],[-3.084228219648542,40.231909483220214],[-3.0847231730907114,40.232219943120811],[-3.0849933713042277,40.232389423385222],[-3.0853807049152144,40.232687398466311],[-3.0868036298592179,40.233782023668198],[-3.0868665956141479,40.233830460709832],[-3.0868894072488038,40.234520624028633],[-3.0868922637883798,40.234607052999571],[-3.0873456688890086,40.235318458848603],[-3.0877688806858647,40.235982477194433],[-3.0878761962536028,40.236150853237632],[-3.088310473812498,40.236832213267057],[-3.0883242753846334,40.236850472961763],[-3.0887207451840171,40.23737499251181],[-3.0889070158335037,40.237621420569781],[-3.0892836888584427,40.238119734983407],[-3.0897683564549694,40.238760908008949],[-3.0896987720097462,40.239302830407723],[-3.0896467790252244,40.239707739040867],[-3.0895914572672067,40.240138574823682],[-3.0890214637999822,40.241202108846451],[-3.0888380006749094,40.241425893464992],[-3.0886782470946357,40.241620758288839],[-3.0881035327558677,40.242321764585242],[-3.0878432283256911,40.242936026671067],[-3.0872739068513382,40.244279459348206],[-3.0872396410256338,40.244360314995447],[-3.0871654233218648,40.244470662431574],[-3.0871306578192836,40.244522351325244],[-3.0866685717945983,40.245209367379168],[-3.0866200320951052,40.245281534024059],[-3.0870575765206358,40.247283085537404],[-3.0876603156478768,40.24813408692021],[-3.0878130058661366,40.248349665540765],[-3.0878267311424654,40.248369044284722],[-3.0895235393359268,40.249394827127752],[-3.0909641854447871,40.249951641284269],[-3.0914916701721444,40.250155509364703],[-3.0920029948601551,40.250920899350987],[-3.0920443018497754,40.250984373832118],[-3.0923251047483467,40.251415898154775],[-3.0929868415733677,40.252432797173832],[-3.0930912448529342,40.252533472645325],[-3.0932345302438127,40.252671644485325],[-3.0943208524988628,40.253719162636962],[-3.0945071318017634,40.254072004546501],[-3.0945560787776585,40.254164716382057],[-3.0951279109588783,40.255247828516616],[-3.0952324192977856,40.255445773732447],[-3.0953327426423072,40.25563579131795],[-3.0953716853089697,40.255709549836517],[-3.095569390015275,40.256084012066871],[-3.0955806445884195,40.256090604861271],[-3.0956812226567565,40.256149527019254],[-3.0968253117621236,40.256819746054006],[-3.0971205257700376,40.25699268276847],[-3.0972309108807705,40.257206481331458],[-3.0972416947188322,40.257227365968639],[-3.0974968544787349,40.257721567276796],[-3.0978594235524786,40.258423787979787],[-3.0981402371050768,40.258976115416274],[-3.0986588220221463,40.259996089444499],[-3.0989798275432796,40.260627440552007],[-3.0989977923680212,40.260648631496558],[-3.0996528376635863,40.261421347301265],[-3.098201310353291,40.263662275013345],[-3.0981736954247396,40.263711808641673],[-3.0976108005372951,40.264721477763068],[-3.0973603812756658,40.265170646311461],[-3.0970722783738212,40.26568739918001],[-3.0963982615695387,40.266896311277989],[-3.0963660903989343,40.267084432391883],[-3.0960237895071545,40.269085874665024],[-3.0967510565774949,40.271046614371855],[-3.0978684426544723,40.272714203137312],[-3.0988133028775224,40.274614373477753],[-3.1010679722408825,40.277502504048059],[-3.1015284726354593,40.27809235049456],[-3.1043161647740622,40.279562024641564],[-3.1077255881560051,40.280605818469375],[-3.1089563095744981,40.28300385971437],[-3.1090155324128572,40.284006532839747],[-3.1094432753528864,40.285192663940663],[-3.1096527494306243,40.285211159128025],[-3.1124465951199269,40.285457804428063],[-3.1126741833867273,40.285477894618893],[-3.1175031942055149,40.283496369378817],[-3.1176391308612246,40.28344131521385],[-3.1176385221598384,40.283090154973692],[-3.1176356353105885,40.281424645331356],[-3.1176257417532689,40.275715698985721],[-3.1176252978121544,40.275459490254363],[-3.1176200234733984,40.27241529449055],[-3.1176184835348812,40.271526398716965],[-3.1176158344933289,40.269997204644639],[-3.117610536037728,40.266938248997931],[-3.1176077219062854,40.265313376275593],[-3.117604418672403,40.263405927771288],[-3.1175888209087192,40.25439654787705],[-3.1175840423011145,40.251635573904672],[-3.1175766305160511,40.247352450533022],[-3.1175747814983104,40.246283796292751],[-3.1175732301772245,40.245387153907629],[-3.117565215327835,40.240754037196908],[-3.1175635593287869,40.239796625063001],[-3.1175631403890516,40.23955440869873],[-3.117561677506334,40.238708597752378],[-3.1175605661156363,40.238065988785237],[-3.1175598867055303,40.237673141895669],[-3.1175591932958882,40.237272192235842],[-3.1175576464743635,40.236377745863777],[-3.1175420697965768,40.227368323746134],[-3.1175398595621973,40.226089612092686],[-3.1175393883044222,40.225816959432564],[-3.1175393594505039,40.225800265479968],[-3.1175360734189885,40.223898981432079],[-3.1175337431244565,40.222550572773216],[-3.1175301410122764,40.220466056048238],[-3.1175296361419416,40.220173873737615],[-3.1175284298225869,40.219475726279633],[-3.1175283663911415,40.219439015171417],[-3.117526500138756,40.218358886654528],[-3.1175238115480921,40.216802711458563],[-3.1175234845894808,40.216613457219836],[-3.1175194825117449,40.214296779193589],[-3.1175109375020198,40.209349437292509],[-3.1174953818781517,40.200339972957948],[-3.1057458636713959,40.200351301985691]]]},"properties":{"FID":106,"Malla10km_":"30TVK95","Sheet1__Ur":" ","Sheet1__CU":" ","Sheet1__Ob":0}},{"type":"Feature","id":107,"geometry":{"type":"Polygon","coordinates":[[[-3.0768321975759094,40.165073848662267],[-3.077494429033258,40.165860112556835],[-3.0777529115208662,40.166167002498348],[-3.0774180457250084,40.171362991553011],[-3.0772729295708703,40.171935116404931],[-3.0771797631873365,40.172302421527604],[-3.0771268615496923,40.172510982410849],[-3.0772633356610379,40.1726997104943],[-3.0772751506392351,40.172716049504402],[-3.0794642578321794,40.175743173405706],[-3.079549443050678,40.175860963127995],[-3.0796544629731599,40.176029032121811],[-3.079753630298145,40.176187732436496],[-3.0802353936695379,40.177011424331802],[-3.0810573724739072,40.178416740273192],[-3.0814673013443574,40.179256167067415],[-3.081714969251951,40.181129964634756],[-3.0819954462440511,40.181919896572943],[-3.0820436886480582,40.181966792072153],[-3.0821268258615429,40.182047605258887],[-3.0825865560809058,40.182494478220335],[-3.0825928478545341,40.182500595698578],[-3.0826471985845392,40.182647621052475],[-3.0831195995374903,40.183925515963793],[-3.0835888835045484,40.184432420036238],[-3.0849325599833026,40.185265738313639],[-3.0851223797394529,40.185467669646613],[-3.0854202727878612,40.185784564325438],[-3.0857594408809792,40.186145363432793],[-3.0857840312957441,40.187043590669319],[-3.0855553432883029,40.187314962338569],[-3.0843998277670557,40.188686111607474],[-3.0844859960466198,40.188861415202084],[-3.0845414471256887,40.188974225098384],[-3.0845886565916221,40.189070267089171],[-3.085126605431165,40.19016464751904],[-3.0855433493155773,40.191012427459043],[-3.0860770530033297,40.191631354997703],[-3.0866986477375415,40.192352191861723],[-3.0866486286302037,40.192788714394275],[-3.0866197664681234,40.193040592967428],[-3.0865872660734257,40.193324221017399],[-3.0865859054542288,40.193336101961151],[-3.086424547686442,40.193522777731637],[-3.0854138944344589,40.194691977759248],[-3.0855119787571845,40.194957835077567],[-3.0855320608949497,40.19501226463256],[-3.0855558058406447,40.195076622645075],[-3.0856164899417613,40.195241108310157],[-3.0857757735378875,40.19567283808113],[-3.0857685863817754,40.195679003198492],[-3.0856220697540673,40.195804689612892],[-3.0853426969571709,40.196044340364985],[-3.0853374360216574,40.196054789852141],[-3.0850060078189467,40.196713016920697],[-3.0847664407626412,40.197188796564447],[-3.0847660282182101,40.19718961582948],[-3.0847191645209713,40.197282686669574],[-3.0847114955700397,40.197386242893792],[-3.0846721567485273,40.197917452454156],[-3.0846465275677861,40.198263547415237],[-3.0846382297873935,40.198375584711449],[-3.0870852294695745,40.199698984782252],[-3.0882300501461719,40.200318097794884],[-3.0880722144503476,40.200366097107903],[-3.0939963391548453,40.200361438489495],[-3.1057458636713959,40.200351301985691],[-3.1174953818781517,40.200339972957948],[-3.1174798332636069,40.191330493651563],[-3.1174682200619279,40.184598687826025],[-3.117467765746424,40.184335289243414],[-3.1174642916595072,40.182321002076925],[-3.1174487570560956,40.173311494630966],[-3.1174445685668815,40.170881624931468],[-3.1174395503275423,40.167970001663569],[-3.1174332294560503,40.164301974918189],[-3.1174303200485367,40.162613407214742],[-3.1174268761101764,40.160614422433497],[-3.1174256742289201,40.159916760425034],[-3.1174247113576299,40.159357820095288],[-3.1174224496623038,40.158044859436274],[-3.1174197031387809,40.156450329683004],[-3.117419444716262,40.156300292579033],[-3.117417708851173,40.155292440236494],[-3.1174176945366909,40.155284128960574],[-3.1174157242537461,40.154140110125162],[-3.1174052877702172,40.148079207619446],[-3.1174021952394892,40.146282891487552],[-3.1173866886174668,40.137273328672102],[-3.1173866626456737,40.137258235281493],[-3.1173852053575981,40.136411320556107],[-3.1173803325713969,40.133579200074308],[-3.1173778740396143,40.132150119764027],[-3.1173752999740847,40.130653772859851],[-3.1173743605696953,40.130107653547419],[-3.117373868107129,40.129821356251966],[-3.1173711889815792,40.128263751790854],[-3.1173693281920523,40.127181844282475],[-3.1173556963283029,40.119254160844555],[-3.1173484860258269,40.115059695120159],[-3.117347432618963,40.114446820415338],[-3.1173402106541155,40.110244555833951],[-3.1101483058088952,40.110251618568512],[-3.1065541520389313,40.110254980817913],[-3.1056062094691348,40.110255849009739],[-3.1054715859406383,40.1102559716782],[-3.1028285492325982,40.110258348311341],[-3.0938722020061356,40.11026595343548],[-3.0821381889626656,40.110274869109368],[-3.0704041710362842,40.110282596029897],[-3.0598318333737748,40.110288539926856],[-3.0586746956131647,40.110289131892529],[-3.0586701489245414,40.110289134195689],[-3.0576933350011317,40.110289624874959],[-3.0571407555785322,40.110289898801874],[-3.0567104851056346,40.110290110271727],[-3.056779360240963,40.11042450020858],[-3.0569892852245766,40.110665445248138],[-3.0572655352012545,40.110908987935353],[-3.0575579301226106,40.111173726092275],[-3.0577282286387439,40.111378161709226],[-3.0577858996420644,40.111587149118755],[-3.057678104963709,40.111785419168285],[-3.057471690524173,40.111926070165104],[-3.0573698073218156,40.111949750224973],[-3.0572700440265406,40.111972937221338],[-3.0568998369201155,40.111998380875782],[-3.0563495983944442,40.112031450330683],[-3.0562795807767995,40.112035657633427],[-3.0560977673291361,40.112124936641607],[-3.0560145395202123,40.112248408814928],[-3.0560533987452203,40.112419567522089],[-3.0561767509376501,40.112602404082217],[-3.0562684613345037,40.112823090905835],[-3.0562498559553855,40.113051946246223],[-3.0561357264653966,40.113350602233751],[-3.0561305867262516,40.113588969675853],[-3.0561940674186459,40.113743008885507],[-3.0563279764830238,40.113908719130265],[-3.0564899805100714,40.113999641940921],[-3.0567945018024361,40.114064109140784],[-3.0572175780541313,40.114064159484613],[-3.0574046543991953,40.114048525313542],[-3.0576007915338868,40.114032134030921],[-3.0581281094524018,40.113961009888648],[-3.0584415962194598,40.113871918130634],[-3.0588111623142313,40.113766886964903],[-3.0590490632949137,40.113699275723597],[-3.0591064582593033,40.113674632153099],[-3.0593940412562484,40.113551151380527],[-3.0599145063494659,40.113352859863532],[-3.0602905685583854,40.11320958105496],[-3.0607759833105082,40.113218194632246],[-3.0608359531889313,40.113224080670555],[-3.0613146387864365,40.113271067519129],[-3.0615306117153289,40.113341234369251],[-3.0616704208280772,40.113525850118407],[-3.0616318302930021,40.113690748596149],[-3.0615099885045813,40.113913346588241],[-3.0615335636262513,40.114038570545887],[-3.0616580257118491,40.114136711960604],[-3.0618118378177384,40.114234838481039],[-3.0618975701040489,40.114309569870272],[-3.0619411005800288,40.11444338275556],[-3.0617843131083693,40.114992372380385],[-3.0617773143308131,40.115016879584353],[-3.0618197497679627,40.115235792569912],[-3.0618411489716313,40.115258535848056],[-3.0619231116522974,40.115345651141233],[-3.062051049826132,40.115376222591955],[-3.0622798901958381,40.115395922735317],[-3.0625262655078167,40.115375175074966],[-3.0628431171994452,40.115340668819798],[-3.0630692445961643,40.115321019351164],[-3.0632955473515846,40.115333703076999],[-3.0635259625775633,40.115380952222949],[-3.0636988249854915,40.115456664240853],[-3.0641433193431418,40.115674360774747],[-3.0645979924167963,40.115903715574774],[-3.0648163906768091,40.116057655376082],[-3.0648775071588688,40.116159437080661],[-3.0648645021481302,40.116267872446656],[-3.0648389774071068,40.116369381014813],[-3.0647287253312614,40.116438814959025],[-3.0645677944364311,40.116489028908411],[-3.0641984200919747,40.116573342647442],[-3.0640729596723779,40.116684230447973],[-3.0640705560071071,40.116758923328611],[-3.0640695389084063,40.116790544052982],[-3.0641075262090234,40.116826208334857],[-3.0642061451424514,40.116918790615777],[-3.0643510706860977,40.117047984709231],[-3.0645295913173798,40.117207128601756],[-3.0645602390320308,40.117234449409445],[-3.0650326555741878,40.117723406505931],[-3.0657502479884786,40.118361385932147],[-3.0660931842196359,40.118610255298023],[-3.0661823991822565,40.118649845765525],[-3.0662880384469093,40.118670516480172],[-3.066351553018412,40.118665547345479],[-3.0664087778476308,40.118661069202844],[-3.0667023677666796,40.118573601808123],[-3.066725675802497,40.118566657283907],[-3.0669016724483362,40.118529618127276],[-3.0669061292967745,40.118529338957501],[-3.0670906014950883,40.118517795437135],[-3.0671950039724933,40.118468184721891],[-3.0673005943973348,40.118439290836427],[-3.0674825097751159,40.118454511245098],[-3.0675834960734361,40.11852382551114],[-3.0676615884137837,40.118710897944979],[-3.0676483745842487,40.118880561248375],[-3.0676157049886226,40.119073383411113],[-3.0676580217189096,40.119146341994465],[-3.0677531787747752,40.119258002901759],[-3.0679058713385388,40.119387656448069],[-3.06797050021322,40.119472307121576],[-3.0679975787322387,40.119568691408844],[-3.0679788804205921,40.119648883456406],[-3.0679050209540208,40.119725506711191],[-3.067740801681377,40.119816599989548],[-3.0675120290211182,40.11988430838511],[-3.0671659749414188,40.119956430640279],[-3.0661663827594978,40.120130714991539],[-3.0658434760142779,40.120195641205683],[-3.0657036234802346,40.120232043790082],[-3.0655946566106991,40.120304753680038],[-3.0654076351343611,40.120492781982151],[-3.06514686379631,40.121020403992837],[-3.0650914889360981,40.121208367546728],[-3.0650946971930924,40.121407370970239],[-3.0650959570853424,40.121506474197531],[-3.0650692016475847,40.12158423948425],[-3.0650013946393715,40.121679035255802],[-3.0649506990448305,40.121800266404314],[-3.0649275377217333,40.121887535680209],[-3.0649296595959759,40.121966495629017],[-3.0649579333823218,40.122010184499807],[-3.0650655548260599,40.122095920817195],[-3.0652446015875636,40.122174792938573],[-3.0654730194112174,40.122250471805742],[-3.065597424171802,40.12228945897629],[-3.0657899084453333,40.122349779959549],[-3.066010152598079,40.12246967977601],[-3.0663106392025994,40.12262270393947],[-3.0663920063559367,40.122643660528325],[-3.0665804870275504,40.122692206026663],[-3.0667447973073547,40.122701126467511],[-3.0669134572898962,40.122683952330256],[-3.06733034757946,40.122609794973144],[-3.0677074219792573,40.12256979681321],[-3.0681229930782385,40.122585344264792],[-3.0690651835938962,40.122578483113116],[-3.0692791018077084,40.122553093301526],[-3.0700025680268395,40.122519041618688],[-3.0702091744001572,40.122561260824746],[-3.0703547907917823,40.122654874210156],[-3.0704852087024319,40.122807060930143],[-3.0705569510926862,40.122962881698264],[-3.070546608280925,40.123175512087087],[-3.07068313544822,40.123572752614933],[-3.0707121876910124,40.123834598259265],[-3.0707704833678076,40.124065514052702],[-3.0708656629155384,40.124186187304709],[-3.0709666517732384,40.124246496147265],[-3.0711240671467754,40.124263902548002],[-3.071350491825072,40.124303921800447],[-3.0715254609234943,40.12439121427763],[-3.0716570026237324,40.12449473354188],[-3.0718814189066408,40.124735156395282],[-3.0722442484072707,40.1249025120269],[-3.0724462425807721,40.125023116381101],[-3.0727874610503338,40.125380999150359],[-3.0729197149927145,40.125509338879347],[-3.0729386097005245,40.1256201451328],[-3.0728306016724702,40.125814618770285],[-3.0728284884319352,40.125818423053673],[-3.0725646253184671,40.12602940443459],[-3.0722866119317742,40.126172826508494],[-3.0719804207843979,40.126307255823505],[-3.0715792454210016,40.12652283401539],[-3.0714854368463063,40.126613879950192],[-3.0714972706381984,40.12670306502357],[-3.0716944747738357,40.126859857077434],[-3.0718414061016963,40.126944313949764],[-3.0719611157323516,40.126942444916423],[-3.0724679458716206,40.126777265749645],[-3.0727484146482267,40.126706803288535],[-3.0730383178629537,40.126703024188465],[-3.0732543661875771,40.12679478389343],[-3.0734070898458703,40.126938848059858],[-3.0736209708305995,40.127201786409913],[-3.0737029877324193,40.127395566844555],[-3.0737260494249998,40.127791844943211],[-3.0737133355959805,40.127988265967147],[-3.073797943804887,40.128076507985043],[-3.074082421132859,40.128248132258442],[-3.0743241639679759,40.128460886863927],[-3.0744064878857089,40.128622998713688],[-3.0744278331914172,40.128832907796308],[-3.0743961239890969,40.129182853842025],[-3.074391128116376,40.129228702401271],[-3.0743576013911107,40.129536445011894],[-3.0741986989408034,40.129701573057616],[-3.0740332403084984,40.129742216737505],[-3.0736095760590607,40.129792034183119],[-3.0731294562616238,40.12984692661216],[-3.0727888964311139,40.129878269324202],[-3.0727411087877368,40.129882666302208],[-3.0725780255105071,40.129948539594068],[-3.0724842476007996,40.13007383535458],[-3.0724057563869414,40.130346421207832],[-3.0723314584006172,40.131029838424617],[-3.0724255248760457,40.131179331741286],[-3.0726087115211653,40.131257604132877],[-3.0729745589454258,40.131274667202717],[-3.0735899725449745,40.131256095514658],[-3.0737894648049822,40.131215421788276],[-3.0739560669244783,40.131147748944713],[-3.0741415265919803,40.131149436786515],[-3.0742648681718303,40.131245761346548],[-3.0744012388162965,40.131452893640962],[-3.0747031859049834,40.13172118883945],[-3.0749098887079844,40.131838178268211],[-3.0751601408972746,40.132057860173617],[-3.0753247110251665,40.132295602966494],[-3.0754339718491295,40.132387427918381],[-3.0755983894647883,40.132471111741772],[-3.0758026499707536,40.132489902878092],[-3.0765163324950326,40.132503857902165],[-3.0766548033406367,40.132476207781593],[-3.0767064370841366,40.13246589634857],[-3.0770503468234853,40.132462074121776],[-3.0771865789686945,40.132520549374121],[-3.0773663362667558,40.132684398644486],[-3.0775100572963825,40.133154607863702],[-3.0774867575033222,40.133343797894007],[-3.0773292370970573,40.133864666674462],[-3.0772899525173267,40.133994569780825],[-3.0772438758776377,40.13419062312493],[-3.0771898155444073,40.134420649729094],[-3.0770687281546532,40.135321682282104],[-3.0771040582024982,40.13543698332343],[-3.0771593417587297,40.135542350599259],[-3.0772340806460745,40.135586501827476],[-3.0775668256442579,40.13568624263791],[-3.0779297204015128,40.135755021472576],[-3.0780599120917858,40.135750780369136],[-3.0781175089801986,40.135719043992871],[-3.0781786192471441,40.135685372659076],[-3.07822508081831,40.135636084054916],[-3.0784005729196124,40.13544991734652],[-3.0786041252774918,40.135309232458688],[-3.0789080408725367,40.135259205445522],[-3.0791816965004739,40.135396867195375],[-3.0794611210050546,40.135444435643443],[-3.0796084455751616,40.135513859668116],[-3.0800858011015197,40.135513544955366],[-3.0806330766867323,40.135468952436248],[-3.081085667766652,40.135408634358591],[-3.0815876988711119,40.135317010106313],[-3.0817110382525135,40.135294498276359],[-3.0819928436464488,40.135191809601878],[-3.0820236631631652,40.13518057894575],[-3.0822375691815074,40.135104625053884],[-3.0824129403604608,40.135129788504969],[-3.0826327721458338,40.135233847590754],[-3.0827183087247785,40.135368942993317],[-3.0827647030193202,40.135442214573743],[-3.0829276631450062,40.135967624655876],[-3.0829547136144875,40.136054837025448],[-3.0832229343814417,40.13667687019624],[-3.0833094889675694,40.13679052067571],[-3.0834248435540035,40.136888991713377],[-3.0834536672694042,40.136913595950929],[-3.0834646420234977,40.136915785480106],[-3.083643018562336,40.136951368084944],[-3.0839147230297006,40.137036455378421],[-3.0840753488354387,40.137150042571662],[-3.0842195019974445,40.137251019088971],[-3.084359465015766,40.137285659085897],[-3.0845611774788071,40.13733288798462],[-3.0847217540735969,40.137405421227292],[-3.0848371345599457,40.13753168179904],[-3.0848661158051982,40.137673793099587],[-3.0848127952547921,40.137822283116861],[-3.0847307522694805,40.138046592672218],[-3.0849368802216972,40.13834018299606],[-3.0850484227688715,40.138697014947148],[-3.0850790730555517,40.138750651718595],[-3.0851061587134971,40.13879805196374],[-3.0851926532343987,40.13885799580364],[-3.0852506177406656,40.13886454275741],[-3.0853037850475569,40.138870547235129],[-3.0855343289878854,40.138943027770274],[-3.086065344171212,40.139050039398903],[-3.0862877798872588,40.139214118591866],[-3.0864730524204007,40.139280308951712],[-3.0865158272309192,40.139277684945988],[-3.0866294226787137,40.13927071670291],[-3.0867692641798419,40.139207451220649],[-3.0869995424053713,40.139055672376863],[-3.0870659724856719,40.138998040396523],[-3.0871598728522529,40.138916576274767],[-3.0873427628767569,40.138827270621512],[-3.0874189865627701,40.138790050372243],[-3.0876035553685708,40.138714161012658],[-3.0876575516764335,40.138691958376675],[-3.0880236732970099,40.138581138465568],[-3.0880656278568206,40.138573675462602],[-3.0882394255891774,40.138542758314607],[-3.0882911223074423,40.138533562470812],[-3.0884886622910863,40.138536569555406],[-3.0884917756339325,40.138537621297885],[-3.0886286430126928,40.138583848421383],[-3.0888016478437188,40.138713216055358],[-3.0889623351636613,40.138864703312144],[-3.0889871775021276,40.138978386081114],[-3.0889791398076287,40.139133156190994],[-3.0889863218843017,40.139246666024427],[-3.0889875336784258,40.139265814963721],[-3.0890534866766042,40.139344725157969],[-3.0891523077006844,40.139385713003215],[-3.0892481675971344,40.139392998193664],[-3.0892757711548788,40.139395095070043],[-3.0893207861114722,40.139392757508936],[-3.0894609617440492,40.139385478578319],[-3.089605025032772,40.139407476715711],[-3.089694774454514,40.139434109840209],[-3.0898067511189362,40.139467338694139],[-3.0899632915855992,40.139590397115846],[-3.0899881578726278,40.139719877039539],[-3.0898977731870696,40.139843124456156],[-3.0897620817526592,40.139934830141115],[-3.0895893179946476,40.139998124703254],[-3.0893917843672649,40.140001442418487],[-3.0890501598252991,40.139973271378736],[-3.0887990282590194,40.139903968802443],[-3.0886912772506627,40.139868781561937],[-3.0884902442710809,40.139803132061751],[-3.0883172974245277,40.139721138133687],[-3.0881732012256662,40.139673871945504],[-3.0881185078451128,40.139693996837899],[-3.0880785880988144,40.139708685798766],[-3.0880745958882567,40.139803436313905],[-3.0881322958734709,40.139869720064972],[-3.0882270585255189,40.139961251039324],[-3.088250844602189,40.140004090599298],[-3.0882971813513591,40.140087542575785],[-3.0884291067433107,40.140273792510698],[-3.088550765406139,40.140358507645438],[-3.0885650414400763,40.14036844871265],[-3.0887585590609903,40.140447261430005],[-3.0890837711519366,40.140519664080628],[-3.0895654337022949,40.140633007890685],[-3.0897013120773784,40.140692911938778],[-3.0899609213979322,40.140954875858377],[-3.0899844926834485,40.141007333850055],[-3.0900063191159441,40.141055910063223],[-3.0901014386097834,40.141406428611546],[-3.0901754308526783,40.141610744336951],[-3.090175767831211,40.141611675665139],[-3.090176630913132,40.141611853382734],[-3.0902828052707818,40.141633702676302],[-3.0904186250037675,40.141636762674963],[-3.0905996836975849,40.141617669511909],[-3.0907724956753113,40.141589115263415],[-3.0908794016382606,40.14151322751092],[-3.0911507034772634,40.141263495754444],[-3.0913645149464273,40.141108564288693],[-3.0916566067310218,40.141026221952743],[-3.0919569127919289,40.140928072254319],[-3.0922653570681526,40.140766743711694],[-3.0925737913215592,40.140599104941536],[-3.0928451735987066,40.140415694953916],[-3.0929602192808212,40.14027031594248],[-3.0929888573170263,40.140143949777155],[-3.0929639057446163,40.139944987776076],[-3.0928360581424443,40.139742940526929],[-3.0926959059340078,40.139572499587544],[-3.0926427827119269,40.139459810588008],[-3.0926051128077754,40.139379899584611],[-3.092600743772481,40.139187231330034],[-3.0926099250296302,40.139155376911177],[-3.0926335242632161,40.139073504164557],[-3.0926950526817962,40.138918681087787],[-3.0927978179097848,40.138833329376261],[-3.0929231551934628,40.138828645696648],[-3.0929706496800637,40.138826870529016],[-3.0930982925467649,40.138867832768753],[-3.0931931098862422,40.138997256663195],[-3.0932468928080419,40.139215149798105],[-3.0933293488333895,40.13932247490866],[-3.0935187858661757,40.139413925220779],[-3.0937533862277387,40.139439002906812],[-3.0939510311139031,40.139517804518235],[-3.0940411334163054,40.139615994402732],[-3.0940581936178613,40.139634586237385],[-3.0940666409715614,40.139798819567673],[-3.0939844835003512,40.139909441962445],[-3.093914195607649,40.139951290835121],[-3.0937295235071662,40.140061243837387],[-3.0934910694113751,40.140238307304756],[-3.093474853202129,40.140427837853082],[-3.0936314611971349,40.140591953307492],[-3.0938869685865722,40.140850746676016],[-3.0939776921421123,40.140989650379353],[-3.0940184088489882,40.14115749915517],[-3.0943240482503471,40.141475783423893],[-3.0944147747030706,40.1416146867668],[-3.0944111297142332,40.141701267296249],[-3.0944067982856271,40.141804198969012],[-3.0942753299757957,40.141968546201802],[-3.0941933151785057,40.142196024630991],[-3.0942348520237712,40.142473944452838],[-3.0943586185621781,40.142701257142875],[-3.0945398517438711,40.142808501697544],[-3.0948340949940518,40.142853421616444],[-3.0948691628378748,40.142858774313943],[-3.095116032821065,40.142808034380799],[-3.0953957972957884,40.142738324189864],[-3.095700204566775,40.142630684258513],[-3.0964572357419877,40.142453200845893],[-3.0966030743247868,40.1424219800153],[-3.0967534663352492,40.142389783963999],[-3.0967535278967082,40.142434009230968],[-3.0967540327925436,40.142794069396977],[-3.0964193671482465,40.144215163310726],[-3.0964103207098601,40.144253577763209],[-3.0962381634972611,40.14477171658752],[-3.0961236877401128,40.145327704216058],[-3.0961571388655171,40.145706698400986],[-3.0961824235521398,40.146136227721868],[-3.0962981590349443,40.146502522919548],[-3.0964563149173263,40.146885564780284],[-3.0965049439194452,40.14721617373101],[-3.0964639980900519,40.147380449623192],[-3.0963818821406521,40.147525804534673],[-3.0961845685446954,40.14770283817564],[-3.0958884524421721,40.147873644830888],[-3.0957298358908591,40.147970547857938],[-3.0950083746362087,40.148411303659664],[-3.0946053427175686,40.14865167377922],[-3.0942270415302167,40.14892992201689],[-3.0937502398767873,40.149416706771817],[-3.0935779000359296,40.149814817686185],[-3.0933149465416157,40.150175095423933],[-3.0931834650200445,40.150352072607831],[-3.0932085267010487,40.150630004760622],[-3.0933652255482573,40.150844650353186],[-3.0935464800124346,40.15095189628741],[-3.093958314903638,40.151122127438903],[-3.0945255931242706,40.151332114777276],[-3.0952020074056898,40.151585826768397],[-3.0960730117164927,40.151900973702951],[-3.0968348129733863,40.152129340634751],[-3.097170541294203,40.152280749807474],[-3.0974361830566415,40.152484149920049],[-3.0975902415120058,40.152667808957482],[-3.0976985441196669,40.152864130596413],[-3.0977481029976421,40.153253010838583],[-3.097701191547265,40.153554684237811],[-3.0974981593257493,40.154072848350069],[-3.0970169891920376,40.155025964770957],[-3.0969111268183496,40.15523565359458],[-3.0967217946568577,40.155515525348655],[-3.0966211302492233,40.155745339602994],[-3.0965039101998122,40.155890491233663],[-3.0961110262040301,40.156230467501388],[-3.0956172141986369,40.156492217440494],[-3.0949904014570584,40.156770145692711],[-3.0944222880796377,40.157154880525326],[-3.0934958908809453,40.157834453575603],[-3.0933674616922975,40.15794849923882],[-3.0931792861431884,40.158168056891547],[-3.0930608345791426,40.158275359537278],[-3.0927960077778218,40.158511168301779],[-3.0925081420988549,40.158732487677369],[-3.0923704762247191,40.158917362792948],[-3.0922062980513267,40.159282298545875],[-3.0920305066863008,40.159658219611352],[-3.0918489861824119,40.159920596653585],[-3.0915325247205381,40.16032513103665],[-3.0912529935167794,40.160628553680347],[-3.0911065866570304,40.160736472743693],[-3.0908377283202109,40.161036318184536],[-3.0904307274394971,40.161466194963275],[-3.090131038793547,40.161856192523636],[-3.0899334926536377,40.162161436460053],[-3.0897572666922528,40.16250515320705],[-3.0896799242313095,40.162636758834751],[-3.0895286569681528,40.162801740697688],[-3.0893457835743137,40.162945191410152],[-3.0891543282322664,40.163017349588898],[-3.0887614365352976,40.163135141333299],[-3.0881941095423966,40.163308179737342],[-3.0877244838722508,40.163527567568259],[-3.0872000012497378,40.163743171161514],[-3.0868932457971758,40.163825081412369],[-3.0864145583529807,40.163885199969634],[-3.0862400581228648,40.163895227957191],[-3.0860205633049698,40.163907841521826],[-3.085647665977473,40.163838006569129],[-3.08537274340528,40.163734599825226],[-3.0850815500072417,40.163598990751716],[-3.0846118942057901,40.163321378689012],[-3.0840515976317544,40.162986982099433],[-3.0836676298803822,40.162744772728104],[-3.0831946141462172,40.162406416729887],[-3.0826462631275082,40.161972477116983],[-3.0824197813229914,40.161655244755124],[-3.0822908833650642,40.161330352075815],[-3.0823153151943585,40.161136636596211],[-3.0824548815845136,40.160997794727749],[-3.0826120966458581,40.160872449017369],[-3.0826737785390015,40.160600130067884],[-3.082758308355996,40.160390339950261],[-3.0828896722970209,40.160253308916751],[-3.0831125653289817,40.160078362943182],[-3.0832658018985315,40.159936427191312],[-3.0832671731495656,40.159744904753545],[-3.0831253325875183,40.159506976997719],[-3.0828991015154266,40.159284785227968],[-3.0825818033703065,40.159075986724545],[-3.0823343254591697,40.158983217705718],[-3.0817678240575526,40.158872938572593],[-3.0813295645300287,40.158705967744261],[-3.0804893444803993,40.158314885204064],[-3.0800115955944847,40.158113066231692],[-3.0794596925672875,40.157860754388089],[-3.0789571539690783,40.157576830461799],[-3.0786440975722882,40.157393846803188],[-3.0782239807581062,40.157173026057315],[-3.0778803192840161,40.157088983219026],[-3.0776149212035739,40.157069327779666],[-3.0772686200058565,40.157078338296451],[-3.0768375862520183,40.157053619099301],[-3.0761764146792383,40.156968456153201],[-3.0755551280295363,40.156851729962959],[-3.0751567687968238,40.156764405502557],[-3.0743991570178211,40.156588005619021],[-3.0735479034885049,40.156328899391738],[-3.0735241323289788,40.156321664496772],[-3.0723816043275276,40.15603295587082],[-3.0716322882970615,40.155989612860481],[-3.0712865961076576,40.156065629917897],[-3.0707742776087597,40.156181698989961],[-3.0702494364594615,40.156249453329934],[-3.0697226592588236,40.156379268795831],[-3.0694675236752995,40.156471012403117],[-3.0691693280030186,40.156521904814184],[-3.0689870123715073,40.156553019969884],[-3.0686249161193855,40.15672064081928],[-3.0683822504253517,40.156935552403496],[-3.0682311436446148,40.157105024815387],[-3.0682265097316264,40.15711040444932],[-3.0680399352031316,40.15732701477679],[-3.0679906153268446,40.157414693215685],[-3.0679485344863657,40.157526058913348],[-3.0679088523000404,40.157675008351276],[-3.0678451388679506,40.157914154803194],[-3.0683980348488955,40.159107181069324],[-3.0687805964738772,40.159932636742134],[-3.0704664122798717,40.161867766533184],[-3.072628822421839,40.162392591608551],[-3.0734419377836391,40.16287859251419],[-3.0768321975759094,40.165073848662267]]]},"properties":{"FID":107,"Malla10km_":"30TVK94","Sheet1__Ur":" ","Sheet1__CU":" ","Sheet1__Ob":0}},{"type":"Feature","id":108,"geometry":{"type":"Polygon","coordinates":[[[-3.0538305451200638,40.106014456538304],[-3.0535681876811211,40.106343812818231],[-3.0535307558588398,40.106497887696264],[-3.0535777883527904,40.106637517110677],[-3.0537818131626193,40.106829369242185],[-3.0540474436152145,40.107057145227145],[-3.0544403407623708,40.10731547918936],[-3.0548057477687371,40.107459518683271],[-3.0552482337779767,40.107627787730266],[-3.0553679843680395,40.107720535187063],[-3.0555418436317043,40.107976314741137],[-3.0556792841269043,40.108171755100081],[-3.055868504974538,40.108309734813737],[-3.0560331760171371,40.108467585127009],[-3.0562053677666681,40.108702162990333],[-3.0562467319939839,40.109061626340782],[-3.0562163775486324,40.109258041142795],[-3.0561778477007051,40.109494112184699],[-3.0562659680461146,40.10964362118149],[-3.0565267133179024,40.109959729564352],[-3.0566762950722208,40.110223398081814],[-3.0567104851056346,40.110290110271727],[-3.0571407555785322,40.110289898801874],[-3.0576933350011317,40.110289624874959],[-3.0586701489245414,40.110289134195689],[-3.0586746956131647,40.110289131892529],[-3.0598318333737748,40.110288539926856],[-3.0704041710362842,40.110282596029897],[-3.0821381889626656,40.110274869109368],[-3.0938722020061356,40.11026595343548],[-3.1028285492325982,40.110258348311341],[-3.1054715859406383,40.1102559716782],[-3.1056062094691348,40.110255849009739],[-3.1065541520389313,40.110254980817913],[-3.1101483058088952,40.110251618568512],[-3.1173402106541155,40.110244555833951],[-3.1173247319554984,40.101234936759752],[-3.1173092602289345,40.092225303622705],[-3.11730282146334,40.088474623939419],[-3.1173017827673162,40.087869501456105],[-3.1172937954709106,40.08321565642354],[-3.1172783376779152,40.074205995163005],[-3.11726288684644,40.065196319841831],[-3.1172572684474811,40.061919114039],[-3.1172572442338766,40.061904989104214],[-3.1171527374905268,40.061958344911169],[-3.1161521396077445,40.062469190726162],[-3.1146570975440153,40.063241327470756],[-3.1122665887114316,40.064462826978371],[-3.1121657621348118,40.064460463187423],[-3.1107126235024212,40.064426390641863],[-3.1063166456295179,40.066167629271035],[-3.1041717540471776,40.066858091529795],[-3.1031773411866506,40.06716850319534],[-3.1026842763973517,40.06733949029136],[-3.1017059546996508,40.067412983128818],[-3.1005878839532444,40.067505542819319],[-3.0980557629863688,40.067716141198375],[-3.0973986809566565,40.067865211284634],[-3.0969379082489414,40.067969740803903],[-3.096910009494668,40.067979944198242],[-3.0963982897911069,40.068167088025014],[-3.0953538709668407,40.068549038985736],[-3.0950383647276491,40.068590599573533],[-3.0936173588243232,40.068771226955455],[-3.0922138506901522,40.068949611999869],[-3.0916922337916737,40.069201004528658],[-3.0888022467920524,40.070593755788074],[-3.0887980434595979,40.07059713764405],[-3.0884431859415487,40.070882563101065],[-3.0871433035003926,40.071928078436684],[-3.0852292363596518,40.073413970098329],[-3.0822181673771816,40.075620731427932],[-3.0798025934460194,40.077375347945804],[-3.077393015908644,40.079157180086042],[-3.074519539656142,40.081630127306177],[-3.0739756839550685,40.082063210519237],[-3.0737976625311205,40.082204971448029],[-3.0737944772703907,40.082207506997307],[-3.0726306216800188,40.083134280136733],[-3.0716386291960269,40.083365767080466],[-3.0707532049510893,40.083572375956138],[-3.0706029309642409,40.083668978339702],[-3.0668459459152628,40.086236651985928],[-3.0627644759700554,40.089016816028931],[-3.0620376239157907,40.089580971003691],[-3.0607071448585415,40.090563920920957],[-3.0590965446372844,40.092392738908181],[-3.0581187839203672,40.093643988435659],[-3.0568699522218865,40.095375449457251],[-3.0566163083319675,40.095736224717285],[-3.0562866245708924,40.09620514769621],[-3.0559716963242498,40.096653076389579],[-3.0557607157503779,40.096953156283767],[-3.0551604050284253,40.097402101787402],[-3.0543529602313324,40.09852685439661],[-3.054226568677012,40.098606312063652],[-3.0533728604050321,40.099142997967078],[-3.0530718721866266,40.099332210924793],[-3.0529833106753839,40.099387885139073],[-3.0531243321325046,40.099541456654677],[-3.0532293196350722,40.099696172566816],[-3.0533817176835494,40.099975630321616],[-3.0536528730563743,40.100472321243529],[-3.0540487488214549,40.100916562273142],[-3.05431213871503,40.101151937668199],[-3.0544102062370699,40.101239574403884],[-3.0546625604100748,40.101388122826606],[-3.0549195818403319,40.101491602243918],[-3.054941697964499,40.101513889723442],[-3.055069365878524,40.101642547174499],[-3.0553253423269355,40.101938664071106],[-3.0555196490198053,40.102163439175918],[-3.0557452059560117,40.102533612736508],[-3.0560894642816114,40.103140688292733],[-3.0562556260925486,40.103745540224388],[-3.056399148062154,40.104528898249363],[-3.0565608976911509,40.104850861711853],[-3.0565732605195417,40.105115337214286],[-3.0565030765709746,40.105379337649268],[-3.0565003711034495,40.10538242206708],[-3.0562334675487377,40.105686695695567],[-3.0560997366795877,40.105723698254742],[-3.0559939850104416,40.105716622802881],[-3.0558990836867195,40.105710273601083],[-3.055607212921835,40.105603030926332],[-3.0553274149359311,40.105489460586007],[-3.0550317198029817,40.105345793218355],[-3.0546537992639946,40.105202718913226],[-3.0545743980869982,40.10518879231347],[-3.0544437417210317,40.105165875619527],[-3.0542243668583269,40.105201120620301],[-3.0540554844049885,40.105300300171791],[-3.0540016529242786,40.105483215524593],[-3.0539725029051286,40.105714766885527],[-3.0538305451200638,40.106014456538304]]]},"properties":{"FID":108,"Malla10km_":"30TVK93","Sheet1__Ur":" ","Sheet1__CU":" ","Sheet1__Ob":0}},{"type":"Feature","id":109,"geometry":{"type":"Polygon","coordinates":[[[-3.7134312935631821,41.000973881019107],[-3.7134468321922611,41.002414770671741],[-3.7134830509735894,41.005772914148935],[-3.7135166134058371,41.0088842573496],[-3.7135177356235536,41.008988282023914],[-3.7150318609245616,41.008978899221958],[-3.7208776269184112,41.008942487259283],[-3.7213819356597133,41.008939332140727],[-3.7225050494224998,41.008932297648549],[-3.7226758528800321,41.008931226882218],[-3.7231911080948632,41.008927995215394],[-3.7238351916523298,41.008923952301267],[-3.7239542143361106,41.00892320480154],[-3.7243501912636945,41.008920717057777],[-3.7253007264163629,41.00891473972321],[-3.7253117001406362,41.0089146706704],[-3.7254087949650456,41.008914059649861],[-3.7255572357222064,41.008913125349792],[-3.7302893111202917,41.00888324103078],[-3.7372998095381291,41.008838610732397],[-3.7491907786092655,41.008761935284937],[-3.7500592384418501,41.008756287202317],[-3.7505436238062262,41.008753134129051],[-3.7587339502417123,41.008699511532527],[-3.7610817014449176,41.008684033321074],[-3.7729725773115863,41.008604904854685],[-3.7737906630662046,41.00859941575402],[-3.7771884955272914,41.004596911002061],[-3.7801943221084291,41.001789667443418],[-3.7806551009246689,41.001456801022378],[-3.7813663660564591,41.000311570033446],[-3.7816788599149671,41.000390905431686],[-3.7839234847540562,41.000960739166096],[-3.7843126815083572,41.0007699741764],[-3.7862620679030163,40.99981444608904],[-3.7925651958269762,40.996724447312118],[-3.7971934389051518,40.994455132950009],[-3.7993065906739316,40.993418899673962],[-3.7997965652303036,40.993528461171778],[-3.8000270299812051,40.993579993610233],[-3.8014566825443947,40.993014551153394],[-3.8026621855428329,40.992537738939895],[-3.8031357091873725,40.992350441644348],[-3.803722204814628,40.991982532758279],[-3.8052415878675543,40.991029391613701],[-3.8094591208236435,40.9878027679217],[-3.8112814477610311,40.987394356017973],[-3.8124625787176893,40.987129629036687],[-3.8139746303528765,40.986645322667457],[-3.8142633402826389,40.986603957779238],[-3.8193062780721938,40.985881302732231],[-3.8194159897852527,40.98586557842625],[-3.8212173338232152,40.984822441279626],[-3.8219589938229426,40.985005635183285],[-3.8230566004617144,40.985276739463259],[-3.8233954458493002,40.985360430155737],[-3.8234306676231729,40.985369129945084],[-3.8254908217804142,40.985877935910651],[-3.8261069046539595,40.986030084084447],[-3.8268665464973028,40.986188980161913],[-3.8290938553707141,40.986654836753409],[-3.8318823799675243,40.98556599586243],[-3.8321402822833353,40.985458134610013],[-3.8321357710182373,40.985099277231363],[-3.832086367847257,40.981168980233413],[-3.8320698689003896,40.979856223553604],[-3.832067012496839,40.979628941859829],[-3.8320577847109094,40.978894676664531],[-3.8320549751680533,40.978671112808719],[-3.8320532464265771,40.978533550346647],[-3.8320493973394378,40.978227260573348],[-3.8320236423881679,40.976177697411323],[-3.8320189336884733,40.975802959062399],[-3.8320068975434305,40.974845039230786],[-3.8319731842658,40.972161656392892],[-3.831915239349843,40.967548725326594],[-3.8318991355546368,40.966266529153707],[-3.8318600519480639,40.963154318175256],[-3.831800707625213,40.958427820136905],[-3.8317469708789189,40.954146966481943],[-3.8316529086318036,40.946651418056206],[-3.8316433852947043,40.945892372783341],[-3.8316339410093385,40.945139599512203],[-3.8316287348889642,40.944724624362195],[-3.8316160693689221,40.943715030918213],[-3.8316075929406685,40.943039329465286],[-3.831551585995892,40.938574137077445],[-3.8315283656183747,40.936722581357955],[-3.8315268297163709,40.936600104891959],[-3.831520962312942,40.936132217266831],[-3.8315188758179977,40.93596583007389],[-3.831518161627129,40.935908876720504],[-3.831513240776844,40.935516457671156],[-3.8315061806452868,40.934953425523943],[-3.8315044981719737,40.93481924909716],[-3.831496727127814,40.934199500324169],[-3.831480255934129,40.932885841591485],[-3.8314684364592546,40.931943126655703],[-3.8314431562149256,40.92992663747372],[-3.8314317971747847,40.929020512111947],[-3.8314277919576707,40.928701000869474],[-3.831408034774662,40.927124820647315],[-3.831389746639752,40.925665725799853],[-3.8313862832124483,40.92538938869869],[-3.8313649772691707,40.923689362785957],[-3.8313429803938122,40.921934053598029],[-3.8313373692849573,40.921486272802511],[-3.8313226590640852,40.920312311636202],[-3.831303812466321,40.918808141920607],[-3.8312951583907142,40.918117411455867],[-3.8303852373881599,40.918123967529077],[-3.8288449787701122,40.918135048883151],[-3.8285462131571744,40.918137195962622],[-3.8246478152655818,40.918165140849261],[-3.8239239636516187,40.918170315125792],[-3.8234820240601026,40.918173471988837],[-3.8203211339894234,40.918196001475245],[-3.8194206804505346,40.91820240366809],[-3.8128813718337864,40.91824868694691],[-3.8075461521345892,40.918286173312538],[-3.8069962839984446,40.918290022767728],[-3.8003204212867256,40.918336549216015],[-3.7956715741724993,40.918368720374403],[-3.7899316651472539,40.918408183362729],[-3.7869203688991804,40.918428772332568],[-3.7837969472939261,40.918450044838991],[-3.7836264769379153,40.918451203416616],[-3.7807215082493961,40.918470907882586],[-3.7783626235163674,40.918486854404456],[-3.7721065835825907,40.918528912744137],[-3.7719222722285553,40.91853014669195],[-3.765379236895388,40.918573760843444],[-3.7625388514909397,40.91859257852871],[-3.760047549706083,40.918609025918997],[-3.7501781510977721,40.918673653950812],[-3.7481727804562346,40.918686682506177],[-3.7433056188942926,40.918718158584596],[-3.7404745233388552,40.918736372854546],[-3.7400880993392178,40.918738853578688],[-3.7363590575247567,40.918762726340049],[-3.7362979652087418,40.918763116439727],[-3.7312979707796998,40.918794933737111],[-3.7244231046933662,40.918838327706062],[-3.7175872822115088,40.918881068814073],[-3.7125481996398753,40.918912316291888],[-3.7126449557277219,40.927919977250937],[-3.7126553030535434,40.928883035639934],[-3.7126655922936469,40.92984064140542],[-3.7126801613021732,40.931196480338265],[-3.7126835565958811,40.931512443997384],[-3.7126880246091183,40.931928226510031],[-3.7126882758829356,40.931951609185049],[-3.7127063949707995,40.933637636312341],[-3.7127269346491518,40.93554873208673],[-3.7127417556464701,40.936927623903955],[-3.7127513959871106,40.937824474725332],[-3.7128206731071036,40.944268203030099],[-3.7128308965097778,40.945218943190753],[-3.7128326354111647,40.945380650308522],[-3.7128385994187116,40.945935256250173],[-3.7128422427868872,40.946274053287873],[-3.7129270310192859,40.95415688091628],[-3.7129354870670555,40.954942874288896],[-3.7129408656531115,40.955442800015391],[-3.7130126761096887,40.962116189009087],[-3.7130323125418072,40.963940623224381],[-3.7130324186141279,40.963950478019392],[-3.7131147483041356,40.971597953330651],[-3.7131237090872675,40.972430128281886],[-3.7131293940825736,40.972958067440963],[-3.7131619337429518,40.975979604180132],[-3.7132264134853483,40.981965641652167],[-3.7132513994388914,40.984284749996064],[-3.7133234768742431,40.990973203354528],[-3.7133496149172975,40.993398135300488],[-3.7133527450097787,40.993688506736156],[-3.7133580729270586,40.994182755504042],[-3.7133704306364863,40.995329081438264],[-3.7134092480077792,40.998929427346155],[-3.7134205842428396,40.999980749845101],[-3.7134312935631821,41.000973881019107]]]},"properties":{"FID":109,"Malla10km_":"30TVL33","Sheet1__Ur":" ","Sheet1__CU":" ","Sheet1__Ob":0}},{"type":"Feature","id":110,"geometry":{"type":"Polygon","coordinates":[[[-3.8299443242439355,40.828044138174349],[-3.8235308588559218,40.828090099150451],[-3.8197253246880845,40.828117202278264],[-3.8183108020776841,40.828127244544525],[-3.8064523531371206,40.828210750208775],[-3.8008128446400828,40.8282500351661],[-3.800234463265963,40.828254048596882],[-3.7948104087824404,40.828291545387351],[-3.7945938548051812,40.828293037142444],[-3.7928502188726676,40.828305033549135],[-3.7888713867382062,40.828332309659594],[-3.7827353078077852,40.828374105330965],[-3.7750877320051086,40.828425739600156],[-3.7708767128708756,40.828453954760022],[-3.7639701593166941,40.828499898033662],[-3.760604115280946,40.828522139509687],[-3.7593366370272556,40.828530489044468],[-3.7591786753958916,40.82853152864346],[-3.7590180707204057,40.828532585415438],[-3.7582676943699109,40.828537519897239],[-3.7574759916157268,40.828542720850059],[-3.7534751694971642,40.828568920442322],[-3.7485648159016729,40.828600886486072],[-3.7471593820823559,40.828609997283316],[-3.7470622718970774,40.828610626172662],[-3.7460173595706903,40.828617387893196],[-3.7438087238846953,40.828631649024125],[-3.7410923362002237,40.828649130715583],[-3.7353006476827164,40.828686190349956],[-3.723441868247503,40.82876116460185],[-3.711583044502742,40.828834920025756],[-3.7116793635204335,40.837842724005867],[-3.7117757261440327,40.846850513687137],[-3.711787004902527,40.847904562556309],[-3.7118366842814154,40.852546649084957],[-3.7118461784836301,40.85343367234038],[-3.7118705583005909,40.855711245387909],[-3.7118721323959658,40.855858289068834],[-3.7118732816682223,40.85596564732792],[-3.7118801723956376,40.856609326390732],[-3.7119383323018753,40.862041347813637],[-3.7119412976582122,40.862318266426087],[-3.7119679575821882,40.864807719069262],[-3.7119685822986703,40.864866050150241],[-3.711973907170742,40.86536323759789],[-3.7120650758746025,40.873873796930617],[-3.7121197892211426,40.878979510859814],[-3.712121082224046,40.879100154785036],[-3.7121616131462387,40.882881529409254],[-3.7122581941457278,40.891889248486187],[-3.7122876946472294,40.894639825103638],[-3.7123008075083455,40.895862323475676],[-3.712354818866598,40.900896951458407],[-3.7124124249929324,40.906265254232167],[-3.7124514873603527,40.909904641027452],[-3.712458010881706,40.910512363388627],[-3.7124602326447174,40.910719335550418],[-3.7124727341992081,40.91188389910927],[-3.7125263330378502,40.916876043158581],[-3.7125313208423223,40.917340538508448],[-3.712545696036722,40.918679185056057],[-3.7125459871136202,40.918706289778953],[-3.7125481996398753,40.918912316291888],[-3.7175872822115088,40.918881068814073],[-3.7244231046933662,40.918838327706062],[-3.7312979707796998,40.918794933737111],[-3.7362979652087418,40.918763116439727],[-3.7363590575247567,40.918762726340049],[-3.7400880993392178,40.918738853578688],[-3.7404745233388552,40.918736372854546],[-3.7433056188942926,40.918718158584596],[-3.7481727804562346,40.918686682506177],[-3.7501781510977721,40.918673653950812],[-3.760047549706083,40.918609025918997],[-3.7625388514909397,40.91859257852871],[-3.765379236895388,40.918573760843444],[-3.7719222722285553,40.91853014669195],[-3.7721065835825907,40.918528912744137],[-3.7783626235163674,40.918486854404456],[-3.7807215082493961,40.918470907882586],[-3.7836264769379153,40.918451203416616],[-3.7837969472939261,40.918450044838991],[-3.7869203688991804,40.918428772332568],[-3.7899316651472539,40.918408183362729],[-3.7956715741724993,40.918368720374403],[-3.8003204212867256,40.918336549216015],[-3.8069962839984446,40.918290022767728],[-3.8075461521345892,40.918286173312538],[-3.8128813718337864,40.91824868694691],[-3.8194206804505346,40.91820240366809],[-3.8203211339894234,40.918196001475245],[-3.8234820240601026,40.918173471988837],[-3.8239239636516187,40.918170315125792],[-3.8246478152655818,40.918165140849261],[-3.8285462131571744,40.918137195962622],[-3.8288449787701122,40.918135048883151],[-3.8303852373881599,40.918123967529077],[-3.8312951583907142,40.918117411455867],[-3.8312901812537365,40.917720147247401],[-3.8312723481721593,40.916296684226587],[-3.831231925488328,40.913069707108875],[-3.8312254103885088,40.912549552001465],[-3.8311823331008945,40.909109986991055],[-3.8310695588901793,40.900102548154372],[-3.831058833590137,40.899245689792494],[-3.831033171732237,40.897195379790332],[-3.8309568357322736,40.891095094946557],[-3.8309520546349285,40.890712957752278],[-3.8309372830169024,40.889532264960557],[-3.8309253508359702,40.888578476522966],[-3.8308933894829944,40.886023447650778],[-3.8308792937201299,40.884896510822955],[-3.8308441636009003,40.882087627368378],[-3.8307315424698083,40.873080145420587],[-3.8307112496341467,40.871456681307365],[-3.8306931391698007,40.870007698640563],[-3.8306768343177136,40.868703088873517],[-3.8306189723127599,40.864072649103981],[-3.8305064531035402,40.855065138419299],[-3.8303939848159536,40.846057613367307],[-3.8303873948443359,40.845529699146361],[-3.83037275044807,40.844356504921713],[-3.8303593440181465,40.843282425997771],[-3.8303530879147485,40.842781187730544],[-3.8303523621981119,40.842723042578996],[-3.8303455239194104,40.842175144395661],[-3.8303249372429859,40.840525602449922],[-3.8303181337510179,40.83998043108879],[-3.8303029920291309,40.838767054314445],[-3.8302882469348978,40.837585389810513],[-3.8302815674238233,40.837050073948781],[-3.8302317018814898,40.833053244575595],[-3.830213207466997,40.831570673084713],[-3.8301763872849626,40.828618719375605],[-3.8301743064054099,40.828451877638734],[-3.8301692009009951,40.828042520164502],[-3.8299443242439355,40.828044138174349]]]},"properties":{"FID":110,"Malla10km_":"30TVL32","Sheet1__Ur":" ","Sheet1__CU":" ","Sheet1__Ob":0}},{"type":"Feature","id":111,"geometry":{"type":"Polygon","coordinates":[[[-3.8273234892427128,40.737978569140992],[-3.8272680122117642,40.73797896679455],[-3.8271769697239044,40.737979619319802],[-3.8224189461439435,40.738013621354384],[-3.8172059354489312,40.738050649637238],[-3.8053634932933469,40.738133892026148],[-3.8046656391082716,40.738138759437405],[-3.804135363415599,40.738142455196318],[-3.8036044908293092,40.738146152674624],[-3.8013507830961664,40.738161822350293],[-3.7949021734497768,40.738206415386166],[-3.7935210019992494,40.738215919526226],[-3.7931746450391843,40.738218300291194],[-3.7915152641633396,40.738229692010862],[-3.7898094763412047,40.738241377446286],[-3.7883747202473543,40.738251186666986],[-3.786724766009836,40.738262445115396],[-3.7864539183271115,40.738264290988248],[-3.7816784622888404,40.738296732123011],[-3.7811624233051684,40.73830022590333],[-3.7729679541960817,40.738355396331592],[-3.7725059474068021,40.738358489530754],[-3.770339766542695,40.738372967744773],[-3.7698358748843517,40.738376329802193],[-3.7694043343607473,40.738379207370663],[-3.765835798263232,40.738402940990674],[-3.7656349442005785,40.738404273550749],[-3.7598323816616679,40.738442619549652],[-3.7579932405080161,40.738454712549746],[-3.753710099582543,40.738482762099139],[-3.7470600928659188,40.738525996848495],[-3.7464305297689418,40.738530070071974],[-3.7461505598821074,40.738531880351779],[-3.7454339437262227,40.738536510883726],[-3.7343078337288902,40.73860783319472],[-3.7283791541454026,40.738645400069053],[-3.7254345612340396,40.738663945182047],[-3.7249546286257909,40.738666960687965],[-3.7229346921716293,40.738679630447805],[-3.7224650627706746,40.738682571065063],[-3.7181416964944671,40.738709552348631],[-3.7106222477297637,40.738756093949682],[-3.7107181319179374,40.747764040877819],[-3.7107295740286581,40.748838709688918],[-3.710767966639346,40.752444204956362],[-3.7108140594791186,40.756771972613691],[-3.7108248083925721,40.757781078259029],[-3.7108917644225157,40.764065740521829],[-3.7108992001576584,40.764763554634932],[-3.7109093031797751,40.765711643678728],[-3.7109100304643468,40.765779891858926],[-3.7109187805847292,40.766600982300602],[-3.7109304542342736,40.767696356849449],[-3.7109417907654554,40.768760040668433],[-3.710975377520374,40.771911083334693],[-3.7110060448671094,40.774787795910406],[-3.7110215593272722,40.776242951818027],[-3.7110327202562128,40.777289708684748],[-3.7111021027192885,40.783795685668167],[-3.7111112367905581,40.784652026446473],[-3.7111231703188414,40.785770767249851],[-3.7111390019703765,40.787254850776485],[-3.7111536928504529,40.788631897319007],[-3.7111843331154706,40.791503648554063],[-3.7111961446460651,40.792610570323816],[-3.7111982040431939,40.792803561131493],[-3.7112026721413285,40.793222270355564],[-3.7112050007706561,40.79344048466006],[-3.7112098485532292,40.793894759438714],[-3.7112532143828685,40.797958010910506],[-3.7112774434917699,40.800227845241466],[-3.7112943488611418,40.801811422299657],[-3.7113016541968156,40.802495696062095],[-3.7113090512751263,40.803188539093647],[-3.7113162057482367,40.803858635629538],[-3.7113434103797291,40.806406447391367],[-3.7113556079722332,40.807548689631702],[-3.7113905371954781,40.810819269171901],[-3.7114867690685536,40.819827101747507],[-3.711583044502742,40.828834920025756],[-3.723441868247503,40.82876116460185],[-3.7353006476827164,40.828686190349956],[-3.7410923362002237,40.828649130715583],[-3.7438087238846953,40.828631649024125],[-3.7460173595706903,40.828617387893196],[-3.7470622718970774,40.828610626172662],[-3.7471593820823559,40.828609997283316],[-3.7485648159016729,40.828600886486072],[-3.7534751694971642,40.828568920442322],[-3.7574759916157268,40.828542720850059],[-3.7582676943699109,40.828537519897239],[-3.7590180707204057,40.828532585415438],[-3.7591786753958916,40.82853152864346],[-3.7593366370272556,40.828530489044468],[-3.760604115280946,40.828522139509687],[-3.7639701593166941,40.828499898033662],[-3.7708767128708756,40.828453954760022],[-3.7750877320051086,40.828425739600156],[-3.7827353078077852,40.828374105330965],[-3.7888713867382062,40.828332309659594],[-3.7928502188726676,40.828305033549135],[-3.7945938548051812,40.828293037142444],[-3.7948104087824404,40.828291545387351],[-3.800234463265963,40.828254048596882],[-3.8008128446400828,40.8282500351661],[-3.8064523531371206,40.828210750208775],[-3.8183108020776841,40.828127244544525],[-3.8197253246880845,40.828117202278264],[-3.8235308588559218,40.828090099150451],[-3.8299443242439355,40.828044138174349],[-3.8301692009009951,40.828042520164502],[-3.8301677225397399,40.82792398412299],[-3.8301347343192989,40.82527878119096],[-3.8300568852213295,40.819034952015166],[-3.8299513872952966,40.810570431205022],[-3.8299455815292416,40.810104506479369],[-3.8299446203587104,40.810027369501647],[-3.8299102091710902,40.807265565135872],[-3.8298513567110564,40.802541239519883],[-3.8298430311884442,40.801872825205407],[-3.8298382764485761,40.801491080963579],[-3.8298324401917472,40.80102249482573],[-3.8298324062870406,40.801019772624684],[-3.8297821781369392,40.796986555858872],[-3.8297793188465623,40.796756936073159],[-3.8297767562015617,40.796551136599732],[-3.8297766301590994,40.796541014396524],[-3.8297739201458203,40.796323377719403],[-3.8297688198473021,40.795913774718649],[-3.8297683068735089,40.795872577523618],[-3.8297657104882408,40.795664059145551],[-3.8297651484912043,40.795618924295567],[-3.8297631551568667,40.795458835707919],[-3.8297603903486506,40.795236786402356],[-3.8297574132043568,40.794997681026715],[-3.8297555841428101,40.794850780957418],[-3.8297540394002652,40.794726714964625],[-3.8297484448982844,40.794277386061189],[-3.8297202429802417,40.79201216138501],[-3.8296995036806467,40.790346181495167],[-3.8296137110897801,40.783453009136252],[-3.8296081304122551,40.783004535783455],[-3.8295999582760678,40.782347789826218],[-3.8295986495441268,40.782242612808062],[-3.8295856977028571,40.781201700341761],[-3.8295439913142912,40.777849473763808],[-3.8295254514147077,40.776359113851349],[-3.8295154821580368,40.775557672689153],[-3.8294960685570421,40.773996895820765],[-3.8294933741214185,40.77378026413168],[-3.8294790634998286,40.772629655478013],[-3.8294055700209162,40.766719550183453],[-3.8293840573885842,40.764989241497702],[-3.8292720968808811,40.755981572815067],[-3.8292679572350714,40.755648443421229],[-3.8291601870079539,40.746973889773663],[-3.829054677039498,40.73847759193832],[-3.8290483277438394,40.737966192374238],[-3.8273234892427128,40.737978569140992]]]},"properties":{"FID":111,"Malla10km_":"30TVL31","Sheet1__Ur":" ","Sheet1__CU":" ","Sheet1__Ob":0}},{"type":"Feature","id":112,"geometry":{"type":"Polygon","coordinates":[[[-3.8255405984748911,40.647905554283774],[-3.8213120513083489,40.6479357082356],[-3.8210965878607324,40.647937240568069],[-3.8161060549064922,40.647972619718942],[-3.8154193443062701,40.647977471100916],[-3.8149185508850665,40.647981006464498],[-3.8143820406734128,40.647984791561605],[-3.8106416072596314,40.64801111116315],[-3.8088916955082195,40.648023382830473],[-3.8083835939187138,40.648026941043831],[-3.805840734676956,40.648044714979491],[-3.8042795473169444,40.648055599533208],[-3.7924529908398559,40.6481373682902],[-3.7825038122337973,40.648205218655036],[-3.7810365222901825,40.648215152583603],[-3.7806263861937386,40.648217925975501],[-3.7805870505146406,40.648218191891736],[-3.7801959660242215,40.648220834964093],[-3.7687997340971386,40.648297272574887],[-3.7569730352686057,40.648375408074379],[-3.7563243983252632,40.648379658384734],[-3.7517706005505072,40.648409395372298],[-3.7501411955994657,40.648419992003753],[-3.748867101167594,40.648428261897877],[-3.7451462904267165,40.648452332460209],[-3.739447258669903,40.648488967997864],[-3.7351524677173296,40.648516390674729],[-3.7348083082043537,40.648518581254514],[-3.7333195002900581,40.648528045718798],[-3.7214926655772449,40.648602547836795],[-3.7096657870068968,40.648675838801061],[-3.7096891195500956,40.650878187488487],[-3.709761238598972,40.657683929503705],[-3.7097889562695268,40.660298974697497],[-3.7098037236168908,40.661692070963298],[-3.7098053719600315,40.661847563420686],[-3.7098061890810419,40.661924644100424],[-3.7098140185291042,40.662663196623555],[-3.7098567333329182,40.666692004120762],[-3.7098729485393078,40.668221188303967],[-3.7099522712594646,40.675700065353865],[-3.7100478523911709,40.684708112301472],[-3.7101434767501598,40.693716144962842],[-3.710178025215908,40.696969684303319],[-3.7101972254785958,40.698777603855667],[-3.7102391443585683,40.702724163337209],[-3.7102666349374314,40.705311907799334],[-3.7103044328339041,40.708869350463416],[-3.7103348552385529,40.711732167423818],[-3.7103456839245434,40.712751071590176],[-3.7104306094122852,40.720740157221933],[-3.7105264069019546,40.729748132730791],[-3.7106222477297637,40.738756093949682],[-3.7181416964944671,40.738709552348631],[-3.7224650627706746,40.738682571065063],[-3.7229346921716293,40.738679630447805],[-3.7249546286257909,40.738666960687965],[-3.7254345612340396,40.738663945182047],[-3.7283791541454026,40.738645400069053],[-3.7343078337288902,40.73860783319472],[-3.7454339437262227,40.738536510883726],[-3.7461505598821074,40.738531880351779],[-3.7464305297689418,40.738530070071974],[-3.7470600928659188,40.738525996848495],[-3.753710099582543,40.738482762099139],[-3.7579932405080161,40.738454712549746],[-3.7598323816616679,40.738442619549652],[-3.7656349442005785,40.738404273550749],[-3.765835798263232,40.738402940990674],[-3.7694043343607473,40.738379207370663],[-3.7698358748843517,40.738376329802193],[-3.770339766542695,40.738372967744773],[-3.7725059474068021,40.738358489530754],[-3.7729679541960817,40.738355396331592],[-3.7811624233051684,40.73830022590333],[-3.7816784622888404,40.738296732123011],[-3.7864539183271115,40.738264290988248],[-3.786724766009836,40.738262445115396],[-3.7883747202473543,40.738251186666986],[-3.7898094763412047,40.738241377446286],[-3.7915152641633396,40.738229692010862],[-3.7931746450391843,40.738218300291194],[-3.7935210019992494,40.738215919526226],[-3.7949021734497768,40.738206415386166],[-3.8013507830961664,40.738161822350293],[-3.8036044908293092,40.738146152674624],[-3.804135363415599,40.738142455196318],[-3.8046656391082716,40.738138759437405],[-3.8053634932933469,40.738133892026148],[-3.8172059354489312,40.738050649637238],[-3.8224189461439435,40.738013621354384],[-3.8271769697239044,40.737979619319802],[-3.8272680122117642,40.73797896679455],[-3.8273234892427128,40.737978569140992],[-3.8290483277438394,40.737966192374238],[-3.8289365190625988,40.728958480617578],[-3.8288247609383079,40.719950754504445],[-3.8287535073800236,40.714205569267051],[-3.8287130533450666,40.710943014035692],[-3.8287097502930907,40.710676604330231],[-3.8286908403745872,40.709151344289651],[-3.8286676089921463,40.707277357707795],[-3.8286490268965516,40.705778283910853],[-3.8286101717298382,40.702643354304449],[-3.8286013962569916,40.701935259212071],[-3.8285987446613765,40.701721296331371],[-3.8285949210756516,40.70141275901932],[-3.8285872597727364,40.700794529650452],[-3.8285726564550684,40.69961606058925],[-3.8285624376230221,40.698791372301258],[-3.8285404069300908,40.697013317286739],[-3.828535720054564,40.696635027997353],[-3.8285235275866891,40.695650910057999],[-3.8285092563195287,40.694498939362788],[-3.8284997041606701,40.693727855761104],[-3.8284937948396882,40.693250819750624],[-3.8284897896482182,40.692927490034315],[-3.828481503932629,40.69225858692581],[-3.8284180600678805,40.687136037334682],[-3.8284134823264226,40.686766372721756],[-3.8283782334929017,40.683919706503275],[-3.8283747978283404,40.683642223283087],[-3.8283497424975574,40.681618499286671],[-3.8283120139850899,40.678570770666447],[-3.8282818219561223,40.67613150599955],[-3.828266727765222,40.674911908619769],[-3.8281977486345768,40.669337501715717],[-3.8281552724393682,40.665904096384509],[-3.8281542374902249,40.665820432708223],[-3.8281091779660934,40.662177549140857],[-3.828062771097644,40.658425039372034],[-3.8280438674895558,40.656896269798338],[-3.8280146884176958,40.654536273474129],[-3.8279431674648561,40.648750489379097],[-3.8279363315483419,40.64819740040361],[-3.8279325128900217,40.647888428862018],[-3.8255405984748911,40.647905554283774]]]},"properties":{"FID":112,"Malla10km_":"30TVL30","Sheet1__Ur":" ","Sheet1__CU":" ","Sheet1__Ob":0}},{"type":"Feature","id":113,"geometry":{"type":"Polygon","coordinates":[[[-3.8202101487208884,40.557856360581596],[-3.8199692693262319,40.557858070527558],[-3.8163676871484959,40.55788357740736],[-3.8150111349844065,40.557893155575293],[-3.8108700544071126,40.55792229583799],[-3.8047788417624329,40.557964889152743],[-3.8032004901106391,40.557975873511502],[-3.7957377775136423,40.558027517365204],[-3.791389796598426,40.558057384211821],[-3.7877468593260941,40.558082282018802],[-3.7863629038813502,40.55809171060713],[-3.7862707279375027,40.558092337992896],[-3.7854851789238042,40.558097681764366],[-3.7795790551626265,40.558137687661898],[-3.7785389350587617,40.558144701778062],[-3.7754830485036899,40.558165255164965],[-3.7731340799261126,40.55818099898562],[-3.7677682665181211,40.558216783847591],[-3.7576830497405904,40.558283368148857],[-3.7572411670899895,40.558286265397967],[-3.7559574313798012,40.558294672754961],[-3.7441465504625833,40.558371354370344],[-3.7323356244813977,40.558446828680239],[-3.730306151855983,40.558459675860426],[-3.7205246541511925,40.558521095671324],[-3.7142411547637586,40.558560113989529],[-3.7124898952558141,40.558570927790484],[-3.7122580933991225,40.558572357147341],[-3.7115576845745517,40.558576673243302],[-3.7113877820086132,40.55857771958577],[-3.7087136401869314,40.558594155330546],[-3.708725209194669,40.55969114295695],[-3.7087295256695865,40.560100420935413],[-3.7087785587335058,40.564749028775545],[-3.7088006694035878,40.566844887832943],[-3.7088086613710702,40.567602387930428],[-3.7088704373347157,40.573456705122076],[-3.7088893187199665,40.575245691516066],[-3.7089004355154507,40.57629891791337],[-3.7089037254961914,40.576610606253915],[-3.7089177704559591,40.577941151817186],[-3.7089307091834125,40.57916681990045],[-3.7089760783187637,40.583463979151276],[-3.7089988325842191,40.585618810300311],[-3.7090164291463252,40.587285046191184],[-3.709021542681374,40.587769225682607],[-3.7090939826570954,40.594627000068797],[-3.7091891757272539,40.603635174657796],[-3.7092844118452342,40.612643336769011],[-3.7093391247973879,40.617816660092942],[-3.7093514699412902,40.618983755372604],[-3.7093544105375527,40.619261745746549],[-3.7093796910044623,40.62165148369921],[-3.7094750132364629,40.630659616348446],[-3.7095703785632614,40.639667734716006],[-3.7096657870068968,40.648675838801061],[-3.7214926655772449,40.648602547836795],[-3.7333195002900581,40.648528045718798],[-3.7348083082043537,40.648518581254514],[-3.7351524677173296,40.648516390674729],[-3.739447258669903,40.648488967997864],[-3.7451462904267165,40.648452332460209],[-3.748867101167594,40.648428261897877],[-3.7501411955994657,40.648419992003753],[-3.7517706005505072,40.648409395372298],[-3.7563243983252632,40.648379658384734],[-3.7569730352686057,40.648375408074379],[-3.7687997340971386,40.648297272574887],[-3.7801959660242215,40.648220834964093],[-3.7805870505146406,40.648218191891736],[-3.7806263861937386,40.648217925975501],[-3.7810365222901825,40.648215152583603],[-3.7825038122337973,40.648205218655036],[-3.7924529908398559,40.6481373682902],[-3.8042795473169444,40.648055599533208],[-3.805840734676956,40.648044714979491],[-3.8083835939187138,40.648026941043831],[-3.8088916955082195,40.648023382830473],[-3.8106416072596314,40.64801111116315],[-3.8143820406734128,40.647984791561605],[-3.8149185508850665,40.647981006464498],[-3.8154193443062701,40.647977471100916],[-3.8161060549064922,40.647972619718942],[-3.8210965878607324,40.647937240568069],[-3.8213120513083489,40.6479357082356],[-3.8255405984748911,40.647905554283774],[-3.8279325128900217,40.647888428862018],[-3.8278937401759769,40.644751016759919],[-3.8278882316387017,40.644305236491888],[-3.8278741498664695,40.643165618754317],[-3.8278706809215075,40.642884871947224],[-3.8278471025461251,40.64097653424168],[-3.8278418940476322,40.640554954849101],[-3.8278212086261423,40.638880574477184],[-3.8278191092822405,40.63871063530253],[-3.8277149763267313,40.630279381607231],[-3.8277099546388058,40.629872703942226],[-3.8276566667255278,40.625556708755475],[-3.8276413128871045,40.62431296763495],[-3.827630583731644,40.62344380376102],[-3.8275987509356888,40.620864819960318],[-3.827487597479974,40.611856921631492],[-3.8274671990049676,40.610203381383485],[-3.8274567167344906,40.609353614506084],[-3.827407673010089,40.605377300798338],[-3.8273764942459896,40.602849008956511],[-3.827373559875034,40.602611043694559],[-3.8273143616101848,40.597809702007901],[-3.8272768691980872,40.59476823749511],[-3.8272654412080849,40.593841081936219],[-3.8271544383517262,40.584833141472174],[-3.8271090626327409,40.581149701452638],[-3.8270713591762142,40.578088548917592],[-3.8270434856180069,40.575825184862808],[-3.8269325830146275,40.566817214811323],[-3.8269233240675589,40.566064979922679],[-3.8269123130068023,40.565170359045737],[-3.8268716626287755,40.561867269591545],[-3.8268463222359164,40.559807931291601],[-3.8268217305049141,40.557809230417732],[-3.8202101487208884,40.557856360581596]]]},"properties":{"FID":113,"Malla10km_":"30TVK39","Sheet1__Ur":" ","Sheet1__CU":" ","Sheet1__Ob":0}},{"type":"Feature","id":114,"geometry":{"type":"Polygon","coordinates":[[[-3.7729725773115863,41.008604904854685],[-3.7610817014449176,41.008684033321074],[-3.7587339502417123,41.008699511532527],[-3.7505436238062262,41.008753134129051],[-3.7500592384418501,41.008756287202317],[-3.7491907786092655,41.008761935284937],[-3.7372998095381291,41.008838610732397],[-3.7302893111202917,41.00888324103078],[-3.7255572357222064,41.008913125349792],[-3.7254087949650456,41.008914059649861],[-3.7253117001406362,41.0089146706704],[-3.7253007264163629,41.00891473972321],[-3.7243501912636945,41.008920717057777],[-3.7239542143361106,41.00892320480154],[-3.7238351916523298,41.008923952301267],[-3.7231911080948632,41.008927995215394],[-3.7226758528800321,41.008931226882218],[-3.7225050494224998,41.008932297648549],[-3.7213819356597133,41.008939332140727],[-3.7208776269184112,41.008942487259283],[-3.7150318609245616,41.008978899221958],[-3.7135177356235536,41.008988282023914],[-3.7135191004001378,41.009114790108406],[-3.7135343691847051,41.010530076341638],[-3.7135361554018891,41.010695636848496],[-3.7135438961747198,41.011413095911799],[-3.7135451268196547,41.011527156723297],[-3.713547549845809,41.011751730000917],[-3.713549602835946,41.011942005246148],[-3.7136149310391131,41.017995799890244],[-3.7136531774518335,41.0215391369222],[-3.7137121705122658,41.027003303443429],[-3.7137184164758312,41.02758174061745],[-3.71380556261269,41.035650561490684],[-3.713809454065776,41.036010792682752],[-3.713906781732156,41.045018268508201],[-3.7140041535050017,41.054025728216942],[-3.7141015694363322,41.063033174510451],[-3.7141319234433037,41.065838983959353],[-3.7141327693366408,41.065917169441526],[-3.7141990295392433,41.072040606487299],[-3.7142085934361848,41.072924297698904],[-3.7142097748244121,41.073033453644861],[-3.7145103842285532,41.07279671177195],[-3.7150093709616856,41.072403733829141],[-3.715256744143018,41.072208912427577],[-3.7159779482903881,41.071640908332085],[-3.7166109880096796,41.071145323985846],[-3.7199807141441386,41.067119350256505],[-3.7200697331993995,41.066774068224568],[-3.7203480996984997,41.065694328609297],[-3.7203727343993598,41.065598772289249],[-3.7214228799798432,41.06503194769946],[-3.7256182787822221,41.062502935836335],[-3.7304393887459111,41.061452167005008],[-3.7305676255301887,41.061424214656249],[-3.7307724560130913,41.061258157020788],[-3.7336615799758692,41.058915792833147],[-3.7340526667061997,41.058598699954445],[-3.7343648110871626,41.058345609247013],[-3.7344808453073508,41.058251528384261],[-3.736099826518235,41.056938791573096],[-3.7369013601446293,41.056326448148404],[-3.7394352020775905,41.054411101101522],[-3.7394627542534389,41.05439027335575],[-3.7398767888517694,41.054077288542906],[-3.7404472285194883,41.05364713227921],[-3.7403485476686575,41.053101273986655],[-3.7397996763031873,41.051760014679424],[-3.7390010041586574,41.049713003263847],[-3.7427146864284637,41.045761986536647],[-3.7430883594044371,41.045364401240498],[-3.7453304875316027,41.042040731550927],[-3.7473551580467284,41.039063974086439],[-3.7487887368420654,41.036433326874374],[-3.7497487815836341,41.035066868677909],[-3.7505915719106779,41.033854301474328],[-3.7529260586654121,41.030965508368979],[-3.7556847294122173,41.027740588231417],[-3.7590410090342568,41.027070866208973],[-3.7641653926821266,41.022280060582119],[-3.764894868225539,41.021597996090442],[-3.7659203092589273,41.020829745661075],[-3.7665554862891995,41.01983195451016],[-3.7667496431226866,41.019526949722611],[-3.7669218015787074,41.018933173419704],[-3.7672889975298212,41.01598354376091],[-3.7700036996559665,41.013713987438578],[-3.7710813156902274,41.012279879872501],[-3.7726001157008731,41.01000169337091],[-3.7737906630662046,41.00859941575402],[-3.7729725773115863,41.008604904854685]]]},"properties":{"FID":114,"Malla10km_":"30TVL34","Sheet1__Ur":" ","Sheet1__CU":" ","Sheet1__Ob":0}}]}